date,open,close,high,low,amount
2018-01-02,1181.19,1186.46,1192.29,1155.24,315252.33
2018-01-03,1185.35,1190.9,1202.84,1176.33,284614.26
2018-01-04,1189.38,1219.91,1228.52,1186.74,360577.06
2018-01-05,1216.86,1215.61,1226.3,1197.84,231958.09
2018-01-08,1214.36,1208.95,1228.52,1200.62,286818.34
2018-01-09,1211.72,1263.08,1263.08,1211.17,388364.6
2018-01-10,1268.49,1301.94,1305.54,1247.95,342458.66
2018-01-11,1299.72,1288.89,1314.15,1280.15,254778.62
2018-01-12,1288.89,1336.22,1341.49,1284.17,320923.56
2018-01-15,1333.86,1341.49,1361.34,1326.64,379644.08
2018-01-16,1325.67,1328.58,1351.9,1315.4,366155.22
2018-01-17,1321.37,1261.83,1332.75,1256.83,496108.96
2018-01-18,1265.99,1267.24,1294.3,1238.09,429700.9
2018-01-19,1267.24,1250.17,1273.9,1238.23,382003.65
2018-01-22,1257.11,1323.03,1324.14,1257.11,445823.53
2018-01-23,1323.03,1313.18,1328.31,1295.14,384681.66
2018-01-24,1311.37,1280.42,1311.37,1270.85,349695.75
2018-01-25,1270.01,1261.69,1276.82,1236.43,421128.92
2018-01-26,1254.75,1273.35,1286.25,1249.47,312053.75
2018-01-29,1270.01,1207.28,1270.01,1202.01,591383.27
2018-01-30,1193.68,1197.84,1221.16,1180.08,374621.77
2018-01-31,1196.73,1239.2,1249.06,1196.73,417881.43
2018-02-01,1228.38,1219.77,1231.85,1194.79,445689.53
2018-02-02,1208.25,1210.06,1232.26,1188.54,348582.28
2018-02-05,1168.84,1148.85,1174.25,1111.38,713302.26
2018-02-06,1122.9,1129.0,1147.19,1107.63,541969.19
2018-02-07,1144.96,1053.78,1152.04,1041.29,703814.93
2018-02-08,1051.42,1067.66,1093.47,1051.42,544906.99
2018-02-09,1028.8,1056.28,1059.05,997.01,588920.94
2018-02-12,1067.38,1100.69,1109.02,1067.38,446022.48
2018-02-13,1110.27,1110.41,1136.08,1109.02,283840.41
2018-02-14,1124.29,1131.22,1132.06,1102.36,208043.03
2018-02-22,1147.88,1179.8,1181.61,1145.1,290978.29
2018-02-23,1178.55,1173.42,1192.01,1157.87,189117.04
2018-02-26,1172.86,1157.87,1177.72,1136.78,320269.64
2018-02-27,1164.4,1124.29,1165.92,1121.51,290749.02
2018-02-28,1095.14,1099.03,1119.84,1081.26,330101.9
2018-03-01,1092.36,1099.58,1115.4,1088.62,254649.28
2018-03-02,1092.36,1087.09,1106.24,1074.32,246606.97
2018-03-05,1092.5,1068.63,1101.8,1067.52,211151.32
2018-03-06,1077.93,1084.59,1085.56,1039.9,406942.35
2018-03-07,1084.59,1085.15,1110.13,1081.26,283760.8
2018-03-08,1092.22,1135.39,1136.22,1085.42,395204.11
2018-03-09,1140.94,1138.16,1156.07,1125.4,245528.54
2018-03-12,1145.1,1124.98,1147.88,1115.4,242334.36
2018-03-13,1126.23,1103.61,1136.64,1102.08,231137.6
2018-03-14,1095.14,1116.65,1118.32,1082.65,240224.56
2018-03-15,1118.46,1150.66,1154.54,1118.32,373403.76
2018-03-16,1153.43,1134.97,1160.93,1134.28,205189.37
2018-03-19,1127.62,1146.63,1152.74,1122.9,210195.73
2018-03-20,1130.67,1118.04,1136.08,1103.88,239324.35
2018-03-21,1127.34,1102.36,1130.95,1097.64,243100.66
2018-03-22,1096.25,1069.19,1103.61,1067.38,328495.45
2018-03-23,1039.62,1058.64,1060.16,1022.97,321383.45
2018-03-26,1046.98,1039.48,1053.5,1027.13,278668.06
2018-03-27,1053.5,1018.39,1061.14,1002.15,541147.58
2018-03-28,999.37,966.62,1014.09,965.51,662488.5
2018-03-29,977.17,1004.93,1009.78,954.68,522912.2
2018-03-30,1001.46,989.1,1007.01,982.86,314311.19
2018-04-02,982.72,990.08,1009.23,970.51,331057.4
2018-04-03,982.72,999.65,1006.87,981.75,396232.08
2018-04-04,1004.65,1038.24,1048.78,1003.68,500768.76
2018-04-09,1038.1,1036.15,1047.81,1023.66,241021.41
2018-04-10,1036.15,1044.9,1044.9,1029.21,207430.86
2018-04-11,1050.17,1043.93,1059.05,1039.76,240838.7
2018-04-12,1043.65,1028.52,1049.34,1027.83,207163.96
2018-04-13,1038.1,1011.59,1043.09,1005.34,236599.99
2018-04-16,1007.7,1011.45,1025.47,998.12,223977.6
2018-04-17,1017.42,997.99,1022.27,992.43,200557.26
2018-04-18,1006.31,988.69,1011.03,972.31,239505.33
2018-04-19,1002.15,1044.76,1046.56,989.94,370867.67
2018-04-20,1039.62,1034.49,1058.36,1024.08,307060.27
2018-04-23,1029.91,1035.32,1046.56,1021.3,214696.76
2018-04-24,1039.62,1073.35,1075.71,1039.62,369737.42
2018-04-25,1066.13,1072.1,1076.4,1063.22,174748.27
2018-04-26,1065.99,1027.13,1066.13,1022.97,283516.99
2018-04-27,1039.21,1011.59,1039.21,995.21,236215.86
2018-05-02,1028.52,1056.56,1056.97,1012.0,348306.25
2018-05-03,1057.53,1092.36,1094.86,1046.56,319841.17
2018-05-04,1088.89,1079.87,1094.31,1078.48,198829.75
2018-05-07,1085.15,1122.9,1125.4,1080.98,344448.73
2018-05-08,1120.12,1123.45,1134.69,1113.6,285320.17
2018-05-09,1120.12,1126.37,1128.03,1106.94,209262.2
2018-05-10,1128.03,1150.38,1153.29,1127.75,283044.27
2018-05-11,1158.29,1137.61,1169.39,1136.78,222389.63
2018-05-14,1145.94,1155.1,1164.26,1140.94,228929.25
2018-05-15,1154.96,1169.81,1171.47,1143.44,233696.01
2018-05-16,1170.5,1166.89,1179.94,1163.84,261351.49
2018-05-17,1170.09,1137.75,1173.42,1131.22,268731.52
2018-05-18,1135.53,1144.96,1150.38,1115.96,216570.75
2018-05-21,1152.04,1139.27,1165.37,1131.5,186791.08
2018-05-22,1135.39,1145.8,1151.77,1124.98,172875.56
2018-05-23,1143.72,1129.0,1152.6,1127.48,194626.06
2018-05-24,1128.45,1095.42,1136.5,1095.14,288808.5
2018-05-25,1095.42,1099.3,1118.18,1095.28,247337.27
2018-05-28,1107.35,1143.02,1143.02,1098.75,349508.78
2018-05-29,1143.72,1127.62,1166.75,1124.7,329253.26
2018-05-30,1118.04,1134.0,1151.77,1096.53,267655.7
2018-05-31,1147.74,1164.26,1172.72,1134.69,415294.27
2018-06-01,1159.54,1159.26,1177.03,1147.05,276379.2
2018-06-04,1162.87,1203.4,1207.98,1149.27,457021.4
2018-06-05,1206.17,1217.27,1230.18,1187.02,395105.95
2018-06-06,1216.58,1207.7,1228.38,1203.4,281190.42
2018-06-07,1211.72,1190.21,1217.0,1184.52,240228.67
2018-06-08,1182.99,1183.83,1199.09,1166.34,256876.84
2018-06-11,1183.27,1212.83,1228.1,1179.52,417894.36
2018-06-12,1217.69,1261.69,1268.21,1208.39,460432.4
2018-06-13,1258.77,1254.33,1270.85,1248.22,286972.53
2018-06-14,1253.08,1239.62,1263.21,1215.19,265874.16
2018-06-15,1233.93,1223.52,1241.01,1214.64,240696.32
2018-06-19,1206.17,1176.75,1216.3,1168.56,380422.3
2018-06-20,1178.41,1207.0,1208.95,1172.72,263426.17
2018-06-21,1202.01,1190.63,1225.05,1189.52,265823.82
2018-06-22,1183.96,1180.91,1188.13,1164.95,248933.8
2018-06-25,1192.57,1207.7,1229.35,1192.57,366609.63
2018-06-26,1204.78,1198.95,1219.08,1179.11,289825.18
2018-06-27,1192.29,1130.53,1200.62,1126.92,422711.93
2018-06-28,1112.07,1090.28,1119.29,1082.23,332434.47
2018-06-29,1095.14,1122.9,1132.33,1085.42,229573.58
2018-07-02,1123.04,1099.03,1147.32,1088.62,262214.08
2018-07-03,1089.59,1072.66,1107.63,1033.79,417057.67
2018-07-04,1068.49,1049.34,1080.84,1047.26,248263.84
2018-07-05,1063.08,1051.0,1077.24,1035.46,328583.02
2018-07-06,1056.28,1066.27,1085.15,1042.12,331769.15
2018-07-09,1079.59,1106.8,1106.94,1063.22,321101.14
2018-07-10,1107.21,1104.44,1114.99,1086.53,220143.56
2018-07-11,1074.32,1086.53,1094.31,1070.57,191724.67
2018-07-12,1085.42,1111.79,1123.87,1085.15,283136.29
2018-07-13,1116.65,1137.47,1139.55,1106.38,275656.53
2018-07-16,1135.8,1132.89,1150.52,1125.67,204077.27
2018-07-17,1134.0,1113.74,1136.36,1101.38,189545.7
2018-07-18,1118.46,1103.61,1124.29,1101.8,166593.54
2018-07-19,1112.9,1104.58,1114.71,1098.61,144567.06
2018-07-20,1101.8,1105.27,1110.82,1078.48,250617.59
2018-07-23,1099.3,1087.09,1111.79,1068.91,298994.6
2018-07-24,1088.89,1127.48,1129.0,1079.59,379244.39
2018-07-25,1129.0,1127.06,1134.0,1120.4,235532.11
2018-07-26,1128.59,1115.82,1130.95,1113.18,203077.25
2018-07-27,1113.18,1115.82,1126.64,1104.58,163949.08
2018-07-30,1116.51,1093.75,1118.73,1084.45,198721.02
2018-07-31,1090.98,1087.51,1098.75,1081.68,149531.96
2018-08-01,1096.53,1057.94,1096.53,1057.39,260916.72
2018-08-02,1057.67,1028.8,1057.94,1010.75,335334.44
2018-08-03,1029.91,997.57,1029.91,997.43,264072.1
2018-08-06,989.52,979.11,1002.15,972.73,257040.67
2018-08-07,988.27,1008.81,1011.45,974.39,277343.78
2018-08-08,1010.48,980.5,1010.48,977.72,236818.12
2018-08-09,975.78,1007.15,1009.09,971.89,263990.41
2018-08-10,1005.76,1002.84,1018.67,992.99,212833.69
2018-08-13,991.74,980.08,991.74,961.9,365521.37
2018-08-14,988.13,989.66,1001.04,975.92,294337.38
2018-08-15,989.8,965.09,989.8,964.4,207112.86
2018-08-16,951.21,934.84,966.2,934.7,308055.73
2018-08-17,944.55,927.34,950.8,923.04,259935.42
2018-08-20,932.62,947.05,948.72,913.05,291249.79
2018-08-21,947.33,978.97,983.55,945.25,355392.12
2018-08-22,974.25,970.09,979.53,964.4,147732.68
2018-08-23,974.11,976.47,985.91,963.01,178918.1
2018-08-24,973.0,959.96,973.0,953.57,184769.28
2018-08-27,961.9,992.57,992.57,961.9,340401.26
2018-08-28,1002.57,978.56,1004.65,973.98,390976.78
2018-08-29,978.42,969.95,981.47,965.23,242285.64
2018-08-30,970.23,966.06,981.33,962.18,189692.37
2018-08-31,960.37,945.25,960.37,941.5,244560.55
2018-09-03,934.14,946.22,948.99,934.0,208324.53
2018-09-04,950.38,957.32,959.96,941.08,194838.65
2018-09-05,957.04,931.37,957.04,929.98,217130.48
2018-09-06,925.82,914.85,941.64,907.49,319221.95
2018-09-07,923.04,929.56,934.84,916.1,222726.04
2018-09-10,931.64,924.15,932.2,908.88,195919.16
2018-09-11,924.15,932.75,937.61,921.65,202919.36
2018-09-12,932.75,914.02,932.75,913.19,191607.79
2018-09-13,924.29,918.6,927.9,899.17,206865.36
2018-09-14,925.12,940.11,948.85,914.71,294960.29
2018-09-17,938.31,944.69,954.41,933.17,235508.59
2018-09-18,941.36,963.43,968.84,932.89,263861.24
2018-09-19,960.37,980.5,995.63,959.12,411364.31
2018-09-20,979.94,979.8,986.19,974.81,164165.71
2018-09-21,982.72,1007.98,1013.25,982.3,331030.04
2018-09-25,999.65,992.43,1007.56,986.61,195150.14
2018-09-26,997.99,1018.8,1034.07,996.32,438041.28
2018-09-27,1015.89,1021.16,1024.36,1008.12,216315.63
2018-09-28,1022.55,1029.21,1034.07,1013.25,233828.49
2018-10-08,1000.48,967.17,1006.04,967.17,370570.18
2018-10-09,968.29,965.51,980.22,957.74,214204.64
2018-10-10,967.45,930.12,970.23,925.82,419605.88
2018-10-11,897.64,901.11,921.24,891.4,457450.39
2018-10-12,902.22,921.79,925.95,899.45,371526.79
2018-10-15,921.93,901.67,925.12,899.17,256200.23
2018-10-16,902.22,904.58,918.18,895.28,152527.93
2018-10-17,917.49,910.55,918.6,886.95,262416.78
2018-10-18,902.36,891.12,907.36,887.79,177303.18
2018-10-19,888.34,911.8,915.27,871.27,368965.32
2018-10-22,921.93,953.3,960.51,921.79,445531.85
2018-10-23,948.72,891.12,948.72,879.74,542433.18
2018-10-24,871.69,867.38,884.18,846.84,440495.34
2018-10-25,848.79,846.7,854.75,835.88,290302.42
2018-10-26,848.09,839.77,855.87,835.6,231604.45
2018-10-29,793.27,764.4,793.96,764.4,379558.51
2018-10-30,735.67,745.25,763.99,725.4,550241.93
2018-10-31,752.33,754.41,762.74,745.25,461994.89
2018-11-01,767.59,775.23,793.27,762.18,639045.5
2018-11-02,804.79,831.3,831.3,791.88,593915.64
2018-11-05,817.0,804.37,820.33,795.35,457640.85
2018-11-06,804.1,791.19,804.1,780.36,283324.05
2018-11-07,792.72,787.03,800.9,783.14,240856.54
2018-11-08,795.91,789.66,800.77,787.03,182009.62
2018-11-09,780.22,780.22,786.19,778.56,146378.08
2018-11-12,777.87,780.78,782.72,766.21,261821.66
2018-11-13,771.76,797.43,803.54,769.95,326150.89
2018-11-14,797.43,782.45,797.57,780.92,206289.63
2018-11-15,785.08,788.27,791.74,783.0,151935.11
2018-11-16,791.19,789.66,796.46,785.78,196548.68
2018-11-19,791.74,803.54,807.57,788.41,247184.44
2018-11-20,800.63,788.55,800.9,788.41,180986.37
2018-11-21,780.22,795.77,800.07,778.7,182848.43
2018-11-22,798.13,793.83,800.63,785.08,124116.32
2018-11-23,793.69,780.36,796.74,780.09,137979.26
2018-11-26,785.64,781.33,788.97,780.09,95098.8
2018-11-27,785.22,777.03,785.22,773.7,100746.05
2018-11-28,779.67,783.42,788.83,775.37,137337.7
2018-11-29,795.77,786.05,800.63,785.64,243414.6
2018-11-30,789.8,813.26,813.26,787.03,398866.04
2018-12-03,836.57,850.73,852.26,827.27,460208.24
2018-12-04,849.48,848.79,855.17,841.29,215035.16
2018-12-05,838.24,848.23,857.95,834.91,280714.91
2018-12-06,836.3,821.72,841.99,817.98,299608.36
2018-12-07,828.8,824.5,831.02,818.95,146894.12
2018-12-10,814.64,812.42,823.8,806.32,158760.96
2018-12-11,812.7,819.22,821.58,809.51,110120.14
2018-12-12,828.52,824.08,828.52,817.42,121634.17
2018-12-13,823.8,835.74,841.85,820.33,230113.67
2018-12-14,833.24,821.58,834.21,820.61,173186.16
2018-12-17,818.11,819.22,821.72,810.76,103843.89
2018-12-18,813.53,820.89,822.28,812.01,106706.45
2018-12-19,818.95,815.62,836.3,814.92,190965.04
2018-12-20,815.48,805.9,818.11,792.72,182039.73
2018-12-21,799.52,788.41,800.9,780.78,194939.28
2018-12-24,782.86,793.41,797.43,780.92,104929.46
2018-12-25,783.83,792.02,795.35,778.0,120800.36
2018-12-26,791.74,785.78,796.46,782.86,91197.44
2018-12-27,796.74,782.17,800.63,782.17,134354.16
2018-12-28,784.53,792.3,797.43,777.59,190684.89
2019-01-02,802.29,779.25,805.07,777.73,232267.24
2019-01-03,780.64,765.65,780.64,756.08,278029.62
2019-01-04,755.52,773.7,777.03,752.33,241498.01
2019-01-07,778.7,770.51,782.17,766.62,233796.93
2019-01-08,772.87,766.48,774.53,764.54,167844.39
2019-01-09,771.9,780.5,789.38,768.29,330784.86
2019-01-10,778.42,778.14,782.17,769.4,186374.44
2019-01-11,780.78,789.66,790.77,776.2,247667.79
2019-01-14,787.03,774.4,788.27,772.87,217800.59
2019-01-15,776.62,821.31,823.11,773.29,500413.49
2019-01-16,818.95,810.62,818.95,808.26,330077.96
2019-01-17,813.4,806.73,818.81,801.74,233909.86
2019-01-18,810.62,833.94,842.54,810.62,521235.34
2019-01-21,844.62,863.36,868.49,844.21,549111.73
2019-01-22,863.36,852.4,863.36,844.62,335691.56
2019-01-23,847.82,850.45,857.11,843.93,202242.28
2019-01-24,853.64,852.26,859.89,842.54,193597.61
2019-01-25,857.11,852.95,861.28,845.59,241740.03
2019-01-28,863.36,883.76,898.75,856.42,592375.46
2019-01-29,885.57,899.17,899.17,873.08,317132.16
2019-01-30,896.53,881.12,907.36,880.01,286801.78
2019-01-31,887.09,923.04,928.04,871.83,527323.68
2019-02-01,929.98,935.25,937.75,921.93,390354.08
2019-02-11,944.83,984.11,991.46,927.2,433981.99
2019-02-12,986.19,984.8,1012.84,978.56,437641.7
2019-02-13,994.93,1003.12,1005.48,981.05,374356.49
2019-02-14,1001.46,1029.35,1034.07,996.46,446146.46
2019-02-15,1029.91,1007.7,1032.68,1003.12,311272.11
2019-02-18,1017.42,1055.86,1056.28,1017.42,439770.28
2019-02-19,1053.22,1053.09,1064.19,1038.37,339648.52
2019-02-20,1050.73,1043.93,1064.33,1027.13,296281.4
2019-02-21,1043.23,1030.6,1047.12,1023.8,283498.05
2019-02-22,1021.44,1036.85,1036.85,1013.25,238045.24
2019-02-25,1039.07,1075.15,1083.34,1022.83,593506.05
2019-02-26,1070.99,1042.68,1071.54,1041.01,450653.52
2019-02-27,1051.42,1058.5,1092.09,1045.87,488307.43
2019-02-28,1054.89,1078.48,1093.75,1036.99,394477.95
2019-03-01,1086.81,1139.55,1142.61,1081.26,493189.98
2019-03-04,1149.13,1158.29,1189.52,1134.14,612471.24
2019-03-05,1158.15,1165.51,1176.47,1151.63,332858.88
2019-03-06,1158.29,1154.68,1160.37,1140.94,341850.96
2019-03-07,1142.05,1112.77,1142.05,1102.08,464176.64
2019-03-08,1081.82,1077.65,1118.46,1071.68,421400.85
2019-03-11,1079.87,1140.94,1148.02,1079.87,453330.22
2019-03-12,1139.27,1131.22,1156.9,1123.87,345975.22
2019-03-13,1127.06,1147.88,1157.04,1122.2,320983.42
2019-03-14,1153.43,1156.9,1182.44,1137.05,438312.52
2019-03-15,1153.01,1179.52,1190.77,1127.2,407666.89
2019-03-18,1178.14,1288.89,1288.89,1175.64,785028.53
2019-03-19,1264.88,1279.73,1315.95,1256.14,614712.64
2019-03-20,1265.85,1275.57,1309.99,1257.52,404122.61
2019-03-21,1275.84,1264.46,1279.73,1259.33,218635.19
2019-03-22,1259.61,1280.42,1288.33,1252.11,287228.31
2019-03-25,1258.91,1235.46,1272.79,1228.38,333485.23
2019-03-26,1240.87,1258.49,1275.15,1240.45,323212.93
2019-03-27,1271.12,1307.21,1334.55,1259.61,494442.64
2019-03-28,1332.47,1339.41,1361.48,1307.63,607345.71
2019-03-29,1356.06,1404.64,1447.39,1351.07,574995.53
2019-04-01,1404.64,1426.43,1438.78,1390.76,548710.96
2019-04-02,1418.52,1419.35,1425.18,1394.65,356989.69
2019-04-03,1399.23,1410.19,1432.54,1399.23,247438.43
2019-04-04,1399.92,1477.23,1495.27,1393.4,516297.97
2019-04-08,1538.57,1501.79,1548.84,1474.17,535741.23
2019-04-09,1476.26,1613.1,1614.63,1475.56,473137.25
2019-04-10,1557.31,1571.19,1613.24,1515.67,673144.47
2019-04-11,1555.92,1471.26,1569.8,1440.31,676207.91
2019-04-12,1444.89,1468.76,1478.2,1432.4,410824.62
2019-04-15,1501.79,1482.36,1542.6,1474.04,464503.28
2019-04-16,1454.61,1504.71,1504.99,1433.23,474714.47
2019-04-17,1487.64,1524.28,1550.09,1478.2,423136.86
2019-04-18,1520.11,1506.51,1536.49,1499.02,278663.12
2019-04-19,1506.51,1497.08,1507.62,1472.09,302350.53
2019-04-22,1487.91,1489.72,1528.16,1480.98,350743.75
2019-04-23,1482.36,1533.85,1564.25,1480.98,521793.97
2019-04-24,1543.43,1522.61,1564.25,1487.91,362607.2
2019-04-25,1512.9,1482.36,1529.55,1482.36,324523.14
2019-04-26,1472.65,1505.54,1522.61,1472.65,410706.59
2019-04-29,1487.91,1505.82,1544.96,1457.38,578442.78
2019-04-30,1501.79,1506.79,1536.49,1487.91,299196.52
2019-05-06,1451.0,1364.67,1455.02,1364.67,716992.88
2019-05-07,1381.05,1417.96,1431.98,1381.05,517242.5
2019-05-08,1379.24,1416.85,1441.56,1377.16,333316.43
2019-05-09,1403.25,1360.37,1416.85,1335.52,525057.88
2019-05-10,1398.95,1462.93,1466.82,1385.35,597126.62
2019-05-13,1460.16,1524.0,1533.72,1432.4,521618.19
2019-05-14,1487.91,1508.46,1543.29,1487.91,431034.07
2019-05-15,1532.33,1611.44,1619.77,1517.89,647520.67
2019-05-16,1595.62,1612.55,1640.45,1582.29,426502.71
2019-05-17,1599.22,1563.69,1626.43,1543.29,501195.16
2019-05-20,1554.53,1529.55,1556.34,1496.24,398480.3
2019-05-21,1529.69,1532.33,1559.81,1500.41,418029.59
2019-05-22,1519.84,1519.98,1545.24,1487.91,281541.9
2019-05-23,1504.85,1471.68,1515.67,1464.74,428034.82
2019-05-24,1475.56,1488.19,1514.01,1471.26,324838.43
2019-05-27,1494.85,1501.79,1510.82,1453.22,351185.46
2019-05-28,1496.24,1517.06,1532.33,1492.08,427840.82
2019-05-29,1501.52,1537.19,1546.48,1496.24,431698.48
2019-05-30,1526.78,1517.48,1546.21,1501.66,249275.82
2019-05-31,1521.22,1491.38,1521.22,1488.33,288484.16
2019-06-03,1492.08,1494.3,1523.31,1474.87,261336.37
2019-06-04,1507.07,1462.79,1508.73,1455.02,320980.94
2019-06-05,1481.67,1460.85,1482.5,1458.49,235420.07
2019-06-06,1469.59,1460.02,1480.56,1451.27,217204.47
2019-06-10,1460.16,1503.74,1513.31,1442.11,345857.05
2019-06-11,1513.73,1621.85,1629.76,1507.07,641526.54
2019-06-12,1624.07,1603.25,1633.64,1586.59,384593.28
2019-06-13,1608.94,1592.01,1610.74,1569.11,274693.33
2019-06-14,1591.73,1566.47,1618.38,1562.72,348242.73
2019-06-17,1566.47,1548.98,1584.24,1526.91,300608.92
2019-06-18,1545.65,1554.26,1568.83,1528.16,232709.02
2019-06-19,1605.61,1579.52,1611.44,1578.96,378260.25
2019-06-20,1573.41,1677.64,1679.45,1571.61,631132.88
2019-06-21,1665.01,1677.78,1690.27,1653.08,428986.24
2019-06-24,1677.78,1706.65,1739.12,1664.32,428014.26
2019-06-25,1706.65,1704.43,1727.61,1664.18,387596.54
2019-06-26,1695.27,1689.44,1703.59,1680.69,203148.9
2019-06-27,1699.01,1737.74,1753.98,1699.01,446929.26
2019-06-28,1741.62,1746.76,1752.17,1718.03,270361.46
2019-07-01,1791.59,1858.48,1858.48,1789.78,479809.42
2019-07-02,1840.58,1886.24,1886.24,1839.19,382938.61
2019-07-03,1872.36,1829.48,1918.03,1804.91,714433.86
2019-07-04,1829.2,1818.1,1842.66,1779.1,483134.64
2019-07-05,1823.79,1911.36,1916.5,1816.85,562843.13
2019-07-08,1910.95,1872.78,1911.22,1837.67,466161.92
2019-07-09,1868.48,1858.48,1897.35,1837.67,367636.38
2019-07-10,1870.7,1864.45,1878.47,1850.16,246400.05
2019-07-11,1878.61,1823.79,1885.13,1814.49,421003.56
2019-07-12,1826.98,1852.66,1865.84,1815.46,334533.02
2019-07-15,1831.0,1845.85,1850.99,1796.03,294386.67
2019-07-16,1845.99,1824.9,1858.48,1819.48,229800.04
2019-07-17,1823.79,1825.17,1841.0,1809.91,198448.62
2019-07-18,1823.93,1789.09,1834.2,1789.09,279617.69
2019-07-19,1802.97,1804.91,1829.06,1790.48,238433.34
2019-07-22,1807.13,1823.09,1827.67,1793.67,229289.7
2019-07-23,1826.56,1775.9,1827.67,1756.89,426761.39
2019-07-24,1778.26,1768.27,1790.89,1761.33,282785.72
2019-07-25,1765.49,1798.53,1799.78,1722.47,439752.74
2019-07-26,1786.45,1792.56,1809.91,1782.15,235231.12
2019-07-29,1796.03,1827.26,1833.22,1788.12,356041.06
2019-07-30,1832.11,1815.46,1840.16,1809.91,238944.77
2019-07-31,1805.74,1785.06,1818.24,1779.1,242682.63
2019-08-01,1775.63,1761.75,1793.53,1749.26,260735.94
2019-08-02,1724.0,1749.12,1756.47,1719.97,270011.14
2019-08-05,1727.05,1732.88,1766.74,1722.75,269946.47
2019-08-06,1730.8,1792.98,1800.19,1696.1,533102.3
2019-08-07,1800.19,1759.67,1800.89,1759.39,256857.51
2019-08-08,1768.13,1782.43,1797.56,1764.94,252179.71
2019-08-09,1796.03,1747.73,1802.69,1740.51,278185.07
2019-08-12,1788.95,1814.63,1819.62,1761.47,395370.08
2019-08-13,1802.97,1807.13,1816.85,1794.36,191874.36
2019-08-14,1833.5,1856.4,1872.36,1823.93,416269.48
2019-08-15,1829.34,1858.21,1864.59,1823.93,246999.37
2019-08-16,1865.42,1862.65,1900.12,1850.16,312170.17
2019-08-19,1876.53,1884.85,1897.48,1854.74,312746.91
2019-08-20,1886.24,1908.31,1917.05,1882.08,306616.61
2019-08-21,1906.92,1884.16,1912.33,1880.69,232900.1
2019-08-22,1890.96,1920.94,1927.88,1884.3,302086.88
2019-08-23,1921.49,1915.39,1937.32,1902.62,320667.29
2019-08-26,1884.85,1878.19,1900.12,1866.81,283219.87
2019-08-27,1896.93,1947.03,1959.52,1892.49,379670.88
2019-08-28,1958.41,1968.41,2004.91,1937.59,343763.75
2019-08-29,1975.07,2011.15,2021.42,1965.63,316290.32
2019-08-30,2025.73,2073.61,2095.82,2025.45,440797.67
2019-09-02,2073.61,2079.02,2088.18,2026.42,329900.52
2019-09-03,2080.55,2073.61,2091.51,2044.46,274753.66
2019-09-04,2053.62,2029.33,2066.67,2018.09,380555.67
2019-09-05,2028.92,2037.52,2056.12,2022.26,300247.01
2019-09-06,2047.93,2052.93,2054.18,2014.21,279327.73
2019-09-09,2053.62,2041.69,2062.92,2033.36,224902.6
2019-09-10,2027.81,2014.62,2031.97,2000.19,247836.38
2019-09-11,1983.4,1903.73,1991.72,1895.68,702309.82
2019-09-12,1879.3,1935.51,1943.7,1879.3,412754.48
2019-09-16,1920.52,1926.77,1938.98,1901.51,238108.03
2019-09-17,1915.39,1935.37,1965.91,1908.17,257861.37
2019-09-18,1943.15,1991.17,1996.16,1941.9,363935.51
2019-09-19,1997.27,1982.28,2000.74,1965.49,182044.94
2019-09-20,1990.33,2008.93,2018.37,1990.33,257905.34
2019-09-23,2007.27,1981.31,2007.27,1941.76,209573.18
2019-09-24,1972.99,2004.35,2021.15,1972.99,268693.73
2019-09-25,1997.27,2004.77,2023.37,1978.68,189634.38
2019-09-26,2010.74,1970.9,2019.76,1960.49,219393.03
2019-09-27,1957.16,1966.74,1987.56,1944.53,166711.38
2019-09-30,1955.64,1911.22,1968.82,1907.06,265433.99
2019-10-08,1911.22,1952.31,1977.43,1911.22,226896.38
2019-10-09,1955.64,1939.12,1956.89,1923.72,168829.11
2019-10-10,1894.71,1927.74,1936.9,1859.59,293458.96
2019-10-11,1934.82,1931.35,1950.78,1900.12,226707.09
2019-10-14,1955.64,1925.94,1962.58,1918.16,210410.65
2019-10-15,1927.88,1951.33,1962.99,1914.0,274876.61
2019-10-16,1912.61,1915.8,1931.35,1896.51,274371.16
2019-10-17,1927.88,1918.16,1929.68,1910.53,147555.6
2019-10-18,1913.72,1876.53,1913.72,1867.78,325368.56
2019-10-21,1876.53,1887.91,1893.18,1860.29,165636.83
2019-10-22,1900.12,1900.12,1905.4,1886.24,144421.32
2019-10-23,1900.12,1876.8,1915.11,1872.64,191811.67
2019-10-24,1880.0,1838.08,1889.02,1834.2,270605.82
2019-10-25,1846.69,1889.02,1893.18,1836.56,257852.8
2019-10-28,1889.3,1914.69,1925.1,1876.25,236364.3
2019-10-29,1927.88,1934.82,1950.78,1917.61,214685.78
2019-10-30,1934.82,1927.19,1939.95,1908.17,132816.04
2019-10-31,1992.56,1942.87,1997.27,1937.73,333271.98
2019-11-01,1951.47,1965.35,1972.01,1939.68,223768.28
2019-11-04,1968.13,1969.38,1995.19,1967.3,220472.79
2019-11-05,1976.46,1973.4,1987.28,1963.27,163964.64
2019-11-06,1983.12,1950.5,1983.12,1948.84,190922.58
2019-11-07,1950.64,1958.0,1962.44,1943.42,103992.8
2019-11-08,1973.68,1977.71,2006.02,1969.52,289219.55
2019-11-11,1969.52,1951.75,1981.73,1941.76,217726.94
2019-11-12,1957.03,1960.77,1967.43,1944.4,160138.71
2019-11-13,1966.74,1978.12,1987.28,1951.2,181588.98
2019-11-14,1978.54,1977.15,1990.33,1965.08,187238.81
2019-11-15,1983.12,1960.22,1983.12,1955.64,130653.15
2019-11-18,1961.47,1955.64,1970.77,1948.7,134641.86
2019-11-19,1955.64,1962.58,1965.35,1949.67,155716.62
2019-11-20,1955.64,1969.52,1991.17,1952.86,210089.04
2019-11-21,1964.66,1964.8,1972.99,1954.39,128165.26
2019-11-22,1960.77,1899.71,1970.49,1886.94,283119.0
2019-11-25,1890.41,1895.96,1908.17,1854.6,234312.77
2019-11-26,1896.1,1923.99,1923.99,1896.1,172908.56
2019-11-27,1920.8,1934.68,1945.92,1910.25,154690.72
2019-11-28,1941.9,1925.24,1952.86,1912.61,113863.96
2019-11-29,1922.33,1880.0,1922.33,1858.48,258759.27
2019-12-02,1878.61,1872.36,1899.29,1847.38,141217.85
2019-12-03,1863.48,1859.04,1869.45,1842.94,139508.66
2019-12-04,1885.69,1892.49,1894.15,1870.7,192212.02
2019-12-05,1893.18,1888.46,1895.96,1879.3,112778.94
2019-12-06,1888.32,1927.6,1930.66,1886.38,202983.14
2019-12-09,1938.57,1920.8,1955.36,1916.78,131495.31
2019-12-10,1912.33,1925.94,1928.99,1907.06,97115.99
2019-12-11,1919.55,1897.62,1925.8,1886.24,147185.1
2019-12-12,1900.12,1883.19,1903.17,1876.53,129775.88
2019-12-13,1894.29,1907.34,1917.05,1889.02,164666.25
2019-12-16,1917.05,1897.76,1918.16,1880.69,202120.79
2019-12-17,1899.98,1917.47,1918.58,1898.04,252660.98
2019-12-18,1920.94,1927.05,1954.53,1917.47,235573.96
2019-12-19,1927.88,1912.06,1936.9,1902.62,130362.63
2019-12-20,1914.0,1901.51,1917.89,1898.73,130458.6
2019-12-23,1879.3,1888.19,1907.06,1872.22,156764.77
2019-12-24,1892.35,1895.96,1908.73,1891.79,83081.2
2019-12-25,1902.34,1887.63,1902.76,1881.94,109821.86
2019-12-26,1887.63,1888.32,1890.68,1876.25,101143.55
2019-12-27,1899.84,1900.12,1917.47,1897.62,196530.0
2019-12-30,1902.9,1953.14,1959.11,1894.29,340116.93
2019-12-31,1955.64,1955.78,1971.18,1944.53,195074.42
2020-01-02,1941.76,1942.87,1962.58,1908.31,306674.39
2020-01-03,1936.21,1921.63,1942.73,1908.59,204692.48
2020-01-06,1914.0,1902.9,1917.47,1893.46,259369.79
2020-01-07,1907.06,1905.26,1928.85,1900.12,223277.93
2020-01-08,1899.98,1898.59,1910.67,1886.94,161802.18
2020-01-09,1900.12,1924.69,1930.66,1889.71,255490.57
2020-01-10,1920.94,1964.24,1970.21,1920.94,429695.42
2020-01-13,1973.12,2048.07,2052.79,1972.99,496041.94
2020-01-14,2054.18,2032.8,2062.23,2027.81,199073.17
2020-01-15,2032.8,2063.89,2091.79,2032.67,234789.04
2020-01-16,2063.89,2061.95,2080.55,2043.08,145359.88
2020-01-17,2070.28,2032.67,2077.77,2029.2,148478.14
2020-01-20,2060.42,2018.93,2061.95,2008.38,167537.69
2020-01-21,2004.21,1950.36,2004.21,1941.9,293073.08
2020-01-22,1927.74,1937.59,1951.06,1910.67,257530.51
2020-01-23,1938.57,1860.71,1938.57,1844.61,415936.68
2020-02-03,1685.55,1685.55,1685.55,1685.55,167639.0
2020-02-04,1622.54,1698.88,1775.21,1622.54,710214.26
2020-02-05,1718.31,1740.65,1772.43,1693.32,388783.39
2020-02-06,1761.33,1763.41,1774.38,1728.02,306551.05
2020-02-07,1764.8,1783.26,1788.12,1742.04,280116.95
2020-02-10,1768.27,1790.89,1807.55,1755.5,221876.5
2020-02-11,1791.17,1841.69,1851.54,1791.17,245773.82
2020-02-12,1837.67,1837.53,1848.08,1813.66,175113.62
2020-02-13,1842.94,1832.67,1867.64,1821.98,178628.84
2020-02-14,1833.5,1822.82,1856.82,1809.21,169719.73
2020-02-17,1819.35,1834.89,1834.89,1811.02,238169.08
2020-02-18,1827.95,1822.26,1834.89,1816.99,128727.75
2020-02-19,1827.67,1858.48,1874.86,1812.41,316627.76
2020-02-20,1872.36,1916.08,1922.05,1870.84,334661.6
2020-02-21,1914.0,1914.0,1930.66,1900.4,207437.51
2020-02-24,1905.67,1873.75,1905.67,1868.2,235601.24
2020-02-25,1841.83,1848.77,1872.36,1828.78,240633.3
2020-02-26,1828.37,1832.11,1864.31,1816.85,214178.66
2020-02-27,1841.83,1862.65,1882.77,1837.67,235731.67
2020-02-28,1830.73,1783.54,1831.14,1761.33,366012.11
2020-03-02,1776.6,1811.99,1825.17,1769.66,269822.38
2020-03-03,1826.56,1835.86,1856.82,1826.56,230923.24
2020-03-04,1830.73,1848.35,1857.51,1830.73,197575.1
2020-03-05,1866.12,1958.41,1981.73,1858.48,565619.87
2020-03-06,1941.76,1914.97,1981.73,1914.0,291658.22
2020-03-09,1886.24,1862.65,1889.71,1859.04,244541.58
2020-03-10,1862.65,1923.99,1936.62,1861.26,310772.21
2020-03-11,1948.7,1912.61,1952.86,1907.06,187634.87
2020-03-12,1870.7,1859.04,1887.77,1856.54,252660.0
2020-03-13,1775.21,1811.3,1847.66,1759.67,350886.98
2020-03-16,1794.64,1712.75,1808.52,1697.63,370242.47
2020-03-17,1698.88,1669.17,1741.62,1616.71,352979.54
2020-03-18,1680.83,1602.97,1719.28,1590.48,404422.59
2020-03-19,1578.13,1526.91,1594.78,1478.62,601697.89
2020-03-20,1557.59,1615.74,1631.7,1556.06,422063.9
2020-03-23,1553.15,1560.22,1587.84,1539.82,328265.4
2020-03-24,1595.89,1623.24,1634.89,1581.46,356363.42
2020-03-25,1679.45,1691.94,1705.26,1661.96,309473.33
2020-03-26,1677.78,1690.41,1723.86,1662.79,208801.23
2020-03-27,1714.14,1717.06,1744.68,1714.14,235434.96
2020-03-30,1675.56,1681.25,1692.21,1660.01,205805.83
2020-03-31,1705.82,1708.59,1727.88,1692.77,188496.21
2020-04-01,1719.69,1705.82,1733.43,1698.04,175968.52
2020-04-02,1691.94,1736.21,1736.21,1685.27,191537.39
2020-04-03,1743.29,1740.79,1767.85,1730.8,175805.86
2020-04-07,1783.54,1832.67,1838.78,1783.54,294511.5
2020-04-08,1832.67,1848.49,1858.35,1822.82,201133.62
2020-04-09,1867.51,1844.33,1880.69,1816.99,158796.2
2020-04-10,1844.33,1865.7,1897.35,1833.5,198960.89
2020-04-13,1846.69,1844.61,1872.64,1833.5,146060.18
2020-04-14,1866.95,1892.49,1898.46,1847.38,194618.88
2020-04-15,1892.77,1884.99,1917.89,1875.28,162967.18
2020-04-16,1872.5,1859.87,1883.47,1851.82,188254.35
2020-04-17,1874.72,1897.62,1909.84,1868.75,234710.89
2020-04-20,1912.89,1904.42,1920.66,1898.46,132188.34
2020-04-21,1887.35,1865.01,1899.43,1845.72,205523.72
2020-04-22,1865.98,1918.16,1927.74,1850.43,265984.77
2020-04-23,1930.66,1929.13,1973.68,1925.1,213318.7
2020-04-24,1931.21,1933.43,1959.66,1905.26,167733.24
2020-04-27,1948.84,1951.47,1964.24,1919.27,159342.44
2020-04-28,1997.27,2038.91,2069.72,1976.59,420773.45
2020-04-29,2038.91,1990.33,2054.87,1969.52,291832.04
2020-04-30,1990.33,1994.08,2041.69,1969.79,228640.55
2020-05-06,1976.46,2027.95,2039.61,1969.24,251044.81
2020-05-07,2030.31,2079.3,2080.55,2016.29,277961.78
2020-05-08,2089.57,2093.04,2129.12,2065.7,243266.98
2020-05-11,2097.48,2078.47,2123.57,2066.67,236819.91
2020-05-12,2066.67,2093.04,2105.39,2065.14,151844.89
2020-05-13,2093.04,2136.06,2138.98,2084.71,196350.29
2020-05-14,2134.68,2140.23,2149.94,2113.86,153612.61
2020-05-15,2156.88,2125.24,2163.68,2109.42,160644.47
2020-05-18,2122.19,2208.1,2225.72,2116.63,248810.15
2020-05-19,2237.8,2211.29,2240.02,2196.72,176505.56
2020-05-20,2226.28,2203.38,2232.94,2198.66,170412.14
2020-05-21,2217.4,2214.9,2240.57,2205.88,170921.5
2020-05-22,2202.13,2111.78,2202.41,2103.45,383526.39
2020-05-25,2108.45,2150.36,2155.49,2068.06,243559.91
2020-05-26,2150.36,2161.19,2179.37,2138.15,165119.25
2020-05-27,2161.32,2138.28,2169.37,2131.62,145963.02
2020-05-28,2138.15,2138.28,2164.1,2115.25,148184.04
2020-05-29,2122.19,2166.6,2172.01,2119.83,163217.2
2020-06-01,2192.41,2310.8,2332.87,2192.41,357843.58
2020-06-02,2308.03,2313.3,2381.03,2302.89,291585.86
2020-06-03,2342.31,2305.94,2354.8,2284.29,252759.33
2020-06-04,2303.03,2314.41,2330.09,2288.73,136317.55
2020-06-05,2318.02,2331.62,2339.81,2297.06,159859.06
2020-06-08,2323.43,2338.84,2399.07,2320.66,222551.1
2020-06-09,2338.42,2366.59,2372.01,2316.63,161118.88
2020-06-10,2367.15,2365.62,2382.83,2345.36,149481.46
2020-06-11,2355.35,2331.34,2368.4,2301.92,199460.97
2020-06-12,2288.73,2351.19,2356.46,2276.24,176476.13
2020-06-15,2316.49,2288.73,2342.58,2281.79,266219.61
2020-06-16,2290.12,2298.17,2320.1,2280.41,259846.52
2020-06-17,2292.34,2273.19,2295.67,2245.71,232423.29
2020-06-18,2283.18,2307.61,2310.66,2274.3,199490.02
2020-06-19,2309.55,2407.68,2420.58,2308.58,387028.09
2020-06-22,2416.42,2402.54,2416.42,2374.78,216312.28
2020-06-23,2402.54,2471.66,2477.49,2389.77,265324.77
2020-06-24,2477.63,2480.4,2517.74,2458.06,187986.02
2020-06-29,2452.64,2465.0,2478.88,2441.4,199935.55
2020-06-30,2479.43,2515.24,2522.87,2478.88,189897.62
2020-07-01,2515.24,2665.96,2709.27,2515.24,271818.36
2020-07-02,2638.48,2770.2,2809.75,2636.82,348870.21
2020-07-03,2777.14,2759.51,2784.21,2673.18,308159.41
2020-07-06,2759.37,2816.41,2860.55,2715.65,328431.07
2020-07-07,2815.86,2942.3,3004.61,2781.72,384111.25
2020-07-08,2936.88,2962.7,2996.56,2902.19,292322.55
2020-07-09,2963.11,2967.69,2990.46,2936.88,295243.49
2020-07-10,2957.7,3013.22,3079.84,2927.17,335475.81
2020-07-13,3013.22,3168.66,3263.04,3013.22,488807.22
2020-07-14,3170.05,3206.14,3267.62,3083.03,438733.08
2020-07-15,3179.77,3248.47,3276.92,3160.33,371699.54
2020-07-16,3207.52,2937.72,3208.22,2937.72,705736.69
2020-07-17,2846.67,2990.87,3050.69,2846.67,529766.77
2020-07-20,2992.4,2939.38,3034.04,2791.29,442906.56
2020-07-21,2929.94,2993.51,3039.59,2899.41,317858.76
2020-07-22,2975.05,3039.59,3094.69,2954.23,280663.23
2020-07-23,3017.38,3055.83,3081.22,2993.79,265413.11
2020-07-24,3027.1,2935.36,3040.28,2888.31,405386.26
2020-07-27,2963.11,2972.97,3010.44,2935.63,246346.88
2020-07-28,2997.81,3110.37,3151.17,2980.88,384497.12
2020-07-29,3115.23,3123.97,3130.91,3041.11,301364.14
2020-07-30,3110.37,3142.57,3166.58,3096.49,253225.64
2020-07-31,3145.21,3158.95,3207.66,3114.26,262317.82
2020-08-03,3168.38,3162.0,3192.67,3127.03,201453.55
2020-08-04,3158.95,3135.35,3190.87,3110.37,206769.41
2020-08-05,3132.58,3158.67,3162.56,3096.49,186712.38
2020-08-06,3158.67,3069.01,3173.38,3050.14,323043.59
2020-08-07,3054.85,3016.83,3096.49,2960.2,287235.84
2020-08-10,3016.83,2998.51,3039.31,2956.87,191521.0
2020-08-11,3013.22,3040.98,3101.35,3013.22,250090.77
2020-08-12,3025.99,3005.86,3053.19,2958.26,180249.93
2020-08-13,3027.1,3011.83,3054.85,2992.4,123209.69
2020-08-14,3003.5,3095.1,3100.66,3002.39,244314.91
2020-08-17,3117.31,3193.51,3221.4,3117.31,315155.99
2020-08-18,3193.51,3201.56,3235.28,3167.55,190382.49
2020-08-19,3200.17,3224.18,3276.36,3155.75,238472.68
2020-08-20,3193.64,3144.24,3206.41,3138.13,184906.63
2020-08-21,3193.64,3171.44,3207.25,3144.24,157318.61
2020-08-24,3193.37,3263.04,3281.08,3182.4,231522.18
2020-08-25,3276.92,3410.16,3426.12,3276.78,285478.71
2020-08-26,3407.38,3424.73,3469.42,3362.97,262099.92
2020-08-27,3457.07,3444.58,3457.07,3348.26,213488.58
2020-08-28,3415.43,3478.16,3538.68,3376.85,327241.52
2020-08-31,3498.98,3471.22,3564.21,3471.22,315715.14
2020-09-01,3436.25,3419.04,3468.45,3375.46,300870.24
2020-09-02,3404.61,3401.83,3468.17,3385.17,196331.25
2020-09-03,3407.38,3452.35,3512.86,3404.47,275695.74
2020-09-04,3387.95,3335.49,3387.95,3280.67,370920.62
2020-09-07,3323.41,3289.27,3380.32,3264.43,236226.59
2020-09-08,3292.74,3220.43,3323.41,3160.33,357085.26
2020-09-09,3177.13,3152.01,3202.8,3138.13,227061.35
2020-09-10,3193.64,3238.06,3273.59,3193.09,231541.33
2020-09-11,3213.77,3303.01,3303.01,3196.14,204700.64
2020-09-14,3319.67,3333.54,3352.42,3251.66,207492.16
2020-09-15,3332.43,3337.01,3351.87,3304.68,120365.47
2020-09-16,3342.7,3277.2,3362.83,3263.04,184537.47
2020-09-17,3222.24,3230.42,3276.92,3178.38,228016.32
2020-09-18,3230.42,3325.77,3325.77,3205.03,190156.5
2020-09-21,3304.68,3261.65,3326.19,3255.68,130284.69
2020-09-22,3227.79,3233.89,3287.61,3221.4,120913.7
2020-09-23,3146.46,3184.21,3214.32,3089.0,251794.88
2020-09-24,3167.0,3142.29,3212.66,3136.46,163652.37
2020-09-25,3152.15,3154.78,3185.87,3143.26,112516.53
2020-09-28,3170.61,3195.45,3233.2,3165.89,152644.25
2020-09-29,3221.4,3189.9,3232.51,3176.57,99720.97
2020-09-30,3207.52,3207.52,3263.04,3195.03,162341.85
2020-10-09,3263.04,3298.71,3326.19,3239.31,208933.88
2020-10-12,3318.56,3495.51,3499.12,3318.56,324557.04
2020-10-13,3495.51,3502.73,3535.07,3455.12,171910.51
2020-10-14,3496.07,3462.9,3531.32,3445.96,183193.72
2020-10-15,3464.42,3456.1,3478.16,3448.19,111760.87
2020-10-16,3455.96,3427.92,3482.61,3405.16,118357.5
2020-10-19,3471.22,3418.21,3493.43,3396.28,122900.83
2020-10-20,3415.71,3484.83,3485.1,3401.83,179963.31
2020-10-21,3484.83,3495.79,3522.58,3466.92,137076.91
2020-10-22,3498.98,3495.37,3512.72,3425.15,150416.07
2020-10-23,3482.19,3424.45,3502.31,3419.87,134522.73
2020-10-26,3332.43,3368.66,3396.14,3235.28,160000.39
2020-10-27,3374.21,3381.01,3406.69,3342.15,143026.82
2020-10-28,3401.83,3470.95,3498.98,3379.9,170762.3
2020-10-29,3454.57,3610.01,3662.34,3450.27,349627.48
2020-10-30,3567.68,3531.6,3610.01,3516.61,239489.51
2020-11-02,3569.35,3550.33,3624.59,3533.68,157337.05
2020-11-03,3583.64,3615.57,3615.57,3547.56,165350.83
2020-11-04,3613.48,3651.65,3651.65,3586.42,129928.37
2020-11-05,3693.15,3740.62,3746.72,3666.22,189689.8
2020-11-06,3749.5,3739.09,3765.46,3680.1,151164.83
2020-11-09,3762.68,3887.59,3887.59,3757.13,206283.88
2020-11-10,3897.87,3926.46,4007.65,3849.43,223080.7
2020-11-11,3897.31,3872.33,4012.51,3864.69,227873.38
2020-11-12,3872.33,3854.98,3908.27,3818.2,176231.58
2020-11-13,3818.2,3818.2,3851.09,3721.05,188430.71
2020-11-16,3859.84,3929.23,3931.31,3797.52,195777.92
2020-11-17,3929.09,3875.1,3950.74,3832.08,179476.72
2020-11-18,3859.7,3800.43,3880.93,3734.93,194562.73
2020-11-19,3781.28,3814.04,3836.24,3748.8,124482.46
2020-11-20,3839.57,3866.36,3894.53,3815.42,111226.04
2020-11-23,3908.41,3923.4,3995.43,3908.41,156342.14
2020-11-24,3923.4,3912.44,3923.68,3845.96,125035.27
2020-11-25,3912.58,3790.03,3920.77,3787.8,165594.4
2020-11-26,3778.92,3756.85,3820.7,3647.49,199052.29
2020-11-27,3756.85,3780.73,3780.87,3722.43,112592.9
2020-11-30,3757.83,3665.53,3776.42,3660.67,211741.04
2020-12-01,3679.41,3720.91,3733.26,3679.41,136480.57
2020-12-02,3748.8,3756.44,3776.42,3708.56,116377.63
2020-12-03,3749.64,3771.43,3776.56,3734.51,92086.85
2020-12-04,3755.74,3848.59,3859.84,3750.89,170511.4
2020-12-07,3848.87,3890.93,3959.77,3848.87,196216.18
2020-12-08,3909.11,3915.35,3943.8,3867.47,147775.62
2020-12-09,3929.23,3883.71,3943.11,3880.66,116776.49
2020-12-10,3873.72,3855.26,3915.35,3850.12,134102.08
2020-12-11,3871.63,3853.17,3887.46,3795.99,150052.55
2020-12-14,3866.78,3931.31,3936.17,3833.19,181744.24
2020-12-15,3931.31,3898.7,3933.4,3850.26,146118.14
2020-12-16,3929.23,3947.69,3956.99,3915.35,160254.87
2020-12-17,3950.61,3995.99,4026.38,3946.03,199760.98
2020-12-18,3983.36,3982.8,4021.94,3944.22,150825.25
2020-12-21,3961.29,4052.89,4053.87,3961.29,161889.78
2020-12-22,4067.74,4059.42,4137.42,4053.73,187063.71
2020-12-23,4068.02,4002.65,4144.36,3956.99,252215.86
2020-12-24,3970.87,3961.43,4011.12,3920.35,156160.76
2020-12-25,3923.68,3969.76,3990.72,3908.41,111113.9
2020-12-28,3970.87,4108.96,4111.88,3970.59,193812.09
2020-12-29,4110.77,4040.26,4118.82,4015.0,146589.3
2020-12-30,4066.49,4121.87,4131.86,4043.87,168825.39
2020-12-31,4137.56,4190.85,4227.21,4137.42,160038.3
2021-01-04,4192.93,4276.9,4303.96,4192.79,234278.22
2021-01-05,4265.1,4581.27,4581.27,4227.63,314606.33
2021-01-06,4583.63,4696.74,4798.89,4550.87,313430.33
2021-01-07,4696.88,4720.33,4729.77,4541.02,242559.48
2021-01-08,4721.17,4539.91,4742.54,4428.04,378702.49
2021-01-11,4532.0,4320.62,4532.97,4297.02,381952.91
2021-01-12,4289.39,4442.75,4460.8,4276.21,230255.05
2021-01-13,4463.99,4377.94,4491.05,4333.39,233653.02
2021-01-14,4359.48,4156.85,4371.69,4151.3,354895.54
2021-01-15,4137.42,4133.25,4196.96,3999.6,417132.51
2021-01-18,4095.78,4089.53,4125.48,4017.09,272558.64
2021-01-19,4123.54,4047.2,4165.17,4026.38,293888.57
2021-01-20,4026.38,4093.7,4104.25,3956.16,264040.34
2021-01-21,4106.88,4261.63,4289.95,4102.72,294023.9
2021-01-22,4235.68,4242.34,4302.72,4200.98,249466.75
2021-01-25,4242.48,4521.73,4530.61,4209.59,412909.4
2021-01-26,4521.73,4384.19,4522.0,4374.75,241435.01
2021-01-27,4344.21,4200.98,4344.21,4123.54,307938.47
2021-01-28,4140.61,4109.66,4192.93,4068.02,276077.57
2021-01-29,4165.17,4181.0,4236.51,4148.24,220109.14
2021-02-01,4206.95,4196.96,4302.16,4196.96,195759.92
2021-02-02,4192.93,4361.15,4364.06,4191.54,297492.4
2021-02-03,4356.7,4425.41,4428.88,4319.51,224546.65
2021-02-04,4387.24,4492.72,4537.13,4373.5,280574.6
2021-02-05,4498.41,4578.21,4720.33,4498.27,328913.19
2021-02-08,4637.06,4581.54,4727.27,4495.49,266529.98
2021-02-09,4609.3,4713.4,4720.33,4551.84,224779.8
2021-02-10,4761.97,4895.9,4937.96,4755.03,331931.63
2021-02-18,5060.23,4768.91,5097.7,4732.69,343815.08
2021-02-19,4770.3,4920.19,4945.17,4664.12,274750.02
2021-02-22,4886.88,4485.22,4891.05,4456.36,414582.2
2021-02-23,4387.24,4512.15,4621.24,4361.84,278668.32
2021-02-24,4512.15,4207.92,4512.29,4146.44,417248.17
2021-02-25,4255.39,4149.91,4303.69,4103.83,249046.49
2021-02-26,4034.16,4026.38,4128.67,3901.47,288970.86
2021-03-01,4109.66,4151.57,4220.69,4040.4,255063.27
2021-03-02,4209.59,4036.1,4246.78,3961.15,244124.65
2021-03-03,3970.87,4099.94,4120.76,3909.94,211717.11
2021-03-04,4026.38,3836.38,4026.38,3818.2,329358.86
2021-03-05,3721.05,3839.02,3917.99,3665.53,291650.4
2021-03-08,3859.84,3533.68,3888.01,3532.85,383653.77
2021-03-09,3498.98,3505.92,3598.91,3332.43,438745.77
2021-03-10,3582.26,3646.1,3679.41,3569.77,309582.3
2021-03-11,3679.55,3818.75,3880.66,3611.12,301530.94
2021-03-12,3875.1,3810.57,3880.52,3690.1,251437.85
2021-03-15,3782.81,3624.03,3839.02,3554.5,248997.34
2021-03-16,3632.22,3782.25,3784.2,3617.65,231656.05
2021-03-17,3769.62,3808.62,3860.25,3679.41,198878.01
2021-03-18,3818.2,3893.01,3956.99,3818.2,201303.34
2021-03-19,3790.44,3759.77,3818.2,3716.47,197849.81
2021-03-22,3761.99,3741.87,3798.63,3675.38,142782.19
2021-03-23,3741.87,3780.03,3804.04,3706.89,126951.57
2021-03-24,3736.17,3759.91,3873.72,3729.65,179421.51
2021-03-25,3706.33,3693.01,3719.52,3637.77,186258.55
2021-03-26,3721.05,3831.38,3848.46,3690.79,230202.69
2021-03-29,3845.96,3916.6,4025.69,3831.94,281994.81
2021-03-30,3894.53,3935.62,4005.84,3894.53,168707.79
2021-03-31,3897.31,3859.56,3897.31,3818.34,134111.04
2021-04-01,3887.59,3930.34,3941.58,3846.1,121142.12
2021-04-02,3984.89,4089.67,4095.78,3956.99,229626.23
2021-04-06,4108.96,4092.45,4137.42,4054.14,155508.45
2021-04-07,4068.16,3899.39,4077.04,3870.94,244936.27
2021-04-08,3818.2,3930.34,3954.91,3805.15,162114.26
2021-04-09,3901.47,3822.36,3922.29,3818.2,146115.56
2021-04-12,3820.98,3762.54,3850.95,3748.8,133232.55
2021-04-13,3766.29,3789.05,3862.89,3766.29,138757.29
2021-04-14,3789.19,3801.27,3854.42,3766.15,148177.52
2021-04-15,3766.99,3690.51,3790.3,3600.58,285959.38
2021-04-16,3690.51,3773.79,3799.19,3690.51,187543.02
2021-04-19,3748.8,3827.5,3862.75,3658.59,188155.79
2021-04-20,3818.2,3856.37,3940.2,3790.58,199146.58
2021-04-21,3818.2,3899.39,3928.82,3798.49,159231.6
2021-04-22,3900.09,3904.11,3943.11,3873.72,116274.23
2021-04-23,3918.82,4026.38,4040.26,3918.82,207833.26
2021-04-26,4068.02,3956.99,4108.13,3955.05,203903.7
2021-04-27,3984.75,4051.64,4051.64,3920.07,142314.52
2021-04-28,3956.99,4104.11,4104.11,3940.33,220278.59
2021-04-29,4124.37,4158.23,4179.05,4044.57,206936.02
2021-04-30,4123.54,4095.78,4155.46,4077.46,158030.59
2021-05-06,4054.14,3976.98,4106.88,3968.09,168660.57
2021-05-07,4026.52,3916.74,4029.58,3905.36,125007.53
2021-05-10,3895.64,3804.32,3943.11,3768.24,195248.24
2021-05-11,3779.62,3963.24,3963.37,3776.42,192326.36
2021-05-12,3945.89,3991.83,4020.56,3943.11,121063.44
2021-05-13,3945.75,3970.87,4006.26,3922.29,97079.22
2021-05-14,3998.07,4123.54,4142.97,3959.49,218084.51
2021-05-17,4140.47,4264.96,4368.78,4140.47,280614.95
2021-05-18,4276.35,4297.02,4303.96,4224.85,147286.92
2021-05-19,4276.21,4342.69,4430.26,4248.86,167000.66
2021-05-20,4369.2,4352.68,4414.72,4325.62,140239.85
2021-05-21,4373.36,4256.78,4382.94,4235.4,172620.89
2021-05-24,4303.96,4373.5,4376.14,4239.43,157088.94
2021-05-25,4387.24,4623.6,4624.01,4372.25,323058.89
2021-05-26,4588.48,4567.67,4637.2,4526.03,190751.17
2021-05-27,4556.15,4556.28,4668.01,4501.32,164363.12
2021-05-28,4583.21,4538.52,4596.53,4503.68,130245.03
2021-05-31,4516.31,4513.81,4520.75,4433.32,177683.88
2021-06-01,4530.19,4521.86,4544.07,4448.03,163875.74
2021-06-02,4521.86,4468.29,4558.92,4421.94,156532.08
2021-06-03,4468.29,4492.86,4581.54,4445.25,179177.36
2021-06-04,4470.51,4516.31,4560.73,4435.95,175287.7
2021-06-07,4531.02,4483.14,4545.88,4427.07,187370.19
2021-06-08,4484.39,4275.51,4491.33,4192.79,311652.84
2021-06-09,4262.33,4255.39,4303.96,4186.69,171576.68
2021-06-10,4262.47,4346.3,4380.3,4241.51,150772.51
2021-06-11,4346.43,4325.75,4359.48,4248.45,159127.82
2021-06-15,4325.06,4293.69,4360.17,4203.62,145161.08
2021-06-16,4293.69,4197.37,4293.69,4154.35,140629.99
2021-06-17,4180.58,4223.74,4276.21,4180.58,109045.54
2021-06-18,4238.87,4179.05,4262.33,4109.66,190715.78
2021-06-21,4206.81,4260.52,4266.49,4179.05,206028.03
2021-06-22,4276.21,4302.44,4338.66,4266.49,161663.58
2021-06-23,4294.25,4178.22,4297.02,4165.17,230564.1
2021-06-24,4144.36,4202.65,4234.57,4084.4,165518.34
2021-06-25,4179.75,4302.85,4323.12,4177.39,205223.27
2021-06-28,4304.1,4391.54,4394.59,4304.1,161253.87
2021-06-29,4393.9,4283.84,4396.12,4257.89,156720.26
2021-06-30,4248.45,4274.68,4337.27,4241.37,103395.09
2021-07-01,4258.86,4278.98,4290.09,4192.93,136310.42
2021-07-02,4220.69,4110.07,4230.27,4098.56,211691.6
2021-07-05,4084.26,4041.65,4144.36,4026.66,180542.56
2021-07-06,4024.3,3988.22,4040.68,3890.65,238954.51
2021-07-07,4026.38,4090.09,4095.78,4010.84,174543.67
2021-07-08,4095.78,3885.37,4106.74,3854.56,439575.67
2021-07-09,3915.77,3885.65,3931.45,3812.37,213674.47
2021-07-12,3923.4,3936.59,3964.48,3821.95,264246.69
2021-07-13,3936.87,4006.68,4053.03,3936.87,218997.48
2021-07-14,3977.53,3996.96,4020.56,3895.64,209218.3
2021-07-15,3992.8,4073.71,4078.85,3961.01,195494.71
2021-07-16,4073.99,4027.77,4108.83,4020.56,151513.98
2021-07-19,4003.9,4074.54,4096.89,3985.72,143319.86
2021-07-20,4048.31,4094.11,4120.62,4031.24,130092.23
2021-07-21,4093.98,4079.12,4145.05,4062.33,149605.1
2021-07-22,4097.03,4063.58,4126.87,4043.46,143103.78
2021-07-23,4046.37,3940.2,4048.31,3897.31,212303.52
2021-07-26,3904.8,3639.44,3904.8,3563.8,462131.23
2021-07-27,3604.19,3384.2,3629.17,3382.12,423313.05
2021-07-28,3384.62,3460.95,3477.89,3297.32,361142.9
2021-07-29,3582.53,3438.33,3587.39,3419.32,313221.53
2021-07-30,3438.47,3239.86,3438.47,3185.59,427979.29
2021-08-02,3165.19,3430.0,3436.25,3120.5,468444.4
2021-08-03,3355.75,3507.73,3516.19,3336.32,341719.33
2021-08-04,3465.4,3430.7,3491.63,3409.88,230289.51
2021-08-05,3354.36,3328.96,3451.52,3305.79,285510.69
2021-08-06,3298.85,3312.73,3339.1,3246.8,191529.22
2021-08-09,3284.97,3368.38,3460.95,3257.21,264929.24
2021-08-10,3385.73,3630.56,3645.82,3331.88,460837.46
2021-08-11,3589.89,3593.08,3661.37,3534.37,253075.47
2021-08-12,3576.43,3478.16,3626.39,3467.48,237149.46
2021-08-13,3465.4,3518.14,3548.67,3451.52,160031.4
2021-08-16,3507.03,3516.75,3567.68,3484.83,133173.13
2021-08-17,3498.84,3367.55,3534.79,3365.19,218730.39
2021-08-18,3340.48,3354.36,3402.94,3283.58,212644.88
2021-08-19,3352.98,3266.23,3386.15,3257.21,289689.42
2021-08-20,3111.76,3040.42,3183.37,3026.68,534004.35
2021-08-23,3040.56,3035.7,3115.23,3019.88,418363.73
2021-08-24,3062.9,3090.66,3127.44,3007.39,411903.75
2021-08-25,3102.88,3194.75,3214.6,3099.82,381798.85
2021-08-26,3192.95,3051.38,3192.95,3035.15,332282.74
2021-08-27,3051.25,3030.7,3090.66,3014.33,271909.67
2021-08-30,3069.84,3049.03,3090.52,2944.38,347329.35
2021-08-31,3042.09,2975.33,3062.9,2943.54,318551.68
2021-09-01,2975.47,3058.88,3105.37,2910.24,503643.02
2021-09-02,3062.07,2968.94,3064.29,2954.65,374601.64
2021-09-03,2949.1,3033.62,3042.78,2907.04,344795.28
2021-09-06,3014.33,3110.93,3164.22,2987.26,440709.83
2021-09-07,3097.6,3118.0,3147.84,3077.62,259374.44
2021-09-08,3118.42,3059.02,3128.27,3035.15,215536.77
2021-09-09,3059.16,3053.61,3079.7,3021.27,177575.31
2021-09-10,3053.61,3142.01,3151.73,3042.09,318834.73
2021-09-13,3118.42,3059.99,3155.89,3048.89,263428.26
2021-09-14,3059.02,3031.4,3088.03,3024.6,235967.42
2021-09-15,2993.51,2931.05,3015.02,2906.07,382035.77
2021-09-16,2896.36,2910.24,2946.04,2846.81,335387.04
2021-09-17,2896.36,2978.94,3021.27,2869.57,294397.02
2021-09-22,2910.24,2867.63,2931.05,2860.96,249089.81
2021-09-23,2879.98,2874.43,2908.57,2849.72,188112.96
2021-09-24,2867.21,2959.09,3007.39,2855.55,350539.97
2021-09-27,3057.63,3237.36,3237.36,3057.63,760065.57
2021-09-28,3233.89,3186.98,3265.54,3146.18,411458.63
2021-09-29,3186.29,3211.13,3246.52,3128.14,311366.8
2021-09-30,3187.82,3220.99,3275.11,3187.82,331905.68
2021-10-08,3237.78,3343.54,3451.24,3196.14,416278.65
2021-10-11,3360.47,3337.71,3440.83,3305.65,261465.75
2021-10-12,3326.61,3359.08,3368.24,3271.23,203423.73
2021-10-13,3345.62,3499.95,3570.88,3329.38,347774.22
2021-10-14,3479.27,3507.03,3571.99,3453.74,240589.6
2021-10-15,3448.74,3428.2,3477.61,3368.38,302157.86
2021-10-18,3298.15,3164.5,3298.15,3125.36,522286.55
2021-10-19,3132.3,3215.16,3241.67,3132.3,271519.71
2021-10-20,3236.39,3228.62,3259.99,3186.15,171712.31
2021-10-21,3243.33,3243.19,3270.4,3215.57,157813.85
2021-10-22,3266.93,3299.26,3353.25,3243.47,226148.68
2021-10-25,3271.09,3234.45,3297.32,3201.69,248159.64
2021-10-26,3234.45,3238.61,3271.09,3201.69,171975.32
2021-10-27,3215.71,3173.94,3238.61,3146.18,200484.93
2021-10-28,3187.82,3164.08,3229.17,3143.12,219253.24
2021-10-29,3163.8,3181.01,3250.69,3161.17,236335.32
2021-11-01,2951.87,3020.43,3084.0,2908.85,580036.53
2021-11-02,3007.11,2970.19,3033.76,2947.01,349334.47
2021-11-03,2972.97,2939.8,2986.57,2933.55,218919.68
2021-11-04,2967.0,3046.53,3060.96,2956.04,298641.62
2021-11-05,3046.53,3094.96,3155.89,3046.39,301429.97
2021-11-08,3090.66,3104.4,3124.11,3059.57,156373.86
2021-11-09,3086.22,3073.59,3127.86,3056.66,155039.34
2021-11-10,3073.59,3030.98,3089.0,2996.28,172002.67
2021-11-11,3030.43,3042.22,3049.03,3001.56,166520.85
2021-11-12,3054.16,3005.31,3058.32,2995.04,157885.12
2021-11-15,3021.13,3017.1,3055.96,2995.04,207244.8
2021-11-16,3033.62,3118.42,3138.54,3022.79,314356.75
2021-11-17,3105.24,3111.62,3132.3,3076.78,174214.6
2021-11-18,3090.52,3071.51,3104.26,3056.66,132202.62
2021-11-19,3061.24,3126.75,3180.88,3054.58,242929.59
2021-11-22,3146.18,3173.52,3257.21,3132.3,319782.76
2021-11-23,3159.92,3157.28,3208.63,3137.3,193866.37
2021-11-24,3201.69,3290.8,3340.21,3201.69,476278.47
2021-11-25,3340.48,3270.4,3356.45,3259.57,284628.27
2021-11-26,3269.15,3269.15,3279.14,3216.68,162472.95
2021-11-29,3236.39,3295.1,3298.85,3232.92,192364.11
2021-11-30,3298.57,3201.69,3305.79,3201.69,230145.98
2021-12-01,3271.37,3237.22,3296.63,3203.22,192486.21
2021-12-02,3237.78,3267.62,3283.58,3219.88,175309.74
2021-12-03,3278.03,3360.61,3407.1,3275.25,340300.29
2021-12-06,3382.12,3400.16,3437.64,3354.36,288786.69
2021-12-07,3437.64,3423.76,3502.17,3411.96,308904.37
2021-12-08,3423.9,3562.55,3569.63,3386.01,397868.91
2021-12-09,3576.43,3659.7,3714.66,3544.23,472970.11
2021-12-10,3628.06,3604.19,3658.31,3569.49,332274.96
2021-12-13,3673.58,3645.54,3745.89,3631.94,355350.37
2021-12-14,3631.94,3645.82,3687.46,3593.22,225573.52
2021-12-15,3619.45,3559.77,3630.69,3548.67,263567.82
2021-12-16,3566.71,3555.61,3577.82,3466.09,289712.3
2021-12-17,3534.79,3439.86,3534.79,3435.69,254834.52
2021-12-20,3439.86,3451.52,3499.68,3439.86,188827.4
2021-12-21,3451.52,3391.14,3472.33,3354.36,234542.47
2021-12-22,3402.94,3397.67,3416.82,3375.04,151998.08
2021-12-23,3414.46,3465.53,3499.54,3354.36,282051.16
2021-12-24,3466.92,3533.96,3580.73,3466.92,289429.25
2021-12-27,3491.77,3454.43,3500.09,3409.88,184053.68
2021-12-28,3455.68,3473.45,3501.2,3444.58,143682.16
2021-12-29,3473.45,3308.56,3473.45,3286.36,349758.96
2021-12-30,3299.82,3305.79,3333.54,3278.17,264768.73
2021-12-31,3305.93,3266.37,3309.95,3237.92,240436.67
2022-01-04,3266.37,3278.86,3283.3,3202.8,201786.73
2022-01-05,3268.59,3281.5,3330.49,3243.75,205622.09
2022-01-06,3275.53,3222.24,3312.73,3203.64,197643.47
2022-01-07,3222.1,3196.98,3236.39,3181.15,168682.39
2022-01-10,3170.33,3159.5,3196.56,3092.33,208423.13
2022-01-11,3153.12,3137.3,3178.79,3132.99,131623.34
2022-01-12,3160.2,3200.58,3202.94,3149.23,178942.72
2022-01-13,3215.57,3075.4,3216.13,3062.9,267623.34
2022-01-14,3049.16,3051.8,3095.38,3042.09,136467.59
2022-01-17,3045.97,3074.56,3076.78,3000.45,169362.24
2022-01-18,3074.01,3111.34,3145.9,3039.45,184748.75
2022-01-19,3150.76,3101.77,3150.76,3066.79,144018.64
2022-01-20,3101.77,3135.35,3146.18,3067.76,194685.61
2022-01-21,3132.3,3191.42,3211.69,3107.59,239746.61
2022-01-24,3173.94,3161.03,3200.72,3135.08,138008.57
2022-01-25,3139.93,3067.9,3160.06,3062.9,155582.09
2022-01-26,3064.29,3035.84,3115.09,2982.82,215095.39
2022-01-27,3049.03,2999.06,3108.15,2995.87,209923.25
2022-01-28,3007.25,2929.39,3025.43,2924.11,257814.84
2022-02-07,2951.87,2891.08,2991.57,2878.04,248080.23
2022-02-08,2891.5,2813.08,2900.94,2742.3,304516.87
2022-02-09,2799.2,2896.08,2900.52,2799.2,237420.57
2022-02-10,2896.08,2855.27,2903.3,2828.49,168742.56
2022-02-11,2847.78,2872.35,2932.86,2831.82,273749.28
2022-02-14,2840.84,2924.25,2940.77,2833.9,190316.49
2022-02-15,2935.22,2949.1,2956.87,2907.46,177390.48
2022-02-16,2949.37,2943.68,2960.62,2923.56,119085.41
2022-02-17,2950.21,2916.34,2954.09,2907.74,130546.43
2022-02-18,2910.24,2937.99,2943.27,2888.72,116143.65
2022-02-21,2947.85,2940.77,3006.83,2921.34,151925.67
2022-02-22,2921.48,2860.27,2923.14,2838.76,193677.33
2022-02-23,2858.47,2899.13,2904.41,2841.26,147973.43
2022-02-24,2868.6,2794.9,2882.48,2775.61,259609.87
2022-02-25,2812.94,2819.74,2854.3,2812.94,136663.74
2022-02-28,2826.96,2813.08,2833.9,2771.45,143092.81
2022-03-01,2814.47,2857.36,2867.07,2813.91,200285.21
2022-03-02,2831.12,2801.98,2832.65,2790.88,150164.88
2022-03-03,2809.89,2703.02,2815.86,2702.05,312889.3
2022-03-04,2674.01,2623.91,2693.58,2617.11,312929.74
2022-03-07,2594.49,2479.99,2594.49,2469.58,477389.12
2022-03-08,2535.36,2483.46,2556.32,2469.85,333507.17
2022-03-09,2493.87,2436.68,2504.0,2352.3,399218.92
2022-03-10,2507.61,2565.34,2566.59,2479.85,417739.72
2022-03-11,2521.62,2560.07,2570.89,2497.06,257971.1
2022-03-14,2521.48,2483.73,2529.81,2483.73,181403.03
2022-03-15,2438.35,2357.16,2463.05,2350.91,312945.32
2022-03-16,2438.35,2463.33,2473.74,2329.26,348999.69
2022-03-17,2514.68,2511.08,2561.32,2479.99,348291.53
2022-03-18,2493.87,2506.36,2522.73,2466.11,185857.04
2022-03-21,2532.03,2475.96,2532.45,2466.25,171054.36
2022-03-22,2475.82,2456.39,2498.03,2452.23,122905.08
2022-03-23,2456.67,2479.15,2497.89,2434.74,184638.77
2022-03-24,2457.78,2415.59,2457.78,2406.15,198086.05
2022-03-25,2445.98,2357.71,2446.4,2350.63,213641.1
2022-03-28,2317.6,2274.58,2317.6,2264.86,274466.34
2022-03-29,2271.66,2246.54,2310.25,2245.57,235211.3
2022-03-30,2299.14,2354.38,2354.38,2274.02,323672.69
2022-03-31,2341.2,2328.15,2349.52,2320.38,201366.48
2022-04-01,2327.32,2395.32,2427.66,2319.68,287495.0
2022-04-06,2368.95,2396.85,2428.08,2362.01,179443.0
2022-04-07,2382.83,2402.96,2450.7,2376.31,185572.0
2022-04-08,2410.59,2404.9,2435.16,2389.77,165446.0
2022-04-11,2369.09,2308.72,2378.39,2297.48,242577.0
2022-04-12,2317.05,2450.56,2461.8,2317.05,334164.0
2022-04-13,2435.57,2428.91,2466.11,2405.46,238855.0
2022-04-14,2450.84,2557.29,2577.14,2437.38,431191.0
2022-04-15,2535.5,2534.11,2591.02,2516.07,226440.0
2022-04-18,2520.24,2496.36,2520.24,2455.14,184111.0
2022-04-19,2507.74,2466.11,2535.5,2452.78,164993.0
2022-04-20,2472.91,2478.6,2521.62,2419.47,206341.0
2022-04-21,2452.23,2432.52,2487.34,2420.03,171229.0
2022-04-22,2432.38,2472.08,2482.48,2382.56,200144.0
2022-04-25,2424.47,2327.32,2433.08,2320.38,286351.0
2022-04-26,2327.32,2375.89,2421.83,2320.93,254539.0
2022-04-27,2375.89,2416.0,2444.04,2375.89,239278.0
2022-04-28,2416.14,2477.9,2489.15,2404.35,257120.0
2022-04-29,2484.15,2426.27,2498.03,2380.89,448743.0
2022-05-05,2396.71,2418.09,2458.61,2384.91,244802.0
2022-05-06,2369.37,2355.91,2391.99,2348.27,190861.0
2022-05-09,2327.46,2324.26,2348.14,2290.26,186236.0
2022-05-10,2271.8,2331.9,2348.14,2252.37,201080.0
2022-05-11,2331.9,2362.15,2391.85,2327.32,243902.0
2022-05-12,2343.97,2370.06,2392.27,2342.58,170686.0
2022-05-13,2391.16,2354.24,2394.91,2341.89,152556.0
2022-05-16,2382.42,2329.82,2382.56,2316.21,177651.0
2022-05-17,2329.68,2343.28,2348.0,2322.32,133412.0
2022-05-18,2346.05,2321.49,2348.0,2305.8,165605.0
2022-05-19,2297.75,2306.78,2307.89,2288.73,148783.0
2022-05-20,2317.6,2430.99,2438.07,2309.14,452297.0
2022-05-23,2419.06,2388.8,2426.97,2368.95,276453.0
2022-05-24,2402.68,2349.11,2410.59,2345.08,188552.0
2022-05-25,2347.44,2361.32,2376.73,2327.32,163957.0
2022-05-26,2355.08,2358.13,2392.55,2327.32,194318.0
2022-05-27,2391.85,2368.26,2417.53,2359.1,210683.0
2022-05-30,2396.85,2482.48,2504.27,2396.71,510932.0
2022-05-31,2479.99,2554.93,2574.64,2466.38,486545.0
2022-06-01,2577.0,2541.19,2581.3,2522.04,219302.0
2022-06-02,2522.04,2532.03,2549.38,2517.18,165224.0
2022-06-06,2542.44,2576.31,2583.94,2488.04,278142.0
2022-06-07,2578.53,2592.68,2652.09,2563.26,295077.0
2022-06-08,2595.18,2648.34,2674.15,2577.42,325279.0
2022-06-09,2651.53,2618.91,2672.9,2615.86,207839.0
2022-06-10,2605.31,2638.48,2653.47,2584.08,215630.0
2022-06-13,2607.53,2570.34,2624.33,2550.77,264346.0
2022-06-14,2538.28,2588.24,2591.02,2530.64,197333.0
2022-06-15,2588.52,2636.54,2672.9,2560.35,325441.0
2022-06-16,2646.53,2640.98,2688.17,2632.66,205006.0
2022-06-17,2625.72,2690.67,2690.67,2625.72,286204.0
2022-06-20,2712.6,2722.73,2771.45,2660.41,311954.0
2022-06-21,2711.21,2697.33,2750.63,2680.54,218116.0
2022-06-22,2702.05,2647.51,2714.26,2643.06,223528.0
2022-06-23,2647.92,2679.84,2686.78,2643.62,159725.0
2022-06-24,2695.11,2743.69,2750.77,2673.04,245187.0
2022-06-27,2771.45,2854.72,2891.91,2771.45,366375.0
2022-06-28,2854.72,2947.01,2950.07,2829.74,316786.0
2022-06-29,2952.05,2882.8,2954.13,2861.98,289971.0
2022-06-30,2885.29,3020.61,3063.22,2885.29,425215.0
2022-07-01,3022.7,3035.47,3063.22,2966.07,219366.0
2022-07-04,3007.57,3008.26,3032.69,2968.85,225876.0
2022-07-05,3016.73,2974.54,3030.75,2941.92,262965.0
2022-07-06,2967.74,2920.82,2988.55,2901.53,227633.0
2022-07-07,2920.82,2877.11,2920.82,2833.8,266771.0
2022-07-08,2901.53,2892.51,2921.66,2868.36,164097.0
2022-07-11,2855.32,2846.43,2866.14,2799.52,192575.0
2022-07-12,2838.11,2855.04,2893.07,2820.9,169935.0
2022-07-13,2849.07,2898.06,2921.38,2821.87,189919.0
2022-07-14,2871.28,2856.84,2904.45,2841.85,151079.0
2022-07-15,2857.12,2853.65,2931.51,2827.28,207209.0
2022-07-18,2849.9,2817.98,2852.26,2774.54,178034.0
2022-07-19,2813.4,2839.77,2850.18,2806.46,120214.0
2022-07-20,2866.14,2842.69,2875.86,2827.28,112498.0
2022-07-21,2841.02,2809.24,2853.65,2807.57,110728.0
2022-07-22,2820.34,2798.27,2834.22,2785.64,116986.0
2022-07-25,2811.32,2828.39,2834.22,2782.17,124799.0
2022-07-26,2839.22,2868.78,2882.8,2836.72,137474.0
2022-07-27,2855.73,2828.67,2869.06,2821.17,97491.0
2022-07-28,2833.53,2815.07,2861.98,2811.32,92609.0
2022-07-29,2806.32,2694.04,2806.32,2685.71,340311.0
2022-08-01,2695.43,2696.54,2716.11,2672.11,156082.0
2022-08-02,2673.22,2656.01,2697.65,2620.21,176738.0
2022-08-03,2659.07,2641.16,2709.31,2637.14,154031.0
2022-08-04,2641.3,2671.56,2681.41,2639.22,133686.0
2022-08-05,2680.86,2704.87,2709.31,2663.65,127017.0
2022-08-08,2692.65,2687.24,2737.48,2681.55,130251.0
2022-08-09,2675.31,2674.33,2688.49,2663.79,85386.0
2022-08-10,2654.9,2632.97,2681.55,2619.1,143549.0
2022-08-11,2646.71,2687.24,2687.24,2640.61,139671.0
2022-08-12,2692.65,2698.21,2711.53,2670.59,108619.0
2022-08-15,2683.36,2660.73,2710.7,2656.57,138440.0
2022-08-16,2660.32,2650.05,2678.77,2642.69,109975.0
2022-08-17,2651.16,2663.51,2674.19,2633.25,122116.0
2022-08-18,2646.85,2625.06,2649.63,2605.36,179552.0
2022-08-19,2612.16,2628.26,2648.94,2605.22,126038.0
2022-08-22,2609.38,2598.28,2625.34,2581.07,155130.0
2022-08-23,2601.05,2549.7,2609.24,2542.76,229248.0
2022-08-24,2549.15,2539.15,2570.52,2521.94,180255.0
2022-08-25,2548.17,2569.27,2577.18,2539.01,174854.0
2022-08-26,2603.55,2578.85,2630.2,2571.35,243787.0
2022-08-29,2541.93,2512.92,2571.21,2508.06,254306.0
2022-08-30,2494.18,2494.6,2504.73,2469.06,186433.0
2022-08-31,2478.92,2538.46,2549.42,2473.37,267333.0
2022-09-01,2521.94,2488.08,2521.94,2484.47,158442.0
2022-09-02,2500.98,2464.21,2500.98,2452.69,155924.0
2022-09-05,2438.67,2425.07,2443.53,2398.0,224320.0
2022-09-06,2425.07,2446.02,2457.4,2414.66,146938.0
2022-09-07,2438.67,2423.96,2438.81,2410.91,141508.0
2022-09-08,2438.81,2425.76,2457.4,2423.12,148672.0
2022-09-09,2426.32,2458.93,2461.57,2415.91,203188.0
2022-09-13,2492.52,2489.05,2507.65,2462.26,224554.0
2022-09-14,2466.43,2471.98,2483.5,2452.27,143438.0
2022-09-15,2475.73,2499.74,2528.88,2467.81,244932.0
2022-09-16,2494.18,2453.66,2505.15,2449.49,178052.0
2022-09-19,2449.08,2480.58,2509.87,2432.01,172371.0
2022-09-20,2494.18,2519.03,2521.39,2468.79,184881.0
2022-09-21,2510.7,2486.55,2518.75,2484.47,127648.0
2022-09-22,2466.43,2423.4,2470.45,2418.54,182114.0
2022-09-23,2410.91,2426.59,2447.27,2409.52,120259.0
2022-09-26,2410.91,2467.95,2494.05,2407.72,210416.0
2022-09-27,2493.21,2588.98,2596.89,2466.29,354440.0
2022-09-28,2585.09,2571.91,2612.71,2570.52,244311.0
2022-09-29,2612.02,2556.78,2612.43,2543.45,175647.0
2022-09-30,2575.93,2566.77,2605.22,2561.64,167010.0
2022-10-10,2570.52,2423.4,2578.85,2420.49,256509.0
2022-10-11,2423.54,2419.1,2438.81,2367.89,163898.0
2022-10-12,2415.07,2391.48,2415.07,2327.64,242385.0
2022-10-13,2369.13,2349.43,2378.71,2334.71,191401.0
2022-10-14,2363.44,2426.45,2442.83,2363.31,228723.0
2022-10-17,2406.47,2406.05,2417.85,2373.3,146701.0
2022-10-18,2420.35,2420.63,2452.27,2411.19,139689.0
2022-10-19,2417.99,2362.33,2417.99,2355.39,173929.0
2022-10-20,2334.58,2357.48,2394.26,2327.64,161200.0
2022-10-21,2355.39,2329.72,2357.2,2320.7,163210.0
2022-10-24,2300.02,2205.92,2305.57,2192.32,344039.0
2022-10-25,2171.5,2190.51,2234.23,2168.17,209630.0
2022-10-26,2201.34,2208.28,2242.97,2188.85,179593.0
2022-10-27,2230.21,2120.84,2231.45,2113.62,369655.0
2022-10-28,2127.22,2126.39,2160.67,2107.93,255862.0
2022-10-31,2094.47,2070.87,2111.12,2054.64,225917.0
2022-11-01,2099.33,2196.9,2196.9,2069.63,391551.0
2022-11-02,2188.85,2211.33,2249.64,2161.92,318674.0
2022-11-03,2175.11,2173.86,2181.91,2157.06,192819.0
2022-11-04,2168.03,2299.88,2327.64,2165.95,478983.0
2022-11-07,2286.0,2315.7,2337.35,2267.68,228691.0
2022-11-08,2313.9,2265.04,2331.38,2245.89,235678.0
2022-11-09,2261.02,2236.03,2286.69,2231.59,151242.0
2022-11-10,2223.4,2241.03,2252.13,2212.58,176748.0
2022-11-11,2320.56,2300.16,2320.7,2251.86,368534.0
2022-11-14,2313.76,2304.04,2374.96,2298.49,281953.0
2022-11-15,2304.04,2357.48,2369.27,2277.95,276567.0
2022-11-16,2357.48,2358.31,2390.09,2342.63,182594.0
2022-11-17,2348.45,2335.96,2380.24,2313.76,165581.0
2022-11-18,2341.52,2349.98,2373.44,2337.49,145856.0
2022-11-21,2306.82,2285.03,2313.34,2272.12,217625.0
2022-11-22,2284.89,2303.07,2340.13,2283.36,143770.0
2022-11-23,2303.07,2296.69,2320.7,2284.61,113462.0
2022-11-24,2313.76,2269.48,2320.56,2258.24,150858.0
2022-11-25,2271.15,2263.52,2285.03,2249.91,106766.0
2022-11-28,2228.12,2267.26,2272.26,2189.54,190131.0
2022-11-29,2298.77,2369.97,2371.36,2298.49,410407.0
2022-11-30,2366.5,2395.09,2438.25,2355.39,252286.0
2022-12-01,2508.06,2502.37,2577.32,2492.24,440921.0
2022-12-02,2505.29,2481.14,2534.16,2470.03,210478.0
2022-12-05,2561.91,2556.78,2577.18,2517.5,297958.0
2022-12-06,2549.28,2652.4,2691.54,2537.21,433695.0
2022-12-07,2652.54,2628.53,2685.71,2619.23,311288.0
2022-12-08,2619.1,2643.52,2654.49,2605.36,156448.0
2022-12-09,2641.72,2761.63,2764.41,2634.64,419578.0
2022-12-12,2744.01,2693.35,2763.16,2687.24,299060.0
2022-12-13,2688.49,2708.89,2728.74,2661.01,192762.0
2022-12-14,2708.61,2772.87,2789.39,2693.49,286989.0
2022-12-15,2774.54,2743.45,2796.75,2726.94,199344.0
2022-12-16,2719.3,2751.22,2759.0,2697.65,186426.0
2022-12-19,2764.82,2715.55,2781.62,2702.37,194184.0
2022-12-20,2715.42,2612.29,2723.19,2575.79,343458.0
2022-12-21,2646.85,2639.77,2656.15,2626.73,153853.0
2022-12-22,2661.15,2709.31,2737.76,2642.27,244424.0
2022-12-23,2674.61,2720.27,2757.89,2666.28,198620.0
2022-12-26,2720.27,2696.82,2732.9,2682.38,178298.0
2022-12-27,2716.25,2730.82,2750.95,2704.45,152275.0
2022-12-28,2729.99,2718.75,2729.99,2686.82,139378.0
2022-12-29,2702.37,2698.9,2716.25,2671.0,168505.0
2022-12-30,2713.19,2725.82,2732.76,2702.37,149765.0
2023-01-03,2730.13,2691.27,2741.37,2667.81,182062.0
2023-01-04,2688.49,2697.1,2723.19,2664.9,128836.0
2023-01-05,2737.07,2841.16,2848.24,2721.8,402791.0
2023-01-06,2870.44,2861.42,2870.44,2824.23,233383.0
2023-01-09,2889.04,2936.65,2950.66,2857.26,275573.0
2023-01-10,2935.54,2927.76,2948.17,2919.02,202752.0
2023-01-11,2924.99,2911.94,2938.17,2891.12,169995.0
2023-01-12,2924.43,2902.09,2935.12,2882.94,138227.0
2023-01-13,2902.09,2974.12,2985.64,2901.39,245064.0
2023-01-16,2993.83,3084.32,3122.49,2993.83,363525.0
2023-01-17,3090.98,3033.52,3101.81,3016.17,215079.0
2023-01-18,3062.25,3074.33,3157.46,3053.79,272412.0
2023-01-19,3083.35,3067.39,3084.04,3026.44,181199.0
2023-01-20,3103.33,3114.85,3160.38,3092.37,273480.0
2023-01-30,3251.84,3238.1,3269.88,3192.02,321809.0
2023-01-31,3229.63,3118.74,3240.46,3117.35,257247.0
2023-02-01,3111.8,3133.45,3140.95,3046.01,256552.0
2023-02-02,3156.07,3167.45,3195.07,3134.7,183272.0
2023-02-03,3132.62,3132.62,3160.38,3077.1,199352.0
2023-02-06,2987.31,3017.42,3056.7,2956.08,334075.0
2023-02-07,3017.42,3037.82,3067.39,3014.65,158116.0
2023-02-08,3037.82,2987.58,3049.34,2969.12,169057.0
2023-02-09,2989.11,3096.39,3101.25,2987.58,244940.0
2023-02-10,3096.39,3059.06,3097.64,3037.13,140321.0
2023-02-13,3035.47,3165.93,3200.63,3035.33,289088.0
2023-02-14,3165.93,3122.07,3184.66,3113.19,184902.0
2023-02-15,3154.69,3146.5,3186.61,3125.68,169258.0
2023-02-16,3123.6,3143.58,3197.57,3102.08,213380.0
2023-02-17,3124.98,3106.94,3194.38,3104.86,184468.0
2023-02-20,3107.64,3173.56,3185.36,3070.16,191668.0
2023-02-21,3167.32,3133.73,3168.98,3111.8,139396.0
2023-02-22,3111.11,3097.92,3140.11,3084.04,141005.0
2023-02-23,3084.04,3064.61,3107.91,3045.18,145808.0
2023-02-24,3064.19,3009.1,3064.19,2991.33,203957.0
2023-02-27,2980.78,3060.59,3080.29,2977.73,172996.0
2023-02-28,3090.98,3055.17,3105.69,3022.7,114801.0
2023-03-01,3051.7,3096.26,3116.66,3034.08,154466.0
2023-03-02,3078.49,3080.43,3099.45,3068.22,74477.0
2023-03-03,3104.86,3073.77,3125.12,3042.4,92837.0
2023-03-06,3063.36,3057.39,3084.04,3029.64,111402.0
2023-03-07,3054.2,3000.07,3054.2,2995.36,125272.0
2023-03-08,2979.95,2984.11,3014.65,2966.07,102191.0
2023-03-09,2979.95,2966.07,2989.66,2909.17,168505.0
2023-03-10,2941.23,2927.76,2988.0,2926.79,110957.0
2023-03-13,2924.43,2974.4,2997.71,2924.43,126472.0
2023-03-14,2975.79,2928.32,2976.06,2906.39,102843.0
2023-03-15,2966.07,2887.24,2984.53,2886.96,129880.0
2023-03-16,2868.92,2871.69,2913.33,2845.74,120544.0
2023-03-17,2908.47,2834.22,2913.89,2827.28,156070.0
2023-03-20,2855.04,2798.13,2863.23,2785.64,154643.0
2023-03-21,2818.95,2886.13,2898.2,2788.7,187893.0
2023-03-22,2886.27,2879.6,2939.42,2874.75,108532.0
2023-03-23,2867.53,2918.6,2938.17,2855.87,132842.0
2023-03-24,2910.55,2896.95,2937.62,2875.86,102530.0
2023-03-27,2894.04,2860.73,2894.45,2841.16,118799.0
2023-03-28,2860.45,2889.74,2909.31,2857.95,109186.0
2023-03-29,2910.55,2928.32,2938.31,2877.24,159539.0
2023-03-30,2928.32,2971.48,2979.39,2913.05,151487.0
2023-03-31,3007.71,2952.19,3021.59,2952.19,127590.0
2023-04-03,2951.91,2927.07,2952.19,2897.79,133660.0
2023-04-04,2931.37,2940.39,2947.47,2895.98,142473.0
2023-04-06,2924.43,2862.53,2924.43,2842.13,151075.0
2023-04-07,2852.26,2841.99,2880.44,2820.9,113038.0
2023-04-10,2785.64,2780.79,2785.92,2691.27,339732.0
2023-04-11,2771.35,2723.6,2773.85,2716.39,191194.0
2023-04-12,2730.13,2658.23,2731.65,2654.49,272834.0
2023-04-13,2660.73,2686.82,2714.86,2654.49,210802.0
2023-04-14,2691.54,2655.04,2695.43,2647.27,144653.0
2023-04-17,2671.7,2690.99,2715.14,2667.53,185553.0
2023-04-18,2702.37,2692.93,2718.61,2682.66,144067.0
2023-04-19,2697.79,2664.76,2701.81,2653.79,126172.0
2023-04-20,2665.45,2626.03,2674.33,2612.16,148009.0
2023-04-21,2632.97,2605.22,2651.02,2602.44,120920.0
2023-04-24,2606.6,2549.7,2617.71,2542.76,176091.0
2023-04-25,2549.7,2574.68,2575.79,2517.08,154897.0
2023-04-26,2564.97,2558.17,2593.84,2543.87,148127.0
2023-04-27,2558.03,2565.94,2581.62,2527.49,150393.0
2023-04-28,2594.95,2563.58,2604.52,2548.03,179386.0
2023-05-04,2612.16,2562.89,2618.4,2542.07,265878.0
2023-05-05,2562.89,2628.95,2634.36,2553.17,251727.0
2023-05-08,2639.91,2596.89,2653.79,2588.42,177534.0
2023-05-09,2588.98,2643.66,2681.55,2577.46,222923.0
2023-05-10,2616.32,2623.54,2639.91,2599.53,118910.0
2023-05-11,2632.7,2613.13,2667.53,2608.13,122896.0
2023-05-12,2607.99,2568.71,2639.91,2568.58,129592.0
2023-05-15,2553.17,2611.32,2612.02,2550.12,130800.0
2023-05-16,2609.38,2584.26,2610.21,2574.68,99365.0
2023-05-17,2577.46,2568.3,2589.95,2560.11,86022.0
2023-05-18,2570.38,2558.86,2587.31,2549.7,87804.0
2023-05-19,2550.95,2588.56,2594.95,2532.35,120746.0
2023-05-22,2589.81,2683.08,2703.2,2564.69,302445.0
2023-05-23,2685.71,2632.97,2695.43,2632.97,136724.0
2023-05-24,2626.31,2582.32,2632.7,2582.32,133551.0
2023-05-25,2569.41,2552.48,2573.02,2542.07,143925.0
2023-05-26,2552.48,2578.85,2603.69,2549.7,122875.0
2023-05-29,2590.5,2553.31,2603.13,2543.87,129769.0
2023-05-30,2549.7,2510.42,2569.82,2487.24,183603.0
2023-05-31,2508.06,2455.05,2509.87,2438.95,213448.0
2023-06-01,2473.23,2484.75,2530.27,2455.32,169016.0
2023-06-02,2508.06,2548.31,2555.25,2484.89,192084.0
2023-06-05,2539.71,2510.84,2545.26,2502.93,113447.0
2023-06-06,2526.11,2516.67,2555.67,2501.54,135368.0
2023-06-07,2524.02,2494.18,2536.52,2494.18,95326.0
2023-06-08,2497.1,2505.56,2522.91,2480.58,91573.0
2023-06-09,2507.23,2502.37,2521.66,2491.41,119635.0
2023-06-12,2494.46,2583.15,2605.22,2479.47,241838.0
2023-06-13,2577.46,2620.21,2631.59,2569.27,182936.0
2023-06-14,2644.08,2684.05,2707.23,2614.38,241015.0
2023-06-15,2705.28,2744.01,2755.39,2688.49,240450.0
2023-06-16,2752.33,2772.87,2793.97,2737.07,216314.0
2023-06-19,2757.89,2682.11,2767.74,2667.67,242342.0
2023-06-20,2674.61,2633.11,2694.04,2627.42,178689.0
2023-06-21,2632.84,2596.89,2645.33,2594.11,139485.0
2023-06-26,2570.52,2531.1,2575.93,2508.06,219340.0
2023-06-27,2549.03,2576.1,2581.37,2521.69,200679.0
2023-06-28,2563.75,2583.73,2610.52,2551.95,119426.0
2023-06-29,2574.43,2544.04,2581.37,2536.54,117724.0
2023-06-30,2556.39,2540.71,2561.94,2530.02,103371.0
2023-07-03,2536.54,2593.31,2595.11,2530.71,173373.0
2023-07-04,2588.31,2605.24,2609.13,2568.19,125957.0
2023-07-05,2595.53,2565.83,2596.64,2560.55,115416.0
2023-07-06,2564.72,2550.84,2585.67,2544.59,101450.0
2023-07-07,2549.31,2541.96,2560.55,2537.24,78970.0
2023-07-10,2560.28,2555.0,2581.37,2549.59,96715.0
2023-07-11,2566.8,2562.5,2571.1,2545.01,70206.0
2023-07-12,2563.33,2566.94,2583.59,2560.55,118840.0
2023-07-13,2600.53,2666.73,2671.59,2583.45,323514.0
2023-07-14,2679.91,2657.57,2690.04,2640.91,150723.0
2023-07-17,2636.89,2625.23,2643.55,2604.41,93257.0
2023-07-18,2625.78,2607.74,2633.14,2602.19,81959.0
2023-07-19,2599.69,2606.63,2612.74,2585.67,76856.0
2023-07-20,2616.07,2609.96,2647.71,2603.3,127502.0
2023-07-21,2628.28,2647.58,2685.46,2600.53,195387.0
2023-07-24,2617.87,2621.07,2629.95,2600.8,131716.0
2023-07-25,2713.22,2761.8,2778.04,2701.7,440632.0
2023-07-26,2761.8,2738.2,2778.18,2725.02,174025.0
2023-07-27,2754.44,2747.37,2780.54,2725.02,187987.0
2023-07-28,2731.27,2785.12,2798.72,2721.97,319693.0
2023-07-31,2860.34,2782.62,2887.68,2782.34,315594.0
2023-08-01,2792.19,2767.07,2826.34,2747.92,195718.0
2023-08-02,2754.86,2740.7,2782.48,2729.88,155080.0
2023-08-03,2727.66,2749.31,2768.18,2701.15,152646.0
2023-08-04,2788.03,2758.75,2803.44,2750.7,143478.0
2023-08-07,2745.14,2731.4,2758.75,2718.77,156930.0
2023-08-08,2715.72,2725.44,2741.81,2701.84,116143.0
2023-08-09,2733.49,2729.6,2739.32,2714.61,86796.0
2023-08-10,2725.44,2717.53,2727.1,2694.62,104238.0
2023-08-11,2733.49,2662.7,2734.74,2661.45,148886.0
2023-08-14,2629.95,2610.8,2634.53,2574.43,210945.0
2023-08-15,2610.66,2581.37,2614.68,2570.13,168145.0
2023-08-16,2578.32,2584.15,2593.86,2563.33,116277.0
2023-08-17,2573.04,2608.3,2610.66,2553.61,166932.0
2023-08-18,2608.02,2540.15,2611.63,2539.74,279480.0
2023-08-21,2521.41,2518.5,2551.67,2510.31,164507.0
2023-08-22,2527.52,2521.0,2539.74,2497.82,156921.0
2023-08-23,2519.61,2491.3,2520.86,2491.16,146839.0
2023-08-24,2492.27,2522.53,2539.74,2480.19,175895.0
2023-08-25,2505.32,2512.67,2529.6,2498.79,116302.0
2023-08-28,2602.33,2456.32,2615.93,2449.66,545771.0
2023-08-29,2435.64,2482.83,2492.55,2426.34,238732.0
2023-08-30,2482.83,2460.9,2492.82,2457.85,225987.0
2023-08-31,2460.9,2434.39,2461.04,2433.28,220018.0
2023-09-01,2449.52,2487.55,2490.6,2449.52,232387.0
2023-09-04,2513.37,2601.22,2602.19,2513.37,464965.0
2023-09-05,2599.41,2570.55,2605.38,2563.88,190550.0
2023-09-06,2561.39,2570.13,2580.68,2546.67,130493.0
2023-09-07,2560.55,2534.18,2562.91,2531.41,118861.0
2023-09-08,2522.53,2517.81,2528.63,2498.1,104972.0
2023-09-11,2505.04,2551.53,2564.86,2493.24,160683.0
2023-09-12,2538.35,2532.52,2547.51,2527.38,89428.0
2023-09-13,2546.67,2541.82,2565.97,2525.16,131147.0
2023-09-14,2541.82,2518.92,2549.87,2505.45,130473.0
2023-09-15,2519.89,2487.13,2533.35,2481.44,177555.0
2023-09-18,2477.28,2530.02,2532.93,2463.54,162983.0
2023-09-19,2519.06,2503.79,2521.69,2484.22,113674.0
2023-09-20,2493.93,2488.94,2505.04,2486.99,87124.0
2023-09-21,2477.28,2458.68,2484.22,2456.74,129455.0
2023-09-22,2449.52,2490.05,2495.46,2445.36,154320.0
2023-09-25,2487.83,2475.89,2489.49,2471.73,105365.0
2023-09-26,2475.61,2444.66,2483.8,2444.66,125016.0
2023-09-27,2444.8,2443.83,2472.42,2435.64,132812.0
2023-09-28,2443.83,2437.03,2454.8,2431.2,123857.0
2023-10-09,2436.89,2411.63,2436.89,2377.35,153573.0
2023-10-10,2428.56,2399.7,2443.69,2394.84,127175.0
2023-10-11,2415.8,2403.72,2424.96,2399.0,99122.0
2023-10-12,2425.23,2431.9,2435.64,2410.8,137972.0
2023-10-13,2414.82,2402.75,2414.82,2380.27,142934.0
2023-10-16,2395.12,2354.31,2399.56,2348.34,152366.0
2023-10-17,2354.31,2358.06,2369.58,2332.38,107202.0
2023-10-18,2352.09,2341.82,2370.69,2340.99,101105.0
2023-10-19,2324.61,2272.56,2324.61,2268.54,217385.0
2023-10-20,2255.22,2264.93,2295.88,2249.25,133164.0
2023-10-23,2264.1,2265.62,2294.22,2246.89,120292.0
2023-10-24,2265.76,2269.79,2282.83,2237.17,167074.0
2023-10-25,2310.04,2343.21,2366.25,2310.04,254422.0
2023-10-26,2324.61,2366.94,2369.02,2321.83,146177.0
2023-10-27,2360.28,2393.87,2401.64,2354.59,170654.0
2023-10-30,2434.95,2443.97,2468.4,2421.76,274030.0
2023-10-31,2456.46,2435.64,2458.54,2422.04,144979.0
2023-11-01,2574.43,2491.16,2592.2,2491.16,469346.0
2023-11-02,2492.27,2462.01,2504.48,2459.65,165132.0
2023-11-03,2462.01,2486.58,2491.16,2458.68,138144.0
2023-11-06,2500.46,2488.94,2503.23,2470.34,137512.0
2023-11-07,2481.44,2481.58,2489.77,2463.4,107304.0
2023-11-08,2470.34,2472.14,2488.11,2457.43,126463.0
2023-11-09,2463.4,2471.03,2484.22,2463.4,91989.0
2023-11-10,2456.46,2448.13,2467.29,2442.58,89631.0
2023-11-13,2447.99,2420.1,2451.88,2408.72,125575.0
2023-11-14,2433.98,2434.25,2461.87,2421.76,112992.0
2023-11-15,2460.76,2452.99,2465.34,2445.36,101757.0
2023-11-16,2449.52,2440.78,2459.24,2437.45,70364.0
2023-11-17,2428.7,2421.76,2442.3,2412.88,84521.0
2023-11-20,2421.62,2413.44,2434.81,2402.33,114859.0
2023-11-21,2421.76,2425.93,2444.53,2397.48,166977.0
2023-11-22,2410.66,2401.08,2420.65,2401.08,86913.0
2023-11-23,2394.01,2394.98,2400.25,2378.04,94576.0
2023-11-24,2392.62,2397.2,2406.22,2384.43,93095.0
2023-11-27,2391.09,2341.96,2391.23,2336.96,185270.0
2023-11-28,2342.51,2335.02,2353.48,2319.75,139103.0
2023-11-29,2332.66,2328.77,2332.94,2309.34,86485.0
2023-11-30,2326.97,2340.57,2343.9,2324.75,106833.0
2023-12-01,2338.49,2313.65,2338.49,2296.99,134304.0
2023-12-04,2303.65,2294.77,2320.03,2291.16,106956.0
2023-12-05,2289.91,2250.64,2294.49,2244.67,150411.0
2023-12-06,2249.66,2270.48,2285.75,2236.62,144742.0
2023-12-07,2270.48,2248.55,2272.84,2234.4,151071.0
2023-12-08,2248.55,2254.24,2273.26,2244.39,144759.0
2023-12-11,2208.03,2202.48,2213.58,2165.83,323121.0
2023-12-12,2185.82,2203.86,2209.14,2182.07,144023.0
2023-12-13,2194.15,2127.25,2195.26,2124.48,318646.0
2023-12-14,2144.18,2111.57,2157.78,2111.57,214418.0
2023-12-15,2125.72,2126.14,2155.29,2113.65,200133.0
2023-12-18,2103.24,2130.3,2141.41,2100.74,129300.0
2023-12-19,2130.17,2121.01,2130.17,2110.32,130160.0
2023-12-20,2128.22,2104.35,2129.33,2103.93,106300.0
2023-12-21,2100.88,2131.69,2136.55,2095.33,176648.0
2023-12-22,2131.14,2122.25,2141.41,2110.46,164023.0
2023-12-25,2120.87,2137.94,2138.22,2115.73,98621.0
2023-12-26,2137.94,2134.75,2137.94,2124.89,73678.0
2023-12-27,2134.75,2127.95,2141.13,2116.84,104309.0
2023-12-28,2127.95,2214.97,2229.4,2124.06,336109.0
2023-12-29,2213.58,2217.88,2236.34,2203.72,194541.0
2024-01-02,2217.74,2158.06,2217.74,2155.29,215270.0
2024-01-03,2157.78,2142.52,2167.36,2126.83,164171.0
2024-01-04,2142.52,2106.99,2142.8,2102.69,178763.0
2024-01-05,2102.55,2092.0,2120.59,2085.61,156304.0
2024-01-08,2088.81,2048.42,2090.61,2047.03,210200.0
2024-01-09,2048.42,2044.39,2066.18,2038.84,174838.0
2024-01-10,2044.39,2058.13,2068.96,2019.41,165304.0
2024-01-11,2056.75,2069.51,2081.73,2036.21,156464.0
2024-01-12,2059.24,2057.44,2076.45,2048.42,119208.0
2024-01-15,2047.03,2056.47,2066.32,2034.26,115826.0
2024-01-16,2045.92,2052.72,2064.8,2032.18,125287.0
2024-01-17,2041.48,2007.34,2044.25,2007.34,176757.0
2024-01-18,2002.62,2045.64,2048.83,1980.27,235948.0
2024-01-19,2033.15,2059.38,2067.99,2020.94,225020.0
2024-01-22,2052.58,2033.15,2062.99,2016.5,213410.0
2024-01-23,2030.38,2038.43,2048.7,2012.06,161987.0
2024-01-24,2049.53,2047.72,2053.69,2009.0,166824.0
2024-01-25,2047.03,2090.19,2090.19,2040.92,273421.0
2024-01-26,2076.32,2088.67,2102.41,2067.85,193174.0
2024-01-29,2089.92,2099.49,2125.72,2089.92,216150.0
2024-01-30,2085.89,2043.01,2087.28,2041.2,170720.0
2024-01-31,2040.09,2023.44,2056.47,2023.3,135218.0
2024-02-01,2015.66,2026.21,2043.14,2007.34,137875.0
2024-02-02,2026.21,1989.02,2056.05,1971.53,210862.0
2024-02-05,1989.02,2027.18,2045.37,1976.39,308042.0
2024-02-06,2019.27,2116.29,2116.43,2015.11,323842.0
2024-02-07,2117.95,2128.5,2140.02,2103.93,290673.0
2024-02-08,2141.41,2124.61,2159.73,2112.26,243748.0
2024-02-19,2198.31,2160.14,2199.01,2141.13,288579.0
2024-02-20,2158.06,2135.58,2171.94,2116.43,211819.0
2024-02-21,2121.98,2227.74,2250.77,2114.2,466563.0
2024-02-22,2215.11,2228.85,2236.62,2205.67,188401.0
2024-02-23,2228.01,2237.31,2260.49,2214.27,184393.0
2024-02-26,2234.4,2210.25,2245.22,2200.39,139947.0
2024-02-27,2199.84,2210.25,2210.8,2186.51,150617.0
2024-02-28,2210.25,2207.06,2233.01,2196.51,196194.0
2024-02-29,2199.7,2244.81,2245.92,2195.54,176604.0
2024-03-01,2242.03,2249.53,2266.04,2225.79,158813.0
2024-03-04,2234.54,2218.16,2244.11,2214.13,154307.0
2024-03-05,2213.3,2235.65,2239.67,2204.28,160016.0
2024-03-06,2227.46,2200.53,2231.62,2192.9,176528.0
2024-03-07,2200.53,2189.29,2213.3,2189.29,112198.0
2024-03-08,2186.65,2191.65,2201.5,2167.22,122452.0
2024-03-11,2190.68,2229.68,2231.48,2186.1,193569.0
2024-03-12,2229.82,2328.91,2342.65,2229.82,450791.0
2024-03-13,2317.67,2321.28,2340.99,2312.67,179130.0
2024-03-14,2313.51,2346.26,2366.25,2311.56,222274.0
2024-03-15,2338.49,2386.93,2418.71,2335.71,238874.0
2024-03-18,2385.68,2400.95,2417.04,2362.22,189874.0
2024-03-19,2406.22,2454.66,2476.86,2401.5,338826.0
2024-03-20,2447.86,2448.83,2467.01,2428.56,161600.0
2024-03-21,2448.13,2444.11,2470.9,2430.78,136430.0
2024-03-22,2441.19,2399.97,2446.19,2385.12,201564.0
2024-03-25,2387.2,2376.24,2392.62,2352.37,161675.0
2024-03-26,2376.93,2424.82,2427.04,2376.93,180890.0
2024-03-27,2421.76,2389.29,2425.93,2388.45,123630.0
2024-03-28,2389.29,2395.39,2426.48,2380.82,144192.0
2024-03-29,2395.39,2401.08,2422.04,2387.9,88348.0
2024-04-01,2414.82,2453.41,2471.17,2414.82,177262.0
2024-04-02,2449.52,2428.7,2452.02,2419.82,114101.0
2024-04-03,2434.25,2416.21,2449.11,2398.17,98261.0
2024-04-08,2380.13,2314.76,2380.13,2311.43,270007.0
2024-04-09,2303.79,2303.51,2327.53,2292.41,130397.0
2024-04-10,2299.63,2256.88,2303.79,2243.28,171676.0
2024-04-11,2249.66,2246.06,2250.5,2221.91,159943.0
2024-04-12,2241.34,2220.38,2261.46,2214.97,134073.0
2024-04-15,2221.91,2315.17,2324.33,2214.41,254292.0
2024-04-16,2305.18,2282.56,2312.95,2273.4,135678.0
2024-04-17,2276.45,2287.14,2290.47,2266.32,137023.0
2024-04-18,2270.07,2282.7,2307.68,2259.38,152453.0
2024-04-19,2268.82,2253.83,2276.03,2241.2,127262.0
2024-04-22,2253.83,2276.87,2303.51,2253.83,140366.0
2024-04-23,2269.09,2311.15,2317.53,2268.68,171712.0
2024-04-24,2323.64,2338.21,2341.27,2296.85,142251.0
2024-04-25,2331.55,2338.21,2343.35,2311.01,100776.0
2024-04-26,2341.27,2383.6,2389.84,2341.27,179462.0
2024-04-29,2366.25,2376.66,2443.41,2352.51,275385.0
2024-04-30,2384.29,2358.34,2400.81,2358.34,155296.0
2024-05-06,2400.11,2421.9,2467.98,2399.56,316796.0
2024-05-07,2421.76,2434.81,2441.47,2401.64,145500.0
2024-05-08,2435.37,2421.76,2440.08,2412.74,101074.0
2024-05-09,2412.46,2419.54,2431.34,2404.14,113275.0
2024-05-10,2421.76,2413.85,2434.12,2391.23,102514.0
2024-05-13,2391.23,2367.64,2393.73,2356.12,172628.0
2024-05-14,2367.64,2370.97,2378.04,2352.78,113455.0
2024-05-15,2370.83,2371.38,2377.77,2359.31,78428.0
2024-05-16,2375.96,2408.58,2422.87,2362.22,149376.0
2024-05-17,2407.88,2441.33,2441.61,2396.92,161843.0
2024-05-20,2441.19,2453.69,2488.38,2441.19,193736.0
2024-05-21,2446.75,2443.14,2452.02,2423.01,88037.0
2024-05-22,2435.78,2423.43,2441.33,2411.63,108478.0
2024-05-23,2421.76,2402.33,2435.23,2398.45,89889.0
2024-05-24,2392.06,2368.33,2395.81,2366.25,112039.0
2024-05-27,2368.19,2374.3,2384.29,2360.42,101567.0
2024-05-28,2374.58,2352.78,2379.29,2352.37,103874.0
2024-05-29,2353.06,2341.4,2366.11,2336.55,91024.0
2024-05-30,2337.8,2300.46,2337.8,2295.6,161111.0
2024-05-31,2309.34,2306.57,2324.47,2305.18,131412.0
2024-06-03,2309.2,2296.58,2314.2,2278.12,140930.0
2024-06-04,2296.58,2321.56,2326.0,2289.91,103021.0
2024-06-05,2320.72,2293.52,2324.61,2291.99,111148.0
2024-06-06,2296.99,2281.59,2305.46,2269.93,127309.0
2024-06-07,2289.91,2246.06,2290.61,2239.95,158693.0
2024-06-11,2233.01,2192.48,2233.01,2185.82,206655.0
2024-06-12,2187.21,2184.43,2211.22,2179.58,154524.0
2024-06-13,2184.29,2138.08,2187.21,2136.41,243623.0
2024-06-14,2133.08,2153.62,2153.9,2103.8,287219.0
2024-06-17,2135.86,2154.32,2160.28,2092.83,246272.0
2024-06-18,2144.18,2128.78,2176.66,2122.25,202981.0
2024-06-19,2132.8,2133.36,2148.35,2114.07,137045.0
2024-06-20,2131.69,2105.32,2145.16,2105.04,126192.0
2024-06-21,2102.69,2077.56,2114.48,2058.13,213886.0
2024-06-24,2019.55,2089.08,2111.85,2013.72,239235.0
2024-06-25,2099.77,2095.75,2120.45,2083.12,177152.0
2024-06-26,2080.34,2092.83,2105.04,2079.65,102212.0
2024-06-27,2093.25,2069.93,2093.8,2057.02,122646.0
2024-06-28,2060.77,2047.59,2081.59,2040.92,156899.0
2024-07-01,2049.81,2051.19,2063.13,2019.27,154335.0
2024-07-02,2042.87,2096.44,2111.98,2040.09,247479.0
2024-07-03,2096.44,2088.67,2112.26,2076.18,124277.0
2024-07-04,2088.67,2082.98,2108.1,2075.2,100495.0
2024-07-05,2082.98,2060.22,2102.13,2048.97,139413.0
2024-07-08,2060.63,2018.02,2063.69,2008.45,207455.0
2024-07-09,2018.02,2034.12,2049.81,2007.89,195404.0
2024-07-10,2026.21,2026.77,2053.41,2021.77,154572.0
2024-07-11,2040.09,2081.45,2095.61,2035.51,257796.0
2024-07-12,2093.53,2103.52,2108.93,2079.23,189387.0
2024-07-15,2097.97,2104.91,2130.72,2092.14,119738.0
2024-07-16,2094.22,2104.63,2113.23,2081.31,154689.0
2024-07-17,2097.97,2150.15,2153.34,2089.22,228842.0
2024-07-18,2140.16,2154.87,2181.24,2140.02,185917.0
2024-07-19,2149.04,2187.07,2188.04,2136.55,190244.0
2024-07-22,2186.79,2156.54,2194.43,2153.48,156429.0
2024-07-23,2153.62,2095.19,2160.56,2095.19,197564.0
2024-07-24,2092.14,2084.92,2107.68,2077.15,143650.0
2024-07-25,2071.6,2081.03,2093.25,2071.6,118141.0
2024-07-26,2084.09,2086.86,2103.24,2071.6,114215.0
2024-07-29,2084.09,2057.72,2093.8,2057.72,139364.0
2024-07-30,2042.45,2046.48,2060.49,2021.35,207253.0
2024-07-31,2038.01,2096.02,2114.34,2037.73,260579.0
2024-08-01,2096.16,2056.33,2097.27,2054.66,174739.0
2024-08-02,2042.45,2052.17,2063.55,2040.78,99502.0
2024-08-05,2052.17,2084.09,2111.85,2050.78,241892.0
2024-08-06,2091.3,2082.7,2111.85,2075.48,153473.0
2024-08-07,2084.09,2097.97,2106.02,2074.37,132591.0
2024-08-08,2090.75,2116.7,2135.02,2083.39,200131.0
2024-08-09,2132.66,2112.96,2139.6,2108.24,158468.0
2024-08-12,2104.91,2107.82,2118.65,2099.63,73108.0
2024-08-13,2106.16,2078.54,2111.29,2071.87,124517.0
2024-08-14,2077.15,2060.91,2078.4,2054.8,94947.0
2024-08-15,2056.61,2069.51,2086.17,2054.39,111623.0
2024-08-16,2063.27,2070.35,2075.34,2050.5,97267.0
2024-08-19,2070.21,2055.64,2097.97,2054.94,138759.0
2024-08-20,2055.64,2044.53,2056.33,2037.73,109852.0
2024-08-21,2039.67,2031.35,2044.39,2029.96,97108.0
2024-08-22,2031.49,2014.55,2033.98,2000.26,185285.0
2024-08-23,2009.14,2016.22,2029.96,2008.03,88988.0
2024-08-26,2014.41,1974.72,2026.77,1973.61,204010.0
2024-08-27,1968.89,1968.89,1975.83,1939.05,156609.0
2024-08-28,1959.18,1917.54,1959.18,1902.55,247292.0
2024-08-29,1938.36,1983.88,2004.84,1933.22,300256.0
2024-08-30,1973.06,2042.87,2065.49,1956.12,337798.0
2024-09-02,2028.57,1986.93,2032.87,1986.93,177555.0
2024-09-03,1988.04,2005.25,2021.22,1986.93,127984.0
2024-09-04,1991.51,1988.46,2011.92,1987.35,84692.0
2024-09-05,1988.32,1994.57,1999.15,1979.99,82795.0
2024-09-06,1993.87,1966.53,1993.87,1966.12,77722.0
2024-09-09,1957.79,1948.35,1965.98,1938.64,111587.0
2024-09-10,1948.35,1951.27,1976.66,1943.91,106050.0
2024-09-11,1942.52,1945.44,1960.15,1931.42,76591.0
2024-09-12,1945.3,1908.66,1950.57,1908.66,169848.0
2024-09-13,1907.82,1850.92,1907.82,1850.92,311531.0
2024-09-18,1837.74,1829.96,1856.06,1823.3,177639.0
2024-09-19,1830.52,1874.51,1901.72,1811.09,318181.0
2024-09-20,1863.83,1865.91,1873.82,1842.59,196681.0
2024-09-23,1874.65,1893.81,1914.62,1867.58,203712.0
2024-09-24,1930.03,2005.81,2006.37,1910.74,473469.0
2024-09-25,2050.78,2029.96,2078.81,2026.91,417189.0
2024-09-26,2029.96,2199.42,2199.42,2027.32,664534.0
2024-09-27,2303.38,2385.82,2385.82,2257.99,864577.0
2024-09-30,2500.74,2590.81,2590.81,2454.66,986201.0
2024-10-08,2816.34,2612.18,2816.34,2494.21,1306806.0
2024-10-09,2555.97,2384.98,2555.97,2384.71,815469.0
2024-10-10,2384.85,2444.66,2493.93,2384.85,600601.0
2024-10-11,2417.18,2412.33,2463.26,2389.43,285158.0
2024-10-14,2431.06,2413.85,2431.06,2361.81,334966.0
2024-10-15,2417.18,2333.91,2418.57,2333.91,329702.0
2024-10-16,2306.15,2301.29,2337.93,2279.5,312272.0
2024-10-17,2313.09,2249.94,2318.92,2249.11,282508.0
2024-10-18,2236.9,2320.03,2355.56,2227.87,441443.0
2024-10-21,2333.77,2320.17,2354.73,2293.66,295765.0
2024-10-22,2317.25,2353.9,2367.91,2309.07,304663.0
2024-10-23,2354.31,2396.78,2410.66,2333.91,358138.0
2024-10-24,2372.77,2368.05,2396.37,2363.19,186420.0
2024-10-25,2354.17,2390.95,2415.38,2354.17,198055.0
2024-10-28,2403.44,2472.28,2472.7,2370.97,438110.0
2024-10-29,2472.28,2428.29,2512.67,2422.74,303158.0
2024-10-30,2403.3,2400.53,2435.37,2379.71,211870.0
2024-10-31,2375.55,2373.19,2406.08,2353.48,269441.0
2024-11-01,2357.78,2388.32,2428.29,2357.78,227192.0
2024-11-04,2396.37,2397.75,2406.22,2362.78,205052.0
2024-11-05,2389.43,2456.04,2458.68,2372.77,320318.0
2024-11-06,2455.49,2434.53,2458.82,2405.39,302066.0
2024-11-07,2417.74,2587.06,2597.89,2414.82,671872.0
2024-11-08,2611.49,2506.98,2619.82,2500.46,567474.0
2024-11-11,2463.68,2484.08,2484.5,2433.84,366012.0
2024-11-12,2484.08,2476.86,2542.09,2467.84,351347.0
2024-11-13,2458.82,2471.87,2491.16,2454.1,194334.0
2024-11-14,2460.35,2465.62,2498.79,2447.02,217928.0
2024-11-15,2465.48,2435.09,2474.5,2424.82,255443.0
2024-11-18,2434.95,2407.88,2463.82,2403.3,209861.0
2024-11-19,2411.08,2395.67,2426.07,2351.95,233413.0
2024-11-20,2395.67,2411.63,2422.6,2378.32,149815.0
2024-11-21,2403.3,2410.24,2418.57,2391.65,114461.0
2024-11-22,2408.86,2346.26,2417.32,2342.93,189425.0
2024-11-25,2360.14,2331.13,2378.04,2315.87,191690.0
2024-11-26,2326.97,2345.01,2369.99,2313.09,175358.0
2024-11-27,2344.6,2376.24,2387.9,2328.08,200250.0
2024-11-28,2347.79,2333.91,2374.85,2331.13,190454.0
2024-11-29,2348.07,2372.35,2412.88,2339.46,287278.0
2024-12-02,2377.35,2381.1,2395.39,2355.56,179764.0
2024-12-03,2385.26,2375.41,2386.23,2364.44,140143.0
2024-12-04,2374.16,2357.92,2374.71,2344.6,148434.0
2024-12-05,2347.79,2348.2,2356.95,2340.99,103210.0
2024-12-06,2343.07,2367.77,2389.43,2343.07,187546.0
2024-12-09,2367.91,2358.34,2381.24,2349.87,145424.0
2024-12-10,2458.82,2404.69,2484.91,2401.92,463263.0
2024-12-11,2389.7,2408.86,2438.0,2389.7,199993.0
2024-12-12,2409.41,2442.44,2444.94,2395.95,253653.0
2024-12-13,2422.04,2389.98,2426.62,2389.43,284227.0
2024-12-16,2389.84,2342.1,2389.98,2334.19,264773.0
2024-12-17,2341.96,2346.26,2372.08,2328.36,159493.0
2024-12-18,2347.79,2350.56,2365.55,2341.68,120676.0
2024-12-19,2335.3,2327.66,2339.6,2324.33,151982.0
2024-12-20,2329.75,2322.95,2340.43,2316.14,172836.0
2024-12-23,2310.59,2312.4,2333.08,2309.62,142601.0
2024-12-24,2311.01,2326.69,2326.97,2302.13,143330.0
2024-12-25,2326.69,2321.14,2332.24,2314.2,96140.0
2024-12-26,2321.7,2312.95,2323.22,2304.07,104768.0
2024-12-27,2314.48,2313.37,2319.34,2300.18,134451.0
2024-12-30,2306.43,2295.19,2322.39,2292.27,163672.0
2024-12-31,2295.33,2278.95,2328.36,2278.53,245219.0
2025-01-02,2278.39,2236.62,2278.39,2227.04,255647.0
2025-01-03,2237.87,2214.55,2250.08,2205.53,168230.0
2025-01-06,2165.97,2151.12,2194.56,2144.88,279430.0
2025-01-07,2156.26,2151.4,2162.64,2134.05,190187.0
2025-01-08,2151.54,2135.44,2163.75,2112.12,192876.0
2025-01-09,2138.35,2147.65,2172.22,2113.93,159183.0
2025-01-10,2146.54,2120.17,2151.12,2120.17,135378.0
2025-01-13,2102.41,2128.5,2132.66,2097.41,121491.0
2025-01-14,2129.89,2181.52,2185.4,2124.34,228625.0
2025-01-15,2185.4,2178.05,2190.68,2170.41,128123.0
2025-01-16,2186.79,2160.14,2199.28,2154.32,163096.0
2025-01-17,2167.36,2171.53,2193.45,2161.12,152450.0
2025-01-20,2179.58,2199.28,2215.8,2177.49,194174.0
2025-01-21,2206.92,2186.65,2209.0,2178.46,132797.0
2025-01-22,2180.55,2144.46,2181.24,2141.41,174182.0
2025-01-23,2161.48,2156.62,2189.1,2154.12,184489.0
2025-01-24,2144.82,2143.71,2155.65,2126.64,189436.0
2025-01-27,2147.6,2136.49,2155.23,2135.11,126535.0
2025-02-05,2141.35,2106.1,2145.93,2099.16,186916.0
2025-02-06,2103.18,2118.45,2125.25,2101.66,138191.0
2025-02-07,2119.84,2142.46,2159.81,2107.63,232473.0
2025-02-10,2143.16,2141.07,2150.37,2132.33,136546.0
2025-02-11,2142.05,2123.45,2148.57,2115.95,176002.0
2025-02-12,2123.45,2143.43,2143.57,2114.29,177353.0
2025-02-13,2143.71,2196.31,2203.11,2137.19,467626.0
2025-02-14,2182.99,2192.43,2205.89,2176.74,218107.0
2025-02-17,2201.59,2196.87,2224.35,2190.48,205078.0
2025-02-18,2195.9,2178.13,2208.53,2166.47,185961.0
2025-02-19,2178.13,2190.76,2196.17,2166.2,153642.0
2025-02-20,2180.77,2182.3,2214.08,2179.52,132530.0
2025-02-21,2183.68,2190.9,2212.27,2174.38,210017.0
2025-02-24,2187.85,2201.73,2223.79,2180.35,244392.0
2025-02-25,2187.57,2158.01,2188.12,2155.65,221901.0
2025-02-26,2157.45,2172.58,2172.58,2148.99,179243.0
2025-02-27,2175.22,2213.52,2218.24,2172.58,370795.0
2025-02-28,2211.44,2197.28,2254.47,2196.17,337202.0
2025-03-03,2197.28,2187.01,2253.08,2180.21,210355.0
2025-03-04,2176.19,2171.89,2180.35,2157.45,149348.0
2025-03-05,2171.89,2156.06,2175.36,2142.32,199366.0
2025-03-06,2166.06,2198.67,2200.34,2156.62,235857.0
2025-03-07,2192.01,2241.98,2241.98,2187.99,340073.0
2025-03-10,2237.81,2212.69,2237.81,2198.4,206353.0
2025-03-11,2196.31,2247.53,2247.67,2195.62,321036.0
2025-03-12,2248.91,2216.58,2261.54,2211.72,288018.0
2025-03-13,2216.58,2208.53,2235.31,2206.58,167923.0
2025-03-14,2216.99,2325.25,2341.63,2216.99,765516.0
2025-03-17,2347.46,2311.93,2355.23,2305.54,387730.0
2025-03-18,2317.2,2307.9,2321.78,2296.38,186735.0
2025-03-19,2307.9,2299.16,2325.11,2291.38,168157.0
2025-03-20,2298.6,2258.49,2300.27,2256.69,228722.0
2025-03-21,2254.47,2239.2,2279.45,2233.51,197130.0
2025-03-24,2231.7,2235.17,2243.78,2217.41,180489.0
2025-03-25,2239.2,2224.76,2240.59,2211.44,175671.0
2025-03-26,2224.49,2221.85,2229.21,2215.47,108826.0
2025-03-27,2218.1,2229.48,2241.56,2210.05,140866.0
2025-03-28,2231.98,2220.18,2234.34,2208.67,120996.0
2025-03-31,2219.91,2194.09,2222.27,2194.09,144855.0
2025-04-01,2195.2,2200.2,2206.58,2191.18,121705.0
2025-04-02,2201.31,2191.32,2210.75,2190.07,101025.0
2025-04-03,2169.11,2203.11,2223.65,2166.89,165623.0
2025-04-07,2154.54,2130.67,2181.6,2089.31,463093.0
2025-04-08,2130.67,2185.9,2192.57,2130.67,331857.0
2025-04-09,2168.42,2206.58,2214.77,2166.33,296999.0
2025-04-10,2207.28,2219.07,2223.79,2182.3,233106.0
2025-04-11,2205.89,2197.56,2223.52,2183.41,174293.0
2025-04-14,2196.17,2189.79,2212.41,2189.37,125781.0
2025-04-15,2189.23,2194.09,2195.48,2176.47,114825.0
2025-04-16,2186.46,2207.28,2210.75,2170.91,166680.0
2025-04-17,2193.81,2210.47,2216.85,2189.23,152923.0
2025-04-18,2203.25,2199.64,2211.02,2192.15,89478.0
2025-04-21,2197.42,2180.07,2203.11,2177.3,144364.0
2025-04-22,2178.13,2176.74,2185.63,2168.42,115855.0
2025-04-23,2182.02,2174.94,2185.07,2169.11,95944.0
2025-04-24,2172.58,2162.31,2178.13,2161.62,131524.0
2025-04-25,2164.25,2162.17,2178.41,2160.92,107183.0
2025-04-28,2176.88,2187.15,2198.4,2173.97,185045.0
2025-04-29,2177.44,2169.11,2183.68,2165.5,124796.0
2025-04-30,2169.94,2157.31,2179.52,2156.9,146627.0
2025-05-06,2161.48,2168.28,2169.11,2148.57,146349.0
2025-05-07,2187.85,2175.22,2200.48,2172.58,152470.0
2025-05-08,2171.33,2200.34,2216.99,2165.36,208023.0
2025-05-09,2200.34,2197.28,2204.5,2189.37,110548.0
2025-05-12,2203.11,2216.58,2220.46,2196.17,164560.0
2025-05-13,2226.15,2216.85,2226.15,2209.08,120395.0
2025-05-14,2212.97,2248.36,2275.01,2205.47,291490.0
2025-05-15,2244.89,2226.29,2252.94,2225.46,144944.0
2025-05-16,2222.27,2190.35,2225.18,2189.93,173543.0
2025-05-19,2164.25,2165.64,2176.74,2159.81,237008.0
2025-05-20,2161.48,2163.28,2170.22,2159.67,159369.0
2025-05-21,2163.28,2165.09,2173.69,2161.48,141693.0
2025-05-22,2165.22,2162.73,2168.0,2159.26,96055.0
2025-05-23,2162.17,2149.68,2170.64,2149.68,150380.0
2025-05-26,2147.18,2125.53,2149.68,2118.31,273615.0
2025-05-27,2123.73,2122.06,2133.02,2118.31,151268.0
2025-05-28,2124.0,2132.61,2135.52,2112.9,181385.0
2025-05-29,2128.17,2138.16,2140.66,2118.45,160347.0
2025-05-30,2133.72,2125.95,2141.35,2119.84,146828.0
2025-06-03,2108.46,2101.52,2113.59,2099.99,237483.0
2025-06-04,2101.52,2099.72,2109.01,2093.47,193503.0
2025-06-05,2099.72,2106.38,2112.9,2094.72,202312.0
2025-06-06,2105.54,2107.21,2117.76,2101.8,118885.0
2025-06-09,2107.21,2105.41,2108.74,2100.55,198429.0
2025-06-10,2103.18,2097.49,2107.35,2095.97,171053.0
2025-06-11,2097.63,2101.8,2108.74,2094.86,145473.0
2025-06-12,2099.02,2071.26,2099.72,2069.6,380660.0
2025-06-13,2062.8,2024.35,2062.94,2022.96,366962.0
2025-06-16,2006.45,2012.56,2014.91,1994.93,271489.0
2025-06-17,2011.72,2004.78,2020.47,2000.9,196502.0
2025-06-18,2018.38,2013.39,2028.79,2007.0,200491.0
2025-06-19,2002.56,1998.81,2015.05,1996.32,163572.0
2025-06-20,2001.87,2030.46,2036.57,2000.2,296814.0
2025-06-23,2021.3,2012.69,2023.94,2005.89,173387.0
2025-06-24,2016.72,2033.1,2036.43,2014.36,178958.0
2025-06-25,2036.57,2039.06,2039.62,2021.02,178647.0
2025-06-26,2038.09,2032.82,2045.45,2031.43,166373.0
2025-06-27,2032.54,2025.18,2035.59,2023.24,160216.0
2025-06-30,2025.18,2021.3,2030.74,2012.69,223680.0
2025-07-01,2022.55,2017.55,2022.55,2012.69,122183.0
2025-07-02,2017.55,2025.18,2035.18,2015.89,154477.0
2025-07-03,2025.18,2031.29,2034.21,2021.3,122430.0
2025-07-04,2026.71,2041.98,2046.98,2025.32,170679.0
2025-07-07,2039.48,2035.32,2043.78,2033.93,85811.0
2025-07-08,2034.48,2047.39,2048.64,2034.21,116631.0
2025-07-09,2048.09,2058.77,2076.12,2043.37,203496.0
2025-07-10,2050.86,2072.37,2076.54,2049.06,162716.0
2025-07-11,2072.23,2096.25,2105.68,2067.38,287189.0
2025-07-14,2097.08,2111.65,2113.46,2083.75,219140.0
2025-07-15,2103.46,2105.96,2113.18,2096.52,193328.0
2025-07-16,2100.41,2109.85,2118.17,2100.41,178699.0
2025-07-17,2109.85,2117.34,2121.37,2104.16,172999.0
2025-07-18,2120.52,2133.01,2145.09,2106.36,210209.0
2025-07-21,2133.01,2116.08,2133.15,2111.78,187784.0
2025-07-22,2116.08,2157.3,2162.3,2116.08,303772.0
2025-07-23,2159.66,2152.72,2176.04,2151.75,229067.0
2025-07-24,2152.03,2157.58,2160.49,2143.0,156012.0
2025-07-25,2157.58,2129.68,2158.27,2128.71,184007.0
2025-07-28,2129.4,2136.9,2138.42,2108.31,178511.0
2025-07-29,2129.12,2129.4,2135.93,2111.08,185151.0
2025-07-30,2129.96,2143.28,2152.03,2126.07,224124.0
2025-07-31,2136.34,2096.51,2137.45,2092.35,304687.0
2025-08-01,2096.37,2094.43,2103.03,2085.96,123226.0
2025-08-04,2089.29,2093.32,2097.62,2086.79,85933.0
2025-08-05,2093.73,2107.61,2111.36,2093.73,139446.0
2025-08-06,2107.89,2110.53,2115.25,2101.23,119684.0
2025-08-07,2110.11,2115.94,2124.13,2107.61,115703.0
2025-08-08,2115.94,2111.36,2120.52,2107.75,82426.0
2025-08-11,2110.39,2135.23,2140.92,2109.83,182660.0
2025-08-12,2134.68,2124.82,2154.52,2122.32,211374.0
2025-08-13,2122.32,2124.82,2128.71,2115.52,155823.0
2025-08-14,2124.68,2119.96,2147.86,2118.99,199063.0
2025-08-15,2115.8,2123.57,2126.35,2106.92,193943.0
2025-08-18,2123.57,2132.59,2145.22,2119.55,255301.0
2025-08-19,2132.87,2141.75,2160.35,2132.87,327242.0
2025-08-20,2141.89,2160.77,2170.76,2127.04,404310.0
2025-08-21,2161.05,2156.19,2165.63,2148.0,231895.0
2025-08-22,2156.19,2160.91,2161.32,2149.25,204850.0
2025-08-25,2166.32,2218.37,2220.59,2166.32,479800.0
2025-08-26,2218.37,2215.73,2245.01,2200.6,349794.0
2025-08-27,2212.4,2172.43,2212.4,2172.15,346847.0
2025-08-28,2172.29,2156.47,2180.48,2136.06,345835.0
2025-08-29,2166.32,2212.82,2216.56,2165.49,435251.0
2025-09-01,2219.34,2203.66,2220.73,2184.92,316942.0
2025-09-02,2197.27,2199.35,2234.88,2193.11,349162.0
2025-09-03,2205.46,2172.43,2240.16,2169.24,302863.0
2025-09-04,2167.99,2157.02,2170.76,2146.2,261873.0
2025-09-05,2155.49,2175.06,2177.98,2147.17,201734.0
2025-09-08,2173.54,2206.71,2207.54,2167.43,305364.0
2025-09-09,2206.57,2202.68,2210.73,2185.75,184406.0
2025-09-10,2202.68,2192.41,2212.12,2186.86,199645.0
2025-09-11,2183.53,2198.8,2199.08,2174.93,229973.0
2025-09-12,2198.52,2180.34,2214.76,2179.37,262704.0
2025-09-15,2172.15,2172.84,2179.09,2164.52,166569.0
2025-09-16,2172.84,2161.05,2175.62,2155.49,191087.0
2025-09-17,2161.19,2163.27,2168.4,2147.45,181336.0
2025-09-18,2163.13,2135.23,2163.27,2129.54,275478.0
2025-09-19,2135.09,2137.17,2144.39,2119.41,196688.0
2025-09-22,2130.51,2115.25,2131.9,2110.8,196433.0
2025-09-23,2108.45,2110.94,2125.79,2102.2,172079.0
2025-09-24,2110.94,2113.44,2120.1,2105.53,130564.0
2025-09-25,2113.86,2101.64,2117.47,2101.51,194555.0
2025-09-26,2101.64,2082.91,2103.73,2080.83,261925.0
2025-09-29,2084.16,2107.2,2116.22,2077.63,256358.0
2025-09-30,2100.53,2101.09,2105.95,2092.62,154571.0
2025-10-09,2100.53,2096.65,2100.53,2079.02,203757.0
2025-10-10,2096.37,2090.68,2109.97,2089.57,175360.0
2025-10-13,2075.69,2078.47,2086.1,2070.0,195835.0
2025-10-14,2088.46,2109.28,2116.22,2080.83,291656.0
2025-10-15,2099.15,2109.28,2117.33,2095.26,194596.0
2025-10-16,2104.84,2118.58,2118.72,2101.37,198478.0
2025-10-17,2108.31,2095.4,2121.63,2095.26,180408.0
2025-10-20,2099.28,2086.93,2102.06,2081.94,131645.0
2025-10-21,2091.37,2087.77,2101.37,2085.41,147294.0
2025-10-22,2080.55,2081.94,2091.24,2079.16,127827.0
2025-10-23,2080.55,2099.01,2100.67,2079.99,155718.0
2025-10-24,2094.01,2084.57,2098.31,2081.94,174322.0
2025-10-27,2081.24,2084.57,2088.18,2078.88,143943.0
2025-10-28,2084.57,2081.94,2090.12,2080.69,140195.0
2025-10-29,2078.61,2064.31,2079.85,2055.7,245083.0
2025-10-30,2052.93,2059.31,2074.3,2052.79,204330.0
2025-10-31,2016.71,2066.53,2075.55,2016.71,421077.0
2025-11-03,2059.73,2066.39,2075.0,2045.85,223270.0
2025-11-04,2063.62,2041.13,2066.53,2039.05,172734.0
2025-11-05,2029.89,2027.53,2038.91,2025.03,164630.0
2025-11-06,2032.11,2027.39,2043.08,2025.87,154673.0
2025-11-07,2027.39,2035.44,2038.77,2024.34,145436.0
2025-11-10,2035.44,2091.65,2102.48,2032.53,429065.0
2025-11-11,2084.02,2091.37,2094.01,2069.45,229268.0
2025-11-12,2091.51,2085.82,2115.25,2085.41,222544.0
2025-11-13,2080.55,2097.2,2098.17,2075.41,160023.0
2025-11-14,2089.99,2083.46,2108.17,2083.19,139244.0
2025-11-17,2080.83,2082.63,2087.9,2066.81,117388.0
2025-11-18,2080.55,2085.54,2104.84,2077.22,147669.0
2025-11-19,2084.99,2079.02,2087.35,2076.38,95150.0
2025-11-20,2078.88,2084.02,2103.31,2075.0,158258.0
2025-11-21,2082.08,2076.11,2100.12,2072.36,205072.0
2025-11-24,2077.08,2060.01,2086.93,2059.73,173011.0
2025-11-25,2060.01,2059.87,2065.42,2050.43,146609.0
2025-11-26,2060.01,2056.4,2070.69,2052.79,91698.0
2025-11-27,2056.95,2051.96,2059.59,2048.63,92157.0
2025-11-28,2051.4,2050.71,2051.96,2043.77,80296.0
2025-12-01,2050.01,2047.93,2061.4,2040.3,120912.0
2025-12-02,2047.24,2032.94,2049.6,2031.97,124928.0
2025-12-03,2035.03,2019.48,2039.61,2018.09,165871.0
2025-12-04,2019.62,2003.52,2021.56,1998.94,169292.0
2025-12-05,2003.8,2010.6,2016.29,2000.19,117682.0
2025-12-08,2009.07,1987.14,2012.96,1984.78,276979.0
2025-12-09,1983.4,1953.97,1984.51,1948.7,304310.0
2025-12-10,1948.7,1964.24,1966.05,1934.96,178696.0
2025-12-11,1969.52,1968.13,1979.65,1966.46,157884.0
2025-12-12,1973.68,1963.96,1993.11,1963.96,257022.0
2025-12-15,1973.68,1975.76,1987.0,1970.21,215686.0
2025-12-16,1969.52,1983.4,1984.64,1964.8,145068.0
2025-12-17,1983.4,1988.95,1993.8,1970.9,153140.0
2025-12-18,1988.92,1983.51,1993.64,1982.12,124629.0
2025-12-19,1986.56,1984.89,1989.75,1978.09,138187.0
2025-12-22,1984.62,1982.12,1988.64,1979.2,108465.0
2025-12-23,1979.34,1973.65,1983.51,1968.24,113540.0
2025-12-24,1970.6,1967.55,1971.85,1960.61,117905.0
2025-12-25,1967.55,1985.87,1987.25,1966.44,125708.0
2025-12-26,1978.93,1974.48,1984.34,1969.77,114759.0
2025-12-29,1969.77,1950.61,1971.99,1949.78,195453.0
2025-12-30,1948.39,1940.9,1949.64,1936.18,158470.0
2025-12-31,1938.54,1921.19,1939.37,1916.61,208677.0
