date,close,symbol,name
2018-01-02,124.28,sh600036,招商银行
2018-01-03,125.63,sh600036,招商银行
2018-01-04,124.39,sh600036,招商银行
2018-01-05,126.14,sh600036,招商银行
2018-01-08,123.69,sh600036,招商银行
2018-01-09,124.86,sh600036,招商银行
2018-01-10,127.81,sh600036,招商银行
2018-01-11,129.32,sh600036,招商银行
2018-01-12,131.61,sh600036,招商银行
2018-01-15,133.28,sh600036,招商银行
2018-01-16,133.09,sh600036,招商银行
2018-01-17,132.31,sh600036,招商银行
2018-01-18,134.76,sh600036,招商银行
2018-01-19,135.3,sh600036,招商银行
2018-01-22,137.71,sh600036,招商银行
2018-01-23,141.48,sh600036,招商银行
2018-01-24,140.7,sh600036,招商银行
2018-01-25,138.99,sh600036,招商银行
2018-01-26,139.22,sh600036,招商银行
2018-01-29,137.32,sh600036,招商银行
2018-01-30,135.73,sh600036,招商银行
2018-01-31,141.05,sh600036,招商银行
2018-02-01,143.03,sh600036,招商银行
2018-02-02,143.22,sh600036,招商银行
2018-02-05,144.74,sh600036,招商银行
2018-02-06,143.69,sh600036,招商银行
2018-02-07,135.03,sh600036,招商银行
2018-02-08,130.72,sh600036,招商银行
2018-02-09,128.51,sh600036,招商银行
2018-02-12,125.94,sh600036,招商银行
2018-02-13,129.28,sh600036,招商银行
2018-02-14,131.07,sh600036,招商银行
2018-02-22,131.58,sh600036,招商银行
2018-02-23,132.66,sh600036,招商银行
2018-02-26,131.61,sh600036,招商银行
2018-02-27,129.13,sh600036,招商银行
2018-02-28,126.92,sh600036,招商银行
2018-03-01,127.3,sh600036,招商银行
2018-03-02,125.87,sh600036,招商银行
2018-03-05,126.33,sh600036,招商银行
2018-03-06,125.91,sh600036,招商银行
2018-03-07,128.74,sh600036,招商银行
2018-03-08,129.32,sh600036,招商银行
2018-03-09,130.22,sh600036,招商银行
2018-03-12,129.01,sh600036,招商银行
2018-03-13,128.59,sh600036,招商银行
2018-03-14,127.27,sh600036,招商银行
2018-03-15,127.77,sh600036,招商银行
2018-03-16,126.26,sh600036,招商银行
2018-03-19,128.51,sh600036,招商银行
2018-03-20,129.59,sh600036,招商银行
2018-03-21,130.64,sh600036,招商银行
2018-03-22,130.53,sh600036,招商银行
2018-03-23,126.95,sh600036,招商银行
2018-03-26,122.29,sh600036,招商银行
2018-03-27,120.78,sh600036,招商银行
2018-03-28,120.7,sh600036,招商银行
2018-03-29,123.07,sh600036,招商银行
2018-03-30,122.22,sh600036,招商银行
2018-04-02,121.91,sh600036,招商银行
2018-04-03,121.13,sh600036,招商银行
2018-04-04,120.94,sh600036,招商银行
2018-04-09,121.25,sh600036,招商银行
2018-04-10,126.88,sh600036,招商银行
2018-04-11,127.65,sh600036,招商银行
2018-04-12,125.48,sh600036,招商银行
2018-04-13,123.96,sh600036,招商银行
2018-04-16,118.41,sh600036,招商银行
2018-04-17,116.78,sh600036,招商银行
2018-04-18,118.53,sh600036,招商银行
2018-04-19,118.92,sh600036,招商银行
2018-04-20,118.8,sh600036,招商银行
2018-04-23,119.11,sh600036,招商银行
2018-04-24,121.32,sh600036,招商银行
2018-04-25,121.17,sh600036,招商银行
2018-04-26,121.09,sh600036,招商银行
2018-04-27,123.15,sh600036,招商银行
2018-05-02,124.04,sh600036,招商银行
2018-05-03,123.03,sh600036,招商银行
2018-05-04,120.86,sh600036,招商银行
2018-05-07,121.6,sh600036,招商银行
2018-05-08,124.51,sh600036,招商银行
2018-05-09,124.78,sh600036,招商银行
2018-05-10,125.13,sh600036,招商银行
2018-05-11,126.06,sh600036,招商银行
2018-05-14,128.93,sh600036,招商银行
2018-05-15,127.93,sh600036,招商银行
2018-05-16,125.63,sh600036,招商银行
2018-05-17,124.97,sh600036,招商银行
2018-05-18,127.54,sh600036,招商银行
2018-05-21,126.8,sh600036,招商银行
2018-05-22,125.05,sh600036,招商银行
2018-05-23,124.24,sh600036,招商银行
2018-05-24,122.26,sh600036,招商银行
2018-05-25,122.68,sh600036,招商银行
2018-05-28,121.09,sh600036,招商银行
2018-05-29,121.63,sh600036,招商银行
2018-05-30,119.15,sh600036,招商银行
2018-05-31,121.01,sh600036,招商银行
2018-06-01,120.31,sh600036,招商银行
2018-06-04,122.84,sh600036,招商银行
2018-06-05,122.88,sh600036,招商银行
2018-06-06,121.09,sh600036,招商银行
2018-06-07,121.48,sh600036,招商银行
2018-06-08,118.76,sh600036,招商银行
2018-06-11,120.43,sh600036,招商银行
2018-06-12,120.86,sh600036,招商银行
2018-06-13,120.74,sh600036,招商银行
2018-06-14,120.2,sh600036,招商银行
2018-06-15,121.63,sh600036,招商银行
2018-06-19,121.83,sh600036,招商银行
2018-06-20,119.96,sh600036,招商银行
2018-06-21,120.51,sh600036,招商银行
2018-06-22,120.39,sh600036,招商银行
2018-06-25,116.7,sh600036,招商银行
2018-06-26,113.71,sh600036,招商银行
2018-06-27,111.5,sh600036,招商银行
2018-06-28,109.64,sh600036,招商银行
2018-06-29,111.93,sh600036,招商银行
2018-07-02,108.04,sh600036,招商银行
2018-07-03,107.19,sh600036,招商银行
2018-07-04,106.53,sh600036,招商银行
2018-07-05,108.04,sh600036,招商银行
2018-07-06,109.6,sh600036,招商银行
2018-07-09,113.91,sh600036,招商银行
2018-07-10,113.32,sh600036,招商银行
2018-07-11,112.55,sh600036,招商银行
2018-07-12,113.64,sh600036,招商银行
2018-07-13,114.37,sh600036,招商银行
2018-07-16,112.2,sh600036,招商银行
2018-07-17,111.03,sh600036,招商银行
2018-07-18,110.72,sh600036,招商银行
2018-07-19,112.0,sh600036,招商银行
2018-07-20,118.84,sh600036,招商银行
2018-07-23,120.7,sh600036,招商银行
2018-07-24,120.28,sh600036,招商银行
2018-07-25,122.1,sh600036,招商银行
2018-07-26,121.71,sh600036,招商银行
2018-07-27,121.6,sh600036,招商银行
2018-07-30,123.61,sh600036,招商银行
2018-07-31,122.76,sh600036,招商银行
2018-08-01,120.74,sh600036,招商银行
2018-08-02,118.06,sh600036,招商银行
2018-08-03,118.3,sh600036,招商银行
2018-08-06,119.65,sh600036,招商银行
2018-08-07,123.11,sh600036,招商银行
2018-08-08,121.67,sh600036,招商银行
2018-08-09,124.24,sh600036,招商银行
2018-08-10,122.95,sh600036,招商银行
2018-08-13,120.12,sh600036,招商银行
2018-08-14,119.34,sh600036,招商银行
2018-08-15,116.2,sh600036,招商银行
2018-08-16,116.35,sh600036,招商银行
2018-08-17,115.5,sh600036,招商银行
2018-08-20,117.21,sh600036,招商银行
2018-08-21,117.75,sh600036,招商银行
2018-08-22,117.52,sh600036,招商银行
2018-08-23,118.53,sh600036,招商银行
2018-08-24,120.08,sh600036,招商银行
2018-08-27,123.34,sh600036,招商银行
2018-08-28,123.65,sh600036,招商银行
2018-08-29,124.2,sh600036,招商银行
2018-08-30,121.79,sh600036,招商银行
2018-08-31,122.37,sh600036,招商银行
2018-09-03,121.79,sh600036,招商银行
2018-09-04,123.73,sh600036,招商银行
2018-09-05,120.04,sh600036,招商银行
2018-09-06,119.3,sh600036,招商银行
2018-09-07,121.91,sh600036,招商银行
2018-09-10,120.86,sh600036,招商银行
2018-09-11,118.92,sh600036,招商银行
2018-09-12,118.92,sh600036,招商银行
2018-09-13,120.31,sh600036,招商银行
2018-09-14,120.78,sh600036,招商银行
2018-09-17,119.11,sh600036,招商银行
2018-09-18,121.95,sh600036,招商银行
2018-09-19,122.8,sh600036,招商银行
2018-09-20,123.23,sh600036,招商银行
2018-09-21,130.18,sh600036,招商银行
2018-09-25,127.54,sh600036,招商银行
2018-09-26,130.76,sh600036,招商银行
2018-09-27,130.68,sh600036,招商银行
2018-09-28,131.69,sh600036,招商银行
2018-10-08,126.8,sh600036,招商银行
2018-10-09,126.68,sh600036,招商银行
2018-10-10,127.46,sh600036,招商银行
2018-10-11,122.99,sh600036,招商银行
2018-10-12,125.75,sh600036,招商银行
2018-10-15,124.12,sh600036,招商银行
2018-10-16,125.52,sh600036,招商银行
2018-10-17,125.13,sh600036,招商银行
2018-10-18,120.86,sh600036,招商银行
2018-10-19,125.94,sh600036,招商银行
2018-10-22,129.01,sh600036,招商银行
2018-10-23,125.21,sh600036,招商银行
2018-10-24,126.64,sh600036,招商银行
2018-10-25,127.69,sh600036,招商银行
2018-10-26,127.46,sh600036,招商银行
2018-10-29,120.66,sh600036,招商银行
2018-10-30,122.61,sh600036,招商银行
2018-10-31,124.78,sh600036,招商银行
2018-11-01,125.32,sh600036,招商银行
2018-11-02,130.29,sh600036,招商银行
2018-11-05,129.01,sh600036,招商银行
2018-11-06,128.51,sh600036,招商银行
2018-11-07,127.34,sh600036,招商银行
2018-11-08,129.05,sh600036,招商银行
2018-11-09,123.58,sh600036,招商银行
2018-11-12,123.42,sh600036,招商银行
2018-11-13,123.5,sh600036,招商银行
2018-11-14,121.87,sh600036,招商银行
2018-11-15,122.72,sh600036,招商银行
2018-11-16,123.11,sh600036,招商银行
2018-11-19,124.94,sh600036,招商银行
2018-11-20,122.88,sh600036,招商银行
2018-11-21,122.8,sh600036,招商银行
2018-11-22,122.41,sh600036,招商银行
2018-11-23,120.78,sh600036,招商银行
2018-11-26,122.29,sh600036,招商银行
2018-11-27,121.21,sh600036,招商银行
2018-11-28,122.33,sh600036,招商银行
2018-11-29,122.41,sh600036,招商银行
2018-11-30,123.38,sh600036,招商银行
2018-12-03,126.92,sh600036,招商银行
2018-12-04,127.34,sh600036,招商银行
2018-12-05,126.57,sh600036,招商银行
2018-12-06,124.74,sh600036,招商银行
2018-12-07,123.5,sh600036,招商银行
2018-12-10,122.57,sh600036,招商银行
2018-12-11,123.23,sh600036,招商银行
2018-12-12,123.03,sh600036,招商银行
2018-12-13,124.16,sh600036,招商银行
2018-12-14,122.53,sh600036,招商银行
2018-12-17,122.37,sh600036,招商银行
2018-12-18,120.9,sh600036,招商银行
2018-12-19,116.47,sh600036,招商银行
2018-12-20,113.13,sh600036,招商银行
2018-12-21,111.11,sh600036,招商银行
2018-12-24,111.34,sh600036,招商银行
2018-12-25,110.72,sh600036,招商银行
2018-12-26,109.01,sh600036,招商银行
2018-12-27,109.01,sh600036,招商银行
2018-12-28,110.37,sh600036,招商银行
2019-01-02,107.93,sh600036,招商银行
2019-01-03,109.13,sh600036,招商银行
2019-01-04,111.58,sh600036,招商银行
2019-01-07,111.62,sh600036,招商银行
2019-01-08,110.45,sh600036,招商银行
2019-01-09,112.32,sh600036,招商银行
2019-01-10,112.9,sh600036,招商银行
2019-01-11,115.27,sh600036,招商银行
2019-01-14,114.68,sh600036,招商银行
2019-01-15,116.59,sh600036,招商银行
2019-01-16,116.78,sh600036,招商银行
2019-01-17,115.31,sh600036,招商银行
2019-01-18,117.75,sh600036,招商银行
2019-01-21,118.64,sh600036,招商银行
2019-01-22,117.29,sh600036,招商银行
2019-01-23,117.98,sh600036,招商银行
2019-01-24,120.74,sh600036,招商银行
2019-01-25,123.27,sh600036,招商银行
2019-01-28,123.81,sh600036,招商银行
2019-01-29,123.73,sh600036,招商银行
2019-01-30,122.88,sh600036,招商银行
2019-01-31,125.94,sh600036,招商银行
2019-02-01,126.29,sh600036,招商银行
2019-02-11,126.64,sh600036,招商银行
2019-02-12,126.37,sh600036,招商银行
2019-02-13,128.39,sh600036,招商银行
2019-02-14,128.47,sh600036,招商银行
2019-02-15,125.71,sh600036,招商银行
2019-02-18,128.51,sh600036,招商银行
2019-02-19,128.55,sh600036,招商银行
2019-02-20,129.59,sh600036,招商银行
2019-02-21,129.32,sh600036,招商银行
2019-02-22,131.46,sh600036,招商银行
2019-02-25,138.8,sh600036,招商银行
2019-02-26,134.8,sh600036,招商银行
2019-02-27,135.65,sh600036,招商银行
2019-02-28,135.77,sh600036,招商银行
2019-03-01,140.27,sh600036,招商银行
2019-03-04,139.46,sh600036,招商银行
2019-03-05,138.14,sh600036,招商银行
2019-03-06,137.63,sh600036,招商银行
2019-03-07,134.06,sh600036,招商银行
2019-03-08,132.04,sh600036,招商银行
2019-03-11,131.07,sh600036,招商银行
2019-03-12,131.58,sh600036,招商银行
2019-03-13,133.05,sh600036,招商银行
2019-03-14,134.64,sh600036,招商银行
2019-03-15,135.5,sh600036,招商银行
2019-03-18,138.18,sh600036,招商银行
2019-03-19,136.9,sh600036,招商银行
2019-03-20,137.83,sh600036,招商银行
2019-03-21,136.7,sh600036,招商银行
2019-03-22,138.14,sh600036,招商银行
2019-03-25,133.56,sh600036,招商银行
2019-03-26,134.8,sh600036,招商银行
2019-03-27,138.33,sh600036,招商银行
2019-03-28,138.8,sh600036,招商银行
2019-03-29,144.23,sh600036,招商银行
2019-04-01,144.86,sh600036,招商银行
2019-04-02,146.45,sh600036,招商银行
2019-04-03,147.88,sh600036,招商银行
2019-04-04,150.72,sh600036,招商银行
2019-04-08,152.04,sh600036,招商银行
2019-04-09,149.32,sh600036,招商银行
2019-04-10,148.7,sh600036,招商银行
2019-04-11,148.27,sh600036,招商银行
2019-04-12,147.65,sh600036,招商银行
2019-04-15,147.73,sh600036,招商银行
2019-04-16,152.31,sh600036,招商银行
2019-04-17,151.65,sh600036,招商银行
2019-04-18,150.37,sh600036,招商银行
2019-04-19,152.31,sh600036,招商银行
2019-04-22,147.65,sh600036,招商银行
2019-04-23,149.32,sh600036,招商银行
2019-04-24,151.53,sh600036,招商银行
2019-04-25,150.1,sh600036,招商银行
2019-04-26,145.94,sh600036,招商银行
2019-04-29,149.71,sh600036,招商银行
2019-04-30,146.29,sh600036,招商银行
2019-05-06,144.2,sh600036,招商银行
2019-05-07,143.42,sh600036,招商银行
2019-05-08,141.17,sh600036,招商银行
2019-05-09,138.41,sh600036,招商银行
2019-05-10,143.03,sh600036,招商银行
2019-05-13,139.89,sh600036,招商银行
2019-05-14,138.95,sh600036,招商银行
2019-05-15,143.11,sh600036,招商银行
2019-05-16,143.26,sh600036,招商银行
2019-05-17,141.87,sh600036,招商银行
2019-05-20,141.75,sh600036,招商银行
2019-05-21,143.11,sh600036,招商银行
2019-05-22,142.72,sh600036,招商银行
2019-05-23,142.02,sh600036,招商银行
2019-05-24,142.99,sh600036,招商银行
2019-05-27,143.69,sh600036,招商银行
2019-05-28,146.02,sh600036,招商银行
2019-05-29,145.52,sh600036,招商银行
2019-05-30,145.71,sh600036,招商银行
2019-05-31,145.36,sh600036,招商银行
2019-06-03,146.1,sh600036,招商银行
2019-06-04,144.66,sh600036,招商银行
2019-06-05,144.35,sh600036,招商银行
2019-06-06,144.16,sh600036,招商银行
2019-06-10,147.42,sh600036,招商银行
2019-06-11,150.06,sh600036,招商银行
2019-06-12,149.71,sh600036,招商银行
2019-06-13,149.4,sh600036,招商银行
2019-06-14,149.79,sh600036,招商银行
2019-06-17,150.76,sh600036,招商银行
2019-06-18,152.39,sh600036,招商银行
2019-06-19,155.42,sh600036,招商银行
2019-06-20,161.55,sh600036,招商银行
2019-06-21,158.87,sh600036,招商银行
2019-06-24,159.92,sh600036,招商银行
2019-06-25,152.82,sh600036,招商银行
2019-06-26,150.25,sh600036,招商银行
2019-06-27,154.06,sh600036,招商银行
2019-06-28,152.23,sh600036,招商银行
2019-07-01,155.81,sh600036,招商银行
2019-07-02,154.33,sh600036,招商银行
2019-07-03,152.89,sh600036,招商银行
2019-07-04,152.62,sh600036,招商银行
2019-07-05,154.14,sh600036,招商银行
2019-07-08,150.6,sh600036,招商银行
2019-07-09,149.55,sh600036,招商银行
2019-07-10,148.89,sh600036,招商银行
2019-07-11,151.92,sh600036,招商银行
2019-07-12,153.63,sh600036,招商银行
2019-07-15,153.24,sh600036,招商银行
2019-07-16,153.28,sh600036,招商银行
2019-07-17,152.89,sh600036,招商银行
2019-07-18,153.32,sh600036,招商银行
2019-07-19,157.4,sh600036,招商银行
2019-07-22,157.4,sh600036,招商银行
2019-07-23,156.78,sh600036,招商银行
2019-07-24,157.63,sh600036,招商银行
2019-07-25,160.85,sh600036,招商银行
2019-07-26,160.7,sh600036,招商银行
2019-07-29,159.18,sh600036,招商银行
2019-07-30,158.95,sh600036,招商银行
2019-07-31,158.14,sh600036,招商银行
2019-08-01,156.74,sh600036,招商银行
2019-08-02,154.99,sh600036,招商银行
2019-08-05,152.89,sh600036,招商银行
2019-08-06,151.61,sh600036,招商银行
2019-08-07,150.25,sh600036,招商银行
2019-08-08,153.48,sh600036,招商银行
2019-08-09,152.04,sh600036,招商银行
2019-08-12,153.67,sh600036,招商银行
2019-08-13,151.5,sh600036,招商银行
2019-08-14,151.53,sh600036,招商银行
2019-08-15,151.57,sh600036,招商银行
2019-08-16,152.7,sh600036,招商银行
2019-08-19,153.24,sh600036,招商银行
2019-08-20,153.36,sh600036,招商银行
2019-08-21,153.83,sh600036,招商银行
2019-08-22,153.4,sh600036,招商银行
2019-08-23,157.01,sh600036,招商银行
2019-08-26,152.08,sh600036,招商银行
2019-08-27,151.11,sh600036,招商银行
2019-08-28,150.14,sh600036,招商银行
2019-08-29,147.92,sh600036,招商银行
2019-08-30,149.28,sh600036,招商银行
2019-09-02,149.52,sh600036,招商银行
2019-09-03,148.78,sh600036,招商银行
2019-09-04,151.65,sh600036,招商银行
2019-09-05,154.1,sh600036,招商银行
2019-09-06,155.53,sh600036,招商银行
2019-09-09,154.02,sh600036,招商银行
2019-09-10,152.08,sh600036,招商银行
2019-09-11,152.27,sh600036,招商银行
2019-09-12,153.2,sh600036,招商银行
2019-09-16,152.08,sh600036,招商银行
2019-09-17,151.26,sh600036,招商银行
2019-09-18,151.3,sh600036,招商银行
2019-09-19,150.18,sh600036,招商银行
2019-09-20,150.18,sh600036,招商银行
2019-09-23,148.35,sh600036,招商银行
2019-09-24,148.51,sh600036,招商银行
2019-09-25,149.55,sh600036,招商银行
2019-09-26,152.93,sh600036,招商银行
2019-09-27,152.85,sh600036,招商银行
2019-09-30,151.11,sh600036,招商银行
2019-10-08,151.34,sh600036,招商银行
2019-10-09,152.78,sh600036,招商银行
2019-10-10,152.5,sh600036,招商银行
2019-10-11,157.09,sh600036,招商银行
2019-10-14,159.18,sh600036,招商银行
2019-10-15,158.45,sh600036,招商银行
2019-10-16,159.11,sh600036,招商银行
2019-10-17,159.84,sh600036,招商银行
2019-10-18,156.66,sh600036,招商银行
2019-10-21,156.82,sh600036,招商银行
2019-10-22,156.47,sh600036,招商银行
2019-10-23,155.96,sh600036,招商银行
2019-10-24,157.9,sh600036,招商银行
2019-10-25,157.51,sh600036,招商银行
2019-10-28,156.74,sh600036,招商银行
2019-10-29,156.54,sh600036,招商银行
2019-10-30,153.67,sh600036,招商银行
2019-10-31,154.02,sh600036,招商银行
2019-11-01,158.29,sh600036,招商银行
2019-11-04,160.54,sh600036,招商银行
2019-11-05,162.41,sh600036,招商银行
2019-11-06,164.31,sh600036,招商银行
2019-11-07,164.35,sh600036,招商银行
2019-11-08,162.76,sh600036,招商银行
2019-11-11,161.05,sh600036,招商银行
2019-11-12,160.62,sh600036,招商银行
2019-11-13,159.84,sh600036,招商银行
2019-11-14,158.83,sh600036,招商银行
2019-11-15,159.18,sh600036,招商银行
2019-11-18,161.79,sh600036,招商银行
2019-11-19,161.86,sh600036,招商银行
2019-11-20,158.21,sh600036,招商银行
2019-11-21,157.67,sh600036,招商银行
2019-11-22,156.85,sh600036,招商银行
2019-11-25,158.21,sh600036,招商银行
2019-11-26,155.96,sh600036,招商银行
2019-11-27,158.48,sh600036,招商银行
2019-11-28,158.41,sh600036,招商银行
2019-11-29,156.08,sh600036,招商银行
2019-12-02,156.39,sh600036,招商银行
2019-12-03,157.75,sh600036,招商银行
2019-12-04,157.05,sh600036,招商银行
2019-12-05,157.44,sh600036,招商银行
2019-12-06,157.55,sh600036,招商银行
2019-12-09,157.01,sh600036,招商银行
2019-12-10,156.43,sh600036,招商银行
2019-12-11,157.51,sh600036,招商银行
2019-12-12,157.51,sh600036,招商银行
2019-12-13,161.79,sh600036,招商银行
2019-12-16,160.93,sh600036,招商银行
2019-12-17,161.79,sh600036,招商银行
2019-12-18,163.69,sh600036,招商银行
2019-12-19,162.83,sh600036,招商银行
2019-12-20,161.94,sh600036,招商银行
2019-12-23,161.4,sh600036,招商银行
2019-12-24,163.77,sh600036,招商银行
2019-12-25,162.91,sh600036,招商银行
2019-12-26,164.12,sh600036,招商银行
2019-12-27,163.18,sh600036,招商银行
2019-12-30,163.07,sh600036,招商银行
2019-12-31,162.1,sh600036,招商银行
2020-01-02,167.14,sh600036,招商银行
2020-01-03,169.16,sh600036,招商银行
2020-01-06,168.54,sh600036,招商银行
2020-01-07,168.19,sh600036,招商银行
2020-01-08,165.32,sh600036,招商银行
2020-01-09,167.22,sh600036,招商银行
2020-01-10,167.77,sh600036,招商银行
2020-01-13,168.0,sh600036,招商银行
2020-01-14,166.87,sh600036,招商银行
2020-01-15,164.19,sh600036,招商银行
2020-01-16,163.57,sh600036,招商银行
2020-01-17,163.46,sh600036,招商银行
2020-01-20,164.93,sh600036,招商银行
2020-01-21,162.91,sh600036,招商银行
2020-01-22,163.03,sh600036,招商银行
2020-01-23,159.11,sh600036,招商银行
2020-02-03,152.19,sh600036,招商银行
2020-02-04,153.44,sh600036,招商银行
2020-02-05,153.48,sh600036,招商银行
2020-02-06,154.99,sh600036,招商银行
2020-02-07,153.71,sh600036,招商银行
2020-02-10,152.47,sh600036,招商银行
2020-02-11,154.29,sh600036,招商银行
2020-02-12,154.41,sh600036,招商银行
2020-02-13,153.13,sh600036,招商银行
2020-02-14,154.56,sh600036,招商银行
2020-02-17,156.62,sh600036,招商银行
2020-02-18,154.8,sh600036,招商银行
2020-02-19,154.14,sh600036,招商银行
2020-02-20,155.88,sh600036,招商银行
2020-02-21,154.56,sh600036,招商银行
2020-02-24,152.27,sh600036,招商银行
2020-02-25,150.64,sh600036,招商银行
2020-02-26,151.42,sh600036,招商银行
2020-02-27,152.93,sh600036,招商银行
2020-02-28,148.97,sh600036,招商银行
2020-03-02,151.11,sh600036,招商银行
2020-03-03,150.6,sh600036,招商银行
2020-03-04,151.22,sh600036,招商银行
2020-03-05,156.85,sh600036,招商银行
2020-03-06,153.67,sh600036,招商银行
2020-03-09,148.89,sh600036,招商银行
2020-03-10,150.84,sh600036,招商银行
2020-03-11,149.94,sh600036,招商银行
2020-03-12,148.82,sh600036,招商银行
2020-03-13,145.9,sh600036,招商银行
2020-03-16,139.15,sh600036,招商银行
2020-03-17,139.38,sh600036,招商银行
2020-03-18,135.85,sh600036,招商银行
2020-03-19,129.98,sh600036,招商银行
2020-03-20,136.7,sh600036,招商银行
2020-03-23,133.28,sh600036,招商银行
2020-03-24,138.53,sh600036,招商银行
2020-03-25,142.33,sh600036,招商银行
2020-03-26,143.22,sh600036,招商银行
2020-03-27,143.22,sh600036,招商银行
2020-03-30,142.95,sh600036,招商银行
2020-03-31,141.52,sh600036,招商银行
2020-04-01,140.93,sh600036,招商银行
2020-04-02,141.75,sh600036,招商银行
2020-04-03,141.01,sh600036,招商银行
2020-04-07,142.45,sh600036,招商银行
2020-04-08,141.28,sh600036,招商银行
2020-04-09,141.59,sh600036,招商银行
2020-04-10,140.82,sh600036,招商银行
2020-04-13,140.16,sh600036,招商银行
2020-04-14,143.19,sh600036,招商银行
2020-04-15,142.06,sh600036,招商银行
2020-04-16,140.82,sh600036,招商银行
2020-04-17,143.77,sh600036,招商银行
2020-04-20,143.92,sh600036,招商银行
2020-04-21,142.95,sh600036,招商银行
2020-04-22,143.26,sh600036,招商银行
2020-04-23,143.11,sh600036,招商银行
2020-04-24,142.41,sh600036,招商银行
2020-04-27,146.56,sh600036,招商银行
2020-04-28,147.65,sh600036,招商银行
2020-04-29,152.16,sh600036,招商银行
2020-04-30,152.43,sh600036,招商银行
2020-05-06,150.64,sh600036,招商银行
2020-05-07,149.94,sh600036,招商银行
2020-05-08,151.96,sh600036,招商银行
2020-05-11,151.92,sh600036,招商银行
2020-05-12,150.49,sh600036,招商银行
2020-05-13,150.29,sh600036,招商银行
2020-05-14,147.92,sh600036,招商银行
2020-05-15,147.61,sh600036,招商银行
2020-05-18,147.42,sh600036,招商银行
2020-05-19,149.24,sh600036,招商银行
2020-05-20,150.84,sh600036,招商银行
2020-05-21,151.03,sh600036,招商银行
2020-05-22,146.76,sh600036,招商银行
2020-05-25,144.66,sh600036,招商银行
2020-05-26,145.98,sh600036,招商银行
2020-05-27,145.98,sh600036,招商银行
2020-05-28,149.05,sh600036,招商银行
2020-05-29,147.5,sh600036,招商银行
2020-06-01,151.38,sh600036,招商银行
2020-06-02,152.23,sh600036,招商银行
2020-06-03,152.93,sh600036,招商银行
2020-06-04,152.66,sh600036,招商银行
2020-06-05,153.01,sh600036,招商银行
2020-06-08,154.68,sh600036,招商银行
2020-06-09,154.14,sh600036,招商银行
2020-06-10,153.4,sh600036,招商银行
2020-06-11,150.02,sh600036,招商银行
2020-06-12,150.14,sh600036,招商银行
2020-06-15,146.53,sh600036,招商银行
2020-06-16,148.74,sh600036,招商银行
2020-06-17,148.97,sh600036,招商银行
2020-06-18,147.77,sh600036,招商银行
2020-06-19,147.65,sh600036,招商银行
2020-06-22,146.25,sh600036,招商银行
2020-06-23,145.67,sh600036,招商银行
2020-06-24,147.81,sh600036,招商银行
2020-06-29,146.8,sh600036,招商银行
2020-06-30,147.11,sh600036,招商银行
2020-07-01,151.26,sh600036,招商银行
2020-07-02,153.24,sh600036,招商银行
2020-07-03,158.83,sh600036,招商银行
2020-07-06,173.09,sh600036,招商银行
2020-07-07,175.61,sh600036,招商银行
2020-07-08,173.43,sh600036,招商银行
2020-07-09,171.14,sh600036,招商银行
2020-07-10,165.47,sh600036,招商银行
2020-07-13,165.67,sh600036,招商银行
2020-07-14,162.6,sh600036,招商银行
2020-07-15,160.08,sh600036,招商银行
2020-07-16,159.07,sh600036,招商银行
2020-07-17,160.93,sh600036,招商银行
2020-07-20,165.55,sh600036,招商银行
2020-07-21,163.88,sh600036,招商银行
2020-07-22,162.33,sh600036,招商银行
2020-07-23,159.07,sh600036,招商银行
2020-07-24,155.18,sh600036,招商银行
2020-07-27,153.83,sh600036,招商银行
2020-07-28,155.11,sh600036,招商银行
2020-07-29,157.01,sh600036,招商银行
2020-07-30,155.03,sh600036,招商银行
2020-07-31,155.96,sh600036,招商银行
2020-08-03,156.74,sh600036,招商银行
2020-08-04,163.26,sh600036,招商银行
2020-08-05,161.79,sh600036,招商银行
2020-08-06,164.58,sh600036,招商银行
2020-08-07,162.99,sh600036,招商银行
2020-08-10,164.5,sh600036,招商银行
2020-08-11,166.6,sh600036,招商银行
2020-08-12,167.57,sh600036,招商银行
2020-08-13,165.79,sh600036,招商银行
2020-08-14,168.39,sh600036,招商银行
2020-08-17,172.46,sh600036,招商银行
2020-08-18,171.69,sh600036,招商银行
2020-08-19,169.75,sh600036,招商银行
2020-08-20,166.52,sh600036,招商银行
2020-08-21,167.49,sh600036,招商银行
2020-08-24,166.45,sh600036,招商银行
2020-08-25,166.76,sh600036,招商银行
2020-08-26,165.4,sh600036,招商银行
2020-08-27,164.12,sh600036,招商银行
2020-08-28,170.13,sh600036,招商银行
2020-08-31,167.18,sh600036,招商银行
2020-09-01,166.13,sh600036,招商银行
2020-09-02,165.28,sh600036,招商银行
2020-09-03,164.43,sh600036,招商银行
2020-09-04,163.73,sh600036,招商银行
2020-09-07,163.69,sh600036,招商银行
2020-09-08,166.79,sh600036,招商银行
2020-09-09,166.83,sh600036,招商银行
2020-09-10,167.22,sh600036,招商银行
2020-09-11,165.44,sh600036,招商银行
2020-09-14,165.86,sh600036,招商银行
2020-09-15,168.0,sh600036,招商银行
2020-09-16,168.62,sh600036,招商银行
2020-09-17,167.88,sh600036,招商银行
2020-09-18,172.23,sh600036,招商银行
2020-09-21,170.72,sh600036,招商银行
2020-09-22,167.92,sh600036,招商银行
2020-09-23,166.45,sh600036,招商银行
2020-09-24,164.74,sh600036,招商银行
2020-09-25,165.2,sh600036,招商银行
2020-09-28,165.47,sh600036,招商银行
2020-09-29,161.82,sh600036,招商银行
2020-09-30,160.62,sh600036,招商银行
2020-10-09,161.32,sh600036,招商银行
2020-10-12,166.68,sh600036,招商银行
2020-10-13,167.57,sh600036,招商银行
2020-10-14,168.58,sh600036,招商银行
2020-10-15,172.31,sh600036,招商银行
2020-10-16,175.3,sh600036,招商银行
2020-10-19,176.11,sh600036,招商银行
2020-10-20,176.04,sh600036,招商银行
2020-10-21,179.26,sh600036,招商银行
2020-10-22,180.77,sh600036,招商银行
2020-10-23,180.89,sh600036,招商银行
2020-10-26,178.56,sh600036,招商银行
2020-10-27,177.9,sh600036,招商银行
2020-10-28,176.54,sh600036,招商银行
2020-10-29,176.89,sh600036,招商银行
2020-10-30,175.42,sh600036,招商银行
2020-11-02,177.12,sh600036,招商银行
2020-11-03,180.97,sh600036,招商银行
2020-11-04,187.53,sh600036,招商银行
2020-11-05,186.99,sh600036,招商银行
2020-11-06,185.78,sh600036,招商银行
2020-11-09,187.92,sh600036,招商银行
2020-11-10,190.6,sh600036,招商银行
2020-11-11,193.04,sh600036,招商银行
2020-11-12,190.05,sh600036,招商银行
2020-11-13,186.17,sh600036,招商银行
2020-11-16,187.8,sh600036,招商银行
2020-11-17,191.06,sh600036,招商银行
2020-11-18,194.6,sh600036,招商银行
2020-11-19,195.06,sh600036,招商银行
2020-11-20,195.76,sh600036,招商银行
2020-11-23,197.12,sh600036,招商银行
2020-11-24,195.06,sh600036,招商银行
2020-11-25,193.35,sh600036,招商银行
2020-11-26,195.92,sh600036,招商银行
2020-11-27,198.87,sh600036,招商银行
2020-11-30,192.46,sh600036,招商银行
2020-12-01,200.23,sh600036,招商银行
2020-12-02,202.56,sh600036,招商银行
2020-12-03,201.35,sh600036,招商银行
2020-12-04,198.6,sh600036,招商银行
2020-12-07,193.32,sh600036,招商银行
2020-12-08,192.69,sh600036,招商银行
2020-12-09,192.62,sh600036,招商银行
2020-12-10,192.77,sh600036,招商银行
2020-12-11,186.56,sh600036,招商银行
2020-12-14,193.12,sh600036,招商银行
2020-12-15,193.04,sh600036,招商银行
2020-12-16,191.92,sh600036,招商银行
2020-12-17,191.88,sh600036,招商银行
2020-12-18,188.19,sh600036,招商银行
2020-12-21,187.37,sh600036,招商银行
2020-12-22,183.57,sh600036,招商银行
2020-12-23,185.16,sh600036,招商银行
2020-12-24,186.13,sh600036,招商银行
2020-12-25,186.71,sh600036,招商银行
2020-12-28,187.96,sh600036,招商银行
2020-12-29,187.14,sh600036,招商银行
2020-12-30,188.0,sh600036,招商银行
2020-12-31,191.49,sh600036,招商银行
2021-01-04,188.46,sh600036,招商银行
2021-01-05,184.62,sh600036,招商银行
2021-01-06,192.27,sh600036,招商银行
2021-01-07,199.06,sh600036,招商银行
2021-01-08,201.78,sh600036,招商银行
2021-01-11,208.85,sh600036,招商银行
2021-01-12,213.82,sh600036,招商银行
2021-01-13,212.65,sh600036,招商银行
2021-01-14,211.29,sh600036,招商银行
2021-01-15,219.41,sh600036,招商银行
2021-01-18,222.44,sh600036,招商银行
2021-01-19,222.17,sh600036,招商银行
2021-01-20,221.66,sh600036,招商银行
2021-01-21,225.23,sh600036,招商银行
2021-01-22,221.35,sh600036,招商银行
2021-01-25,223.18,sh600036,招商银行
2021-01-26,220.42,sh600036,招商银行
2021-01-27,222.75,sh600036,招商银行
2021-01-28,221.24,sh600036,招商银行
2021-01-29,219.25,sh600036,招商银行
2021-02-01,224.3,sh600036,招商银行
2021-02-02,222.63,sh600036,招商银行
2021-02-03,226.83,sh600036,招商银行
2021-02-04,228.57,sh600036,招商银行
2021-02-05,233.39,sh600036,招商银行
2021-02-08,235.41,sh600036,招商银行
2021-02-09,235.41,sh600036,招商银行
2021-02-10,232.65,sh600036,招商银行
2021-02-18,237.08,sh600036,招商银行
2021-02-19,235.18,sh600036,招商银行
2021-02-22,231.29,sh600036,招商银行
2021-02-23,236.53,sh600036,招商银行
2021-02-24,228.96,sh600036,招商银行
2021-02-25,232.26,sh600036,招商银行
2021-02-26,219.25,sh600036,招商银行
2021-03-01,216.5,sh600036,招商银行
2021-03-02,213.24,sh600036,招商银行
2021-03-03,225.74,sh600036,招商银行
2021-03-04,224.3,sh600036,招商银行
2021-03-05,220.42,sh600036,招商银行
2021-03-08,214.71,sh600036,招商银行
2021-03-09,209.16,sh600036,招商银行
2021-03-10,212.07,sh600036,招商银行
2021-03-11,222.63,sh600036,招商银行
2021-03-12,227.88,sh600036,招商银行
2021-03-15,227.06,sh600036,招商银行
2021-03-16,231.76,sh600036,招商银行
2021-03-17,228.19,sh600036,招商银行
2021-03-18,231.45,sh600036,招商银行
2021-03-19,221.82,sh600036,招商银行
2021-03-22,229.66,sh600036,招商银行
2021-03-23,228.5,sh600036,招商银行
2021-03-24,223.53,sh600036,招商银行
2021-03-25,218.91,sh600036,招商银行
2021-03-26,221.2,sh600036,招商银行
2021-03-29,218.63,sh600036,招商银行
2021-03-30,221.04,sh600036,招商银行
2021-03-31,219.25,sh600036,招商银行
2021-04-01,219.06,sh600036,招商银行
2021-04-02,218.67,sh600036,招商银行
2021-04-06,218.83,sh600036,招商银行
2021-04-07,216.65,sh600036,招商银行
2021-04-08,216.93,sh600036,招商银行
2021-04-09,215.95,sh600036,招商银行
2021-04-12,216.77,sh600036,招商银行
2021-04-13,216.23,sh600036,招商银行
2021-04-14,213.82,sh600036,招商银行
2021-04-15,212.81,sh600036,招商银行
2021-04-16,213.97,sh600036,招商银行
2021-04-19,221.86,sh600036,招商银行
2021-04-20,222.71,sh600036,招商银行
2021-04-21,226.21,sh600036,招商银行
2021-04-22,225.12,sh600036,招商银行
2021-04-23,227.8,sh600036,招商银行
2021-04-26,223.02,sh600036,招商银行
2021-04-27,223.02,sh600036,招商银行
2021-04-28,221.82,sh600036,招商银行
2021-04-29,227.72,sh600036,招商银行
2021-04-30,225.47,sh600036,招商银行
2021-05-06,229.23,sh600036,招商银行
2021-05-07,231.21,sh600036,招商银行
2021-05-10,230.13,sh600036,招商银行
2021-05-11,229.89,sh600036,招商银行
2021-05-12,229.31,sh600036,招商银行
2021-05-13,227.41,sh600036,招商银行
2021-05-14,234.32,sh600036,招商银行
2021-05-17,236.92,sh600036,招商银行
2021-05-18,238.09,sh600036,招商银行
2021-05-19,233.62,sh600036,招商银行
2021-05-20,236.22,sh600036,招商银行
2021-05-21,230.94,sh600036,招商银行
2021-05-24,230.83,sh600036,招商银行
2021-05-25,244.3,sh600036,招商银行
2021-05-26,247.99,sh600036,招商银行
2021-05-27,245.85,sh600036,招商银行
2021-05-28,247.99,sh600036,招商银行
2021-05-31,246.79,sh600036,招商银行
2021-06-01,243.56,sh600036,招商银行
2021-06-02,244.42,sh600036,招商银行
2021-06-03,239.37,sh600036,招商银行
2021-06-04,244.22,sh600036,招商银行
2021-06-07,242.16,sh600036,招商银行
2021-06-08,241.0,sh600036,招商银行
2021-06-09,240.11,sh600036,招商银行
2021-06-10,239.64,sh600036,招商银行
2021-06-11,239.56,sh600036,招商银行
2021-06-15,233.62,sh600036,招商银行
2021-06-16,236.73,sh600036,招商银行
2021-06-17,234.86,sh600036,招商银行
2021-06-18,233.2,sh600036,招商银行
2021-06-21,229.31,sh600036,招商银行
2021-06-22,236.19,sh600036,招商银行
2021-06-23,233.7,sh600036,招商银行
2021-06-24,234.4,sh600036,招商银行
2021-06-25,239.84,sh600036,招商银行
2021-06-28,233.23,sh600036,招商银行
2021-06-29,229.74,sh600036,招商银行
2021-06-30,231.25,sh600036,招商银行
2021-07-01,238.28,sh600036,招商银行
2021-07-02,226.83,sh600036,招商银行
2021-07-05,226.4,sh600036,招商银行
2021-07-06,228.73,sh600036,招商银行
2021-07-07,228.3,sh600036,招商银行
2021-07-08,216.34,sh600036,招商银行
2021-07-09,214.6,sh600036,招商银行
2021-07-12,216.54,sh600036,招商银行
2021-07-13,219.73,sh600036,招商银行
2021-07-14,215.77,sh600036,招商银行
2021-07-15,223.93,sh600036,招商银行
2021-07-16,223.73,sh600036,招商银行
2021-07-19,223.07,sh600036,招商银行
2021-07-20,219.5,sh600036,招商银行
2021-07-21,218.68,sh600036,招商银行
2021-07-22,220.82,sh600036,招商银行
2021-07-23,220.04,sh600036,招商银行
2021-07-26,210.92,sh600036,招商银行
2021-07-27,204.98,sh600036,招商银行
2021-07-28,210.02,sh600036,招商银行
2021-07-29,211.89,sh600036,招商银行
2021-07-30,206.26,sh600036,招商银行
2021-08-02,210.96,sh600036,招商银行
2021-08-03,210.49,sh600036,招商银行
2021-08-04,208.2,sh600036,招商银行
2021-08-05,207.23,sh600036,招商银行
2021-08-06,210.49,sh600036,招商银行
2021-08-09,216.2,sh600036,招商银行
2021-08-10,220.66,sh600036,招商银行
2021-08-11,223.34,sh600036,招商银行
2021-08-12,222.49,sh600036,招商银行
2021-08-13,224.43,sh600036,招商银行
2021-08-16,223.23,sh600036,招商银行
2021-08-17,218.37,sh600036,招商银行
2021-08-18,232.04,sh600036,招商银行
2021-08-19,225.98,sh600036,招商银行
2021-08-20,223.85,sh600036,招商银行
2021-08-23,227.19,sh600036,招商银行
2021-08-24,228.39,sh600036,招商银行
2021-08-25,225.4,sh600036,招商银行
2021-08-26,218.3,sh600036,招商银行
2021-08-27,221.21,sh600036,招商银行
2021-08-30,213.83,sh600036,招商银行
2021-08-31,215.81,sh600036,招商银行
2021-09-01,222.92,sh600036,招商银行
2021-09-02,226.06,sh600036,招商银行
2021-09-03,227.62,sh600036,招商银行
2021-09-06,224.51,sh600036,招商银行
2021-09-07,230.76,sh600036,招商银行
2021-09-08,229.21,sh600036,招商银行
2021-09-09,228.0,sh600036,招商银行
2021-09-10,235.85,sh600036,招商银行
2021-09-13,235.07,sh600036,招商银行
2021-09-14,228.0,sh600036,招商银行
2021-09-15,225.29,sh600036,招商银行
2021-09-16,222.57,sh600036,招商银行
2021-09-17,224.7,sh600036,招商银行
2021-09-22,217.56,sh600036,招商银行
2021-09-23,215.34,sh600036,招商银行
2021-09-24,215.07,sh600036,招商银行
2021-09-27,216.32,sh600036,招商银行
2021-09-28,221.48,sh600036,招商银行
2021-09-29,225.91,sh600036,招商银行
2021-09-30,221.6,sh600036,招商银行
2021-10-08,223.46,sh600036,招商银行
2021-10-11,231.5,sh600036,招商银行
2021-10-12,231.85,sh600036,招商银行
2021-10-13,231.61,sh600036,招商银行
2021-10-14,229.01,sh600036,招商银行
2021-10-15,232.7,sh600036,招商银行
2021-10-18,227.07,sh600036,招商银行
2021-10-19,231.03,sh600036,招商银行
2021-10-20,229.17,sh600036,招商银行
2021-10-21,234.41,sh600036,招商银行
2021-10-22,236.51,sh600036,招商银行
2021-10-25,237.67,sh600036,招商银行
2021-10-26,240.43,sh600036,招商银行
2021-10-27,237.4,sh600036,招商银行
2021-10-28,236.24,sh600036,招商银行
2021-10-29,235.26,sh600036,招商银行
2021-11-01,235.85,sh600036,招商银行
2021-11-02,228.59,sh600036,招商银行
2021-11-03,226.45,sh600036,招商银行
2021-11-04,226.64,sh600036,招商银行
2021-11-05,225.91,sh600036,招商银行
2021-11-08,224.9,sh600036,招商银行
2021-11-09,223.97,sh600036,招商银行
2021-11-10,222.3,sh600036,招商银行
2021-11-11,230.8,sh600036,招商银行
2021-11-12,229.17,sh600036,招商银行
2021-11-15,231.23,sh600036,招商银行
2021-11-16,229.56,sh600036,招商银行
2021-11-17,226.99,sh600036,招商银行
2021-11-18,225.32,sh600036,招商银行
2021-11-19,228.9,sh600036,招商银行
2021-11-22,226.41,sh600036,招商银行
2021-11-23,226.64,sh600036,招商银行
2021-11-24,226.61,sh600036,招商银行
2021-11-25,225.36,sh600036,招商银行
2021-11-26,220.24,sh600036,招商银行
2021-11-29,219.15,sh600036,招商银行
2021-11-30,217.87,sh600036,招商银行
2021-12-01,219.81,sh600036,招商银行
2021-12-02,223.3,sh600036,招商银行
2021-12-03,224.7,sh600036,招商银行
2021-12-06,226.92,sh600036,招商银行
2021-12-07,226.99,sh600036,招商银行
2021-12-08,227.77,sh600036,招商银行
2021-12-09,232.0,sh600036,招商银行
2021-12-10,233.4,sh600036,招商银行
2021-12-13,229.25,sh600036,招商银行
2021-12-14,224.31,sh600036,招商银行
2021-12-15,223.73,sh600036,招商银行
2021-12-16,224.51,sh600036,招商银行
2021-12-17,222.84,sh600036,招商银行
2021-12-20,222.53,sh600036,招商银行
2021-12-21,222.3,sh600036,招商银行
2021-12-22,219.89,sh600036,招商银行
2021-12-23,220.7,sh600036,招商银行
2021-12-24,219.31,sh600036,招商银行
2021-12-27,217.25,sh600036,招商银行
2021-12-28,218.41,sh600036,招商银行
2021-12-29,210.61,sh600036,招商银行
2021-12-30,214.02,sh600036,招商银行
2021-12-31,214.84,sh600036,招商银行
2022-01-04,213.44,sh600036,招商银行
2022-01-05,216.16,sh600036,招商银行
2022-01-06,212.67,sh600036,招商银行
2022-01-07,216.16,sh600036,招商银行
2022-01-10,216.86,sh600036,招商银行
2022-01-11,219.27,sh600036,招商银行
2022-01-12,218.92,sh600036,招商银行
2022-01-13,217.29,sh600036,招商银行
2022-01-14,212.16,sh600036,招商银行
2022-01-17,214.34,sh600036,招商银行
2022-01-18,216.0,sh600036,招商银行
2022-01-19,218.68,sh600036,招商银行
2022-01-20,225.17,sh600036,招商银行
2022-01-21,226.92,sh600036,招商银行
2022-01-24,227.03,sh600036,招商银行
2022-01-25,223.34,sh600036,招商银行
2022-01-26,223.73,sh600036,招商银行
2022-01-27,222.84,sh600036,招商银行
2022-01-28,216.78,sh600036,招商银行
2022-02-07,225.09,sh600036,招商银行
2022-02-08,226.49,sh600036,招商银行
2022-02-09,226.14,sh600036,招商银行
2022-02-10,226.49,sh600036,招商银行
2022-02-11,230.57,sh600036,招商银行
2022-02-14,224.51,sh600036,招商银行
2022-02-15,220.7,sh600036,招商银行
2022-02-16,224.0,sh600036,招商银行
2022-02-17,225.52,sh600036,招商银行
2022-02-18,227.85,sh600036,招商银行
2022-02-21,226.68,sh600036,招商银行
2022-02-22,224.59,sh600036,招商银行
2022-02-23,223.07,sh600036,招商银行
2022-02-24,219.93,sh600036,招商银行
2022-02-25,219.11,sh600036,招商银行
2022-02-28,219.07,sh600036,招商银行
2022-03-01,220.78,sh600036,招商银行
2022-03-02,217.79,sh600036,招商银行
2022-03-03,218.8,sh600036,招商银行
2022-03-04,214.8,sh600036,招商银行
2022-03-07,207.27,sh600036,招商银行
2022-03-08,202.3,sh600036,招商银行
2022-03-09,198.06,sh600036,招商银行
2022-03-10,199.27,sh600036,招商银行
2022-03-11,198.3,sh600036,招商银行
2022-03-14,189.37,sh600036,招商银行
2022-03-15,178.88,sh600036,招商银行
2022-03-16,191.04,sh600036,招商银行
2022-03-17,198.53,sh600036,招商银行
2022-03-18,204.98,sh600036,招商银行
2022-03-21,199.7,sh600036,招商银行
2022-03-22,202.49,sh600036,招商银行
2022-03-23,203.38,sh600036,招商银行
2022-03-24,203.42,sh600036,招商银行
2022-03-25,201.13,sh600036,招商银行
2022-03-28,200.63,sh600036,招商银行
2022-03-29,200.47,sh600036,招商银行
2022-03-30,205.21,sh600036,招商银行
2022-03-31,207.42,sh600036,招商银行
2022-04-01,208.59,sh600036,招商银行
2022-04-06,209.71,sh600036,招商银行
2022-04-07,207.66,sh600036,招商银行
2022-04-08,208.9,sh600036,招商银行
2022-04-11,203.93,sh600036,招商银行
2022-04-12,203.15,sh600036,招商银行
2022-04-13,203.35,sh600036,招商银行
2022-04-14,203.38,sh600036,招商银行
2022-04-15,207.54,sh600036,招商银行
2022-04-18,194.18,sh600036,招商银行
2022-04-19,189.17,sh600036,招商银行
2022-04-20,185.29,sh600036,招商银行
2022-04-21,185.99,sh600036,招商银行
2022-04-22,190.73,sh600036,招商银行
2022-04-25,176.48,sh600036,招商银行
2022-04-26,174.84,sh600036,招商银行
2022-04-27,173.41,sh600036,招商银行
2022-04-28,179.54,sh600036,招商银行
2022-04-29,180.75,sh600036,招商银行
2022-05-05,178.14,sh600036,招商银行
2022-05-06,172.9,sh600036,招商银行
2022-05-09,167.31,sh600036,招商银行
2022-05-10,169.29,sh600036,招商银行
2022-05-11,170.18,sh600036,招商银行
2022-05-12,167.85,sh600036,招商银行
2022-05-13,169.95,sh600036,招商银行
2022-05-16,168.94,sh600036,招商银行
2022-05-17,175.58,sh600036,招商银行
2022-05-18,175.19,sh600036,招商银行
2022-05-19,173.37,sh600036,招商银行
2022-05-20,180.86,sh600036,招商银行
2022-05-23,179.04,sh600036,招商银行
2022-05-24,176.75,sh600036,招商银行
2022-05-25,176.28,sh600036,招商银行
2022-05-26,174.92,sh600036,招商银行
2022-05-27,177.6,sh600036,招商银行
2022-05-30,177.41,sh600036,招商银行
2022-05-31,179.81,sh600036,招商银行
2022-06-01,179.81,sh600036,招商银行
2022-06-02,176.82,sh600036,招商银行
2022-06-06,177.02,sh600036,招商银行
2022-06-07,178.49,sh600036,招商银行
2022-06-08,179.19,sh600036,招商银行
2022-06-09,182.14,sh600036,招商银行
2022-06-10,181.48,sh600036,招商银行
2022-06-13,175.47,sh600036,招商银行
2022-06-14,178.07,sh600036,招商银行
2022-06-15,182.88,sh600036,招商银行
2022-06-16,180.86,sh600036,招商银行
2022-06-17,180.44,sh600036,招商银行
2022-06-20,179.85,sh600036,招商银行
2022-06-21,182.3,sh600036,招商银行
2022-06-22,178.34,sh600036,招商银行
2022-06-23,181.56,sh600036,招商银行
2022-06-24,181.79,sh600036,招商银行
2022-06-27,185.87,sh600036,招商银行
2022-06-28,185.99,sh600036,招商银行
2022-06-29,184.94,sh600036,招商银行
2022-06-30,189.56,sh600036,招商银行
2022-07-01,186.38,sh600036,招商银行
2022-07-04,185.1,sh600036,招商银行
2022-07-05,184.82,sh600036,招商银行
2022-07-06,180.24,sh600036,招商银行
2022-07-07,180.05,sh600036,招商银行
2022-07-08,180.28,sh600036,招商银行
2022-07-11,178.84,sh600036,招商银行
2022-07-12,178.3,sh600036,招商银行
2022-07-13,172.86,sh600036,招商银行
2022-07-14,167.35,sh600036,招商银行
2022-07-15,167.01,sh600036,招商银行
2022-07-18,169.96,sh600036,招商银行
2022-07-19,170.27,sh600036,招商银行
2022-07-20,170.81,sh600036,招商银行
2022-07-21,169.3,sh600036,招商银行
2022-07-22,169.8,sh600036,招商银行
2022-07-25,170.81,sh600036,招商银行
2022-07-26,172.68,sh600036,招商银行
2022-07-27,171.59,sh600036,招商银行
2022-07-28,170.54,sh600036,招商银行
2022-07-29,167.78,sh600036,招商银行
2022-08-01,165.65,sh600036,招商银行
2022-08-02,163.28,sh600036,招商银行
2022-08-03,159.98,sh600036,招商银行
2022-08-04,162.31,sh600036,招商银行
2022-08-05,164.79,sh600036,招商银行
2022-08-08,163.28,sh600036,招商银行
2022-08-09,162.08,sh600036,招商银行
2022-08-10,160.33,sh600036,招商银行
2022-08-11,165.03,sh600036,招商银行
2022-08-12,165.07,sh600036,招商银行
2022-08-15,162.58,sh600036,招商银行
2022-08-16,163.28,sh600036,招商银行
2022-08-17,164.56,sh600036,招商银行
2022-08-18,162.54,sh600036,招商银行
2022-08-19,163.05,sh600036,招商银行
2022-08-22,162.15,sh600036,招商银行
2022-08-23,160.14,sh600036,招商银行
2022-08-24,159.13,sh600036,招商银行
2022-08-25,162.43,sh600036,招商银行
2022-08-26,162.47,sh600036,招商银行
2022-08-29,160.83,sh600036,招商银行
2022-08-30,162.81,sh600036,招商银行
2022-08-31,167.71,sh600036,招商银行
2022-09-01,165.57,sh600036,招商银行
2022-09-02,164.87,sh600036,招商银行
2022-09-05,164.52,sh600036,招商银行
2022-09-06,162.15,sh600036,招商银行
2022-09-07,161.22,sh600036,招商银行
2022-09-08,160.91,sh600036,招商银行
2022-09-09,165.57,sh600036,招商银行
2022-09-13,168.87,sh600036,招商银行
2022-09-14,166.97,sh600036,招商银行
2022-09-15,171.43,sh600036,招商银行
2022-09-16,167.32,sh600036,招商银行
2022-09-19,167.86,sh600036,招商银行
2022-09-20,165.73,sh600036,招商银行
2022-09-21,165.22,sh600036,招商银行
2022-09-22,164.29,sh600036,招商银行
2022-09-23,165.03,sh600036,招商银行
2022-09-26,163.44,sh600036,招商银行
2022-09-27,163.24,sh600036,招商银行
2022-09-28,162.35,sh600036,招商银行
2022-09-29,160.33,sh600036,招商银行
2022-09-30,162.27,sh600036,招商银行
2022-10-10,155.09,sh600036,招商银行
2022-10-11,153.53,sh600036,招商银行
2022-10-12,151.79,sh600036,招商银行
2022-10-13,147.67,sh600036,招商银行
2022-10-14,152.29,sh600036,招商银行
2022-10-17,152.06,sh600036,招商银行
2022-10-18,151.2,sh600036,招商银行
2022-10-19,149.11,sh600036,招商银行
2022-10-20,148.37,sh600036,招商银行
2022-10-21,146.47,sh600036,招商银行
2022-10-24,140.41,sh600036,招商银行
2022-10-25,141.07,sh600036,招商银行
2022-10-26,140.06,sh600036,招商银行
2022-10-27,140.1,sh600036,招商银行
2022-10-28,137.15,sh600036,招商银行
2022-10-31,135.75,sh600036,招商银行
2022-11-01,141.07,sh600036,招商银行
2022-11-02,141.96,sh600036,招商银行
2022-11-03,140.53,sh600036,招商银行
2022-11-04,144.53,sh600036,招商银行
2022-11-07,144.84,sh600036,招商银行
2022-11-08,144.8,sh600036,招商银行
2022-11-09,144.91,sh600036,招商银行
2022-11-10,144.95,sh600036,招商银行
2022-11-11,152.91,sh600036,招商银行
2022-11-14,160.29,sh600036,招商银行
2022-11-15,160.83,sh600036,招商银行
2022-11-16,161.22,sh600036,招商银行
2022-11-17,157.07,sh600036,招商银行
2022-11-18,156.14,sh600036,招商银行
2022-11-21,155.36,sh600036,招商银行
2022-11-22,157.61,sh600036,招商银行
2022-11-23,156.72,sh600036,招商银行
2022-11-24,156.72,sh600036,招商银行
2022-11-25,159.82,sh600036,招商银行
2022-11-28,155.71,sh600036,招商银行
2022-11-29,166.97,sh600036,招商银行
2022-11-30,167.36,sh600036,招商银行
2022-12-01,167.51,sh600036,招商银行
2022-12-02,165.14,sh600036,招商银行
2022-12-05,171.78,sh600036,招商银行
2022-12-06,170.81,sh600036,招商银行
2022-12-07,168.76,sh600036,招商银行
2022-12-08,169.26,sh600036,招商银行
2022-12-09,174.31,sh600036,招商银行
2022-12-12,170.58,sh600036,招商银行
2022-12-13,171.94,sh600036,招商银行
2022-12-14,174.93,sh600036,招商银行
2022-12-15,172.68,sh600036,招商银行
2022-12-16,175.63,sh600036,招商银行
2022-12-19,173.34,sh600036,招商银行
2022-12-20,170.31,sh600036,招商银行
2022-12-21,171.2,sh600036,招商银行
2022-12-22,173.34,sh600036,招商银行
2022-12-23,172.83,sh600036,招商银行
2022-12-26,171.2,sh600036,招商银行
2022-12-27,174.0,sh600036,招商银行
2022-12-28,176.56,sh600036,招商银行
2022-12-29,176.17,sh600036,招商银行
2022-12-30,176.29,sh600036,招商银行
2023-01-03,177.53,sh600036,招商银行
2023-01-04,181.69,sh600036,招商银行
2023-01-05,181.1,sh600036,招商银行
2023-01-06,180.64,sh600036,招商银行
2023-01-09,182.27,sh600036,招商银行
2023-01-10,180.13,sh600036,招商银行
2023-01-11,182.73,sh600036,招商银行
2023-01-12,183.24,sh600036,招商银行
2023-01-13,185.61,sh600036,招商银行
2023-01-16,188.75,sh600036,招商银行
2023-01-17,189.57,sh600036,招商银行
2023-01-18,188.4,sh600036,招商银行
2023-01-19,189.45,sh600036,招商银行
2023-01-20,191.01,sh600036,招商银行
2023-01-30,194.81,sh600036,招商银行
2023-01-31,191.63,sh600036,招商银行
2023-02-01,189.03,sh600036,招商银行
2023-02-02,187.04,sh600036,招商银行
2023-02-03,184.21,sh600036,招商银行
2023-02-06,180.52,sh600036,招商银行
2023-02-07,180.75,sh600036,招商银行
2023-02-08,181.06,sh600036,招商银行
2023-02-09,181.06,sh600036,招商银行
2023-02-10,179.78,sh600036,招商银行
2023-02-13,178.07,sh600036,招商银行
2023-02-14,179.16,sh600036,招商银行
2023-02-15,175.94,sh600036,招商银行
2023-02-16,176.33,sh600036,招商银行
2023-02-17,174.15,sh600036,招商银行
2023-02-20,181.06,sh600036,招商银行
2023-02-21,181.84,sh600036,招商银行
2023-02-22,179.78,sh600036,招商银行
2023-02-23,180.21,sh600036,招商银行
2023-02-24,177.07,sh600036,招商银行
2023-02-27,175.9,sh600036,招商银行
2023-02-28,176.48,sh600036,招商银行
2023-03-01,180.13,sh600036,招商银行
2023-03-02,180.13,sh600036,招商银行
2023-03-03,180.13,sh600036,招商银行
2023-03-06,175.28,sh600036,招商银行
2023-03-07,173.57,sh600036,招商银行
2023-03-08,171.4,sh600036,招商银行
2023-03-09,169.77,sh600036,招商银行
2023-03-10,167.63,sh600036,招商银行
2023-03-13,167.71,sh600036,招商银行
2023-03-14,165.88,sh600036,招商银行
2023-03-15,167.05,sh600036,招商银行
2023-03-16,166.15,sh600036,招商银行
2023-03-17,165.03,sh600036,招商银行
2023-03-20,164.1,sh600036,招商银行
2023-03-21,164.52,sh600036,招商银行
2023-03-22,165.73,sh600036,招商银行
2023-03-23,168.29,sh600036,招商银行
2023-03-24,165.3,sh600036,招商银行
2023-03-27,164.45,sh600036,招商银行
2023-03-28,165.18,sh600036,招商银行
2023-03-29,164.1,sh600036,招商银行
2023-03-30,164.99,sh600036,招商银行
2023-03-31,164.68,sh600036,招商银行
2023-04-03,165.07,sh600036,招商银行
2023-04-04,164.72,sh600036,招商银行
2023-04-06,162.85,sh600036,招商银行
2023-04-07,164.17,sh600036,招商银行
2023-04-10,164.56,sh600036,招商银行
2023-04-11,162.58,sh600036,招商银行
2023-04-12,162.62,sh600036,招商银行
2023-04-13,163.67,sh600036,招商银行
2023-04-14,165.14,sh600036,招商银行
2023-04-17,168.29,sh600036,招商银行
2023-04-18,170.15,sh600036,招商银行
2023-04-19,169.45,sh600036,招商银行
2023-04-20,167.47,sh600036,招商银行
2023-04-21,165.57,sh600036,招商银行
2023-04-24,162.08,sh600036,招商银行
2023-04-25,163.75,sh600036,招商银行
2023-04-26,162.93,sh600036,招商银行
2023-04-27,158.31,sh600036,招商银行
2023-04-28,162.08,sh600036,招商银行
2023-05-04,164.13,sh600036,招商银行
2023-05-05,166.31,sh600036,招商银行
2023-05-08,169.84,sh600036,招商银行
2023-05-09,167.47,sh600036,招商银行
2023-05-10,165.18,sh600036,招商银行
2023-05-11,165.38,sh600036,招商银行
2023-05-12,163.79,sh600036,招商银行
2023-05-15,166.35,sh600036,招商银行
2023-05-16,166.81,sh600036,招商银行
2023-05-17,165.57,sh600036,招商银行
2023-05-18,165.38,sh600036,招商银行
2023-05-19,163.44,sh600036,招商银行
2023-05-22,164.41,sh600036,招商银行
2023-05-23,162.08,sh600036,招商银行
2023-05-24,159.48,sh600036,招商银行
2023-05-25,157.49,sh600036,招商银行
2023-05-26,158.74,sh600036,招商银行
2023-05-29,158.54,sh600036,招商银行
2023-05-30,158.35,sh600036,招商银行
2023-05-31,157.03,sh600036,招商银行
2023-06-01,156.1,sh600036,招商银行
2023-06-02,160.02,sh600036,招商银行
2023-06-05,159.9,sh600036,招商银行
2023-06-06,160.02,sh600036,招商银行
2023-06-07,160.91,sh600036,招商银行
2023-06-08,163.94,sh600036,招商银行
2023-06-09,162.62,sh600036,招商银行
2023-06-12,162.58,sh600036,招商银行
2023-06-13,162.58,sh600036,招商银行
2023-06-14,161.26,sh600036,招商银行
2023-06-15,162.54,sh600036,招商银行
2023-06-16,163.36,sh600036,招商银行
2023-06-19,162.0,sh600036,招商银行
2023-06-20,160.48,sh600036,招商银行
2023-06-21,160.41,sh600036,招商银行
2023-06-26,158.23,sh600036,招商银行
2023-06-27,159.05,sh600036,招商银行
2023-06-28,159.94,sh600036,招商银行
2023-06-29,158.5,sh600036,招商银行
2023-06-30,158.81,sh600036,招商银行
2023-07-03,162.54,sh600036,招商银行
2023-07-04,161.73,sh600036,招商银行
2023-07-05,159.86,sh600036,招商银行
2023-07-06,158.12,sh600036,招商银行
2023-07-07,157.07,sh600036,招商银行
2023-07-10,157.61,sh600036,招商银行
2023-07-11,158.62,sh600036,招商银行
2023-07-12,160.52,sh600036,招商银行
2023-07-13,162.03,sh600036,招商银行
2023-07-14,162.34,sh600036,招商银行
2023-07-17,161.25,sh600036,招商银行
2023-07-18,160.52,sh600036,招商银行
2023-07-19,160.98,sh600036,招商银行
2023-07-20,161.41,sh600036,招商银行
2023-07-21,161.84,sh600036,招商银行
2023-07-24,160.48,sh600036,招商银行
2023-07-25,167.54,sh600036,招商银行
2023-07-26,167.85,sh600036,招商银行
2023-07-27,169.06,sh600036,招商银行
2023-07-28,174.65,sh600036,招商银行
2023-07-31,176.44,sh600036,招商银行
2023-08-01,174.22,sh600036,招商银行
2023-08-02,170.5,sh600036,招商银行
2023-08-03,173.02,sh600036,招商银行
2023-08-04,173.8,sh600036,招商银行
2023-08-07,172.32,sh600036,招商银行
2023-08-08,170.96,sh600036,招商银行
2023-08-09,170.46,sh600036,招商银行
2023-08-10,170.92,sh600036,招商银行
2023-08-11,167.08,sh600036,招商银行
2023-08-14,164.4,sh600036,招商银行
2023-08-15,164.01,sh600036,招商银行
2023-08-16,162.5,sh600036,招商银行
2023-08-17,161.8,sh600036,招商银行
2023-08-18,162.15,sh600036,招商银行
2023-08-21,159.23,sh600036,招商银行
2023-08-22,159.97,sh600036,招商银行
2023-08-23,158.15,sh600036,招商银行
2023-08-24,158.96,sh600036,招商银行
2023-08-25,160.9,sh600036,招商银行
2023-08-28,163.62,sh600036,招商银行
2023-08-29,162.77,sh600036,招商银行
2023-08-30,161.29,sh600036,招商银行
2023-08-31,160.87,sh600036,招商银行
2023-09-01,163.66,sh600036,招商银行
2023-09-04,168.55,sh600036,招商银行
2023-09-05,166.92,sh600036,招商银行
2023-09-06,167.89,sh600036,招商银行
2023-09-07,167.04,sh600036,招商银行
2023-09-08,167.16,sh600036,招商银行
2023-09-11,166.15,sh600036,招商银行
2023-09-12,166.03,sh600036,招商银行
2023-09-13,165.52,sh600036,招商银行
2023-09-14,166.77,sh600036,招商银行
2023-09-15,166.34,sh600036,招商银行
2023-09-18,166.57,sh600036,招商银行
2023-09-19,166.34,sh600036,招商银行
2023-09-20,165.45,sh600036,招商银行
2023-09-21,164.05,sh600036,招商银行
2023-09-22,167.82,sh600036,招商银行
2023-09-25,166.5,sh600036,招商银行
2023-09-26,165.72,sh600036,招商银行
2023-09-27,165.8,sh600036,招商银行
2023-09-28,166.38,sh600036,招商银行
2023-10-09,164.86,sh600036,招商银行
2023-10-10,164.9,sh600036,招商银行
2023-10-11,164.36,sh600036,招商银行
2023-10-12,166.77,sh600036,招商银行
2023-10-13,164.98,sh600036,招商银行
2023-10-16,163.82,sh600036,招商银行
2023-10-17,164.63,sh600036,招商银行
2023-10-18,164.52,sh600036,招商银行
2023-10-19,160.94,sh600036,招商银行
2023-10-20,161.25,sh600036,招商银行
2023-10-23,159.62,sh600036,招商银行
2023-10-24,159.89,sh600036,招商银行
2023-10-25,160.36,sh600036,招商银行
2023-10-26,160.67,sh600036,招商银行
2023-10-27,160.79,sh600036,招商银行
2023-10-30,158.34,sh600036,招商银行
2023-10-31,157.8,sh600036,招商银行
2023-11-01,156.59,sh600036,招商银行
2023-11-02,157.49,sh600036,招商银行
2023-11-03,158.69,sh600036,招商银行
2023-11-06,159.27,sh600036,招商银行
2023-11-07,157.95,sh600036,招商银行
2023-11-08,157.18,sh600036,招商银行
2023-11-09,157.41,sh600036,招商银行
2023-11-10,155.47,sh600036,招商银行
2023-11-13,154.15,sh600036,招商银行
2023-11-14,155.62,sh600036,招商银行
2023-11-15,157.33,sh600036,招商银行
2023-11-16,156.94,sh600036,招商银行
2023-11-17,156.13,sh600036,招商银行
2023-11-20,157.1,sh600036,招商银行
2023-11-21,156.52,sh600036,招商银行
2023-11-22,155.47,sh600036,招商银行
2023-11-23,155.39,sh600036,招商银行
2023-11-24,154.85,sh600036,招商银行
2023-11-27,152.52,sh600036,招商银行
2023-11-28,151.58,sh600036,招商银行
2023-11-29,150.19,sh600036,招商银行
2023-11-30,150.15,sh600036,招商银行
2023-12-01,148.09,sh600036,招商银行
2023-12-04,147.39,sh600036,招商银行
2023-12-05,145.18,sh600036,招商银行
2023-12-06,146.15,sh600036,招商银行
2023-12-07,146.34,sh600036,招商银行
2023-12-08,145.14,sh600036,招商银行
2023-12-11,146.15,sh600036,招商银行
2023-12-12,147.27,sh600036,招商银行
2023-12-13,144.05,sh600036,招商银行
2023-12-14,143.31,sh600036,招商银行
2023-12-15,144.09,sh600036,招商银行
2023-12-18,144.28,sh600036,招商银行
2023-12-19,144.32,sh600036,招商银行
2023-12-20,143.43,sh600036,招商银行
2023-12-21,145.95,sh600036,招商银行
2023-12-22,145.57,sh600036,招商银行
2023-12-25,145.26,sh600036,招商银行
2023-12-26,144.25,sh600036,招商银行
2023-12-27,144.36,sh600036,招商银行
2023-12-28,147.04,sh600036,招商银行
2023-12-29,146.38,sh600036,招商银行
2024-01-02,145.45,sh600036,招商银行
2024-01-03,146.19,sh600036,招商银行
2024-01-04,146.34,sh600036,招商银行
2024-01-05,148.21,sh600036,招商银行
2024-01-08,147.59,sh600036,招商银行
2024-01-09,147.74,sh600036,招商银行
2024-01-10,147.27,sh600036,招商银行
2024-01-11,148.56,sh600036,招商银行
2024-01-12,149.18,sh600036,招商银行
2024-01-15,150.07,sh600036,招商银行
2024-01-16,151.47,sh600036,招商银行
2024-01-17,151.7,sh600036,招商银行
2024-01-18,153.22,sh600036,招商银行
2024-01-19,153.8,sh600036,招商银行
2024-01-22,155.82,sh600036,招商银行
2024-01-23,154.81,sh600036,招商银行
2024-01-24,155.2,sh600036,招商银行
2024-01-25,158.34,sh600036,招商银行
2024-01-26,159.2,sh600036,招商银行
2024-01-29,160.09,sh600036,招商银行
2024-01-30,158.73,sh600036,招商银行
2024-01-31,157.6,sh600036,招商银行
2024-02-01,156.48,sh600036,招商银行
2024-02-02,155.74,sh600036,招商银行
2024-02-05,157.6,sh600036,招商银行
2024-02-06,160.01,sh600036,招商银行
2024-02-07,159.93,sh600036,招商银行
2024-02-08,160.28,sh600036,招商银行
2024-02-19,161.14,sh600036,招商银行
2024-02-20,160.28,sh600036,招商银行
2024-02-21,166.5,sh600036,招商银行
2024-02-22,165.72,sh600036,招商银行
2024-02-23,166.3,sh600036,招商银行
2024-02-26,163.58,sh600036,招商银行
2024-02-27,163.31,sh600036,招商银行
2024-02-28,162.69,sh600036,招商银行
2024-02-29,162.77,sh600036,招商银行
2024-03-01,162.38,sh600036,招商银行
2024-03-04,160.75,sh600036,招商银行
2024-03-05,163.31,sh600036,招商银行
2024-03-06,162.11,sh600036,招商银行
2024-03-07,162.61,sh600036,招商银行
2024-03-08,161.33,sh600036,招商银行
2024-03-11,160.59,sh600036,招商银行
2024-03-12,162.42,sh600036,招商银行
2024-03-13,160.75,sh600036,招商银行
2024-03-14,159.7,sh600036,招商银行
2024-03-15,159.43,sh600036,招商银行
2024-03-18,159.23,sh600036,招商银行
2024-03-19,157.95,sh600036,招商银行
2024-03-20,159.43,sh600036,招商银行
2024-03-21,160.87,sh600036,招商银行
2024-03-22,159.51,sh600036,招商银行
2024-03-25,160.09,sh600036,招商银行
2024-03-26,164.17,sh600036,招商银行
2024-03-27,163.78,sh600036,招商银行
2024-03-28,163.31,sh600036,招商银行
2024-03-29,163.39,sh600036,招商银行
2024-04-01,165.1,sh600036,招商银行
2024-04-02,164.75,sh600036,招商银行
2024-04-03,163.51,sh600036,招商银行
2024-04-08,164.17,sh600036,招商银行
2024-04-09,163.82,sh600036,招商银行
2024-04-10,164.52,sh600036,招商银行
2024-04-11,163.78,sh600036,招商银行
2024-04-12,163.08,sh600036,招商银行
2024-04-15,165.84,sh600036,招商银行
2024-04-16,165.52,sh600036,招商银行
2024-04-17,167.66,sh600036,招商银行
2024-04-18,169.02,sh600036,招商银行
2024-04-19,168.9,sh600036,招商银行
2024-04-22,167.82,sh600036,招商银行
2024-04-23,167.97,sh600036,招商银行
2024-04-24,168.28,sh600036,招商银行
2024-04-25,171.93,sh600036,招商银行
2024-04-26,172.24,sh600036,招商银行
2024-04-29,173.8,sh600036,招商银行
2024-04-30,171.58,sh600036,招商银行
2024-05-06,173.8,sh600036,招商银行
2024-05-07,173.76,sh600036,招商银行
2024-05-08,172.59,sh600036,招商银行
2024-05-09,173.64,sh600036,招商银行
2024-05-10,176.67,sh600036,招商银行
2024-05-13,177.8,sh600036,招商银行
2024-05-14,175.58,sh600036,招商银行
2024-05-15,174.46,sh600036,招商银行
2024-05-16,179.12,sh600036,招商银行
2024-05-17,181.45,sh600036,招商银行
2024-05-20,179.62,sh600036,招商银行
2024-05-21,179.08,sh600036,招商银行
2024-05-22,178.38,sh600036,招商银行
2024-05-23,176.2,sh600036,招商银行
2024-05-24,173.25,sh600036,招商银行
2024-05-27,174.81,sh600036,招商银行
2024-05-28,173.6,sh600036,招商银行
2024-05-29,172.59,sh600036,招商银行
2024-05-30,171.7,sh600036,招商银行
2024-05-31,171.47,sh600036,招商银行
2024-06-03,170.96,sh600036,招商银行
2024-06-04,172.48,sh600036,招商银行
2024-06-05,170.34,sh600036,招商银行
2024-06-06,170.38,sh600036,招商银行
2024-06-07,170.34,sh600036,招商银行
2024-06-11,167.89,sh600036,招商银行
2024-06-12,166.85,sh600036,招商银行
2024-06-13,165.8,sh600036,招商银行
2024-06-14,169.64,sh600036,招商银行
2024-06-17,169.33,sh600036,招商银行
2024-06-18,169.25,sh600036,招商银行
2024-06-19,170.96,sh600036,招商银行
2024-06-20,170.42,sh600036,招商银行
2024-06-21,169.21,sh600036,招商银行
2024-06-24,170.65,sh600036,招商银行
2024-06-25,171.54,sh600036,招商银行
2024-06-26,170.61,sh600036,招商银行
2024-06-27,171.39,sh600036,招商银行
2024-06-28,171.12,sh600036,招商银行
2024-07-01,171.78,sh600036,招商银行
2024-07-02,174.57,sh600036,招商银行
2024-07-03,172.16,sh600036,招商银行
2024-07-04,173.14,sh600036,招商银行
2024-07-05,169.91,sh600036,招商银行
2024-07-08,170.34,sh600036,招商银行
2024-07-09,172.2,sh600036,招商银行
2024-07-10,173.02,sh600036,招商银行
2024-07-11,173.76,sh600036,招商银行
2024-07-12,178.04,sh600036,招商银行
2024-07-15,177.18,sh600036,招商银行
2024-07-16,177.22,sh600036,招商银行
2024-07-17,178.31,sh600036,招商银行
2024-07-18,178.39,sh600036,招商银行
2024-07-19,179.01,sh600036,招商银行
2024-07-22,175.47,sh600036,招商银行
2024-07-23,175.47,sh600036,招商银行
2024-07-24,174.85,sh600036,招商银行
2024-07-25,173.49,sh600036,招商银行
2024-07-26,171.71,sh600036,招商银行
2024-07-29,172.02,sh600036,招商银行
2024-07-30,171.9,sh600036,招商银行
2024-07-31,173.1,sh600036,招商银行
2024-08-01,173.03,sh600036,招商银行
2024-08-02,171.36,sh600036,招商银行
2024-08-05,170.66,sh600036,招商银行
2024-08-06,169.11,sh600036,招商银行
2024-08-07,168.64,sh600036,招商银行
2024-08-08,170.0,sh600036,招商银行
2024-08-09,171.55,sh600036,招商银行
2024-08-12,170.74,sh600036,招商银行
2024-08-13,170.04,sh600036,招商银行
2024-08-14,169.73,sh600036,招商银行
2024-08-15,173.22,sh600036,招商银行
2024-08-16,174.74,sh600036,招商银行
2024-08-19,175.78,sh600036,招商银行
2024-08-20,176.02,sh600036,招商银行
2024-08-21,175.09,sh600036,招商银行
2024-08-22,175.32,sh600036,招商银行
2024-08-23,176.87,sh600036,招商银行
2024-08-26,177.14,sh600036,招商银行
2024-08-27,176.87,sh600036,招商银行
2024-08-28,176.79,sh600036,招商银行
2024-08-29,173.88,sh600036,招商银行
2024-08-30,170.85,sh600036,招商银行
2024-09-02,170.0,sh600036,招商银行
2024-09-03,168.79,sh600036,招商银行
2024-09-04,167.78,sh600036,招商银行
2024-09-05,167.16,sh600036,招商银行
2024-09-06,167.36,sh600036,招商银行
2024-09-09,163.44,sh600036,招商银行
2024-09-10,163.24,sh600036,招商银行
2024-09-11,162.81,sh600036,招商银行
2024-09-12,163.4,sh600036,招商银行
2024-09-13,164.83,sh600036,招商银行
2024-09-18,166.81,sh600036,招商银行
2024-09-19,165.69,sh600036,招商银行
2024-09-20,166.15,sh600036,招商银行
2024-09-23,167.9,sh600036,招商银行
2024-09-24,174.66,sh600036,招商银行
2024-09-25,178.62,sh600036,招商银行
2024-09-26,183.39,sh600036,招商银行
2024-09-27,184.37,sh600036,招商银行
2024-09-30,192.05,sh600036,招商银行
2024-10-08,201.33,sh600036,招商银行
2024-10-09,189.72,sh600036,招商银行
2024-10-10,196.4,sh600036,招商银行
2024-10-11,195.24,sh600036,招商银行
2024-10-14,198.73,sh600036,招商银行
2024-10-15,195.51,sh600036,招商银行
2024-10-16,199.39,sh600036,招商银行
2024-10-17,195.47,sh600036,招商银行
2024-10-18,197.65,sh600036,招商银行
2024-10-21,196.87,sh600036,招商银行
2024-10-22,198.11,sh600036,招商银行
2024-10-23,200.01,sh600036,招商银行
2024-10-24,198.66,sh600036,招商银行
2024-10-25,197.84,sh600036,招商银行
2024-10-28,195.59,sh600036,招商银行
2024-10-29,195.9,sh600036,招商银行
2024-10-30,193.1,sh600036,招商银行
2024-10-31,191.08,sh600036,招商银行
2024-11-01,193.61,sh600036,招商银行
2024-11-04,196.48,sh600036,招商银行
2024-11-05,197.76,sh600036,招商银行
2024-11-06,195.74,sh600036,招商银行
2024-11-07,199.66,sh600036,招商银行
2024-11-08,196.67,sh600036,招商银行
2024-11-11,194.85,sh600036,招商银行
2024-11-12,191.98,sh600036,招商银行
2024-11-13,192.87,sh600036,招商银行
2024-11-14,193.8,sh600036,招商银行
2024-11-15,192.87,sh600036,招商银行
2024-11-18,193.18,sh600036,招商银行
2024-11-19,192.48,sh600036,招商银行
2024-11-20,191.55,sh600036,招商银行
2024-11-21,191.36,sh600036,招商银行
2024-11-22,187.55,sh600036,招商银行
2024-11-25,186.66,sh600036,招商银行
2024-11-26,187.32,sh600036,招商银行
2024-11-27,188.13,sh600036,招商银行
2024-11-28,187.63,sh600036,招商银行
2024-11-29,187.12,sh600036,招商银行
2024-12-02,187.78,sh600036,招商银行
2024-12-03,190.15,sh600036,招商银行
2024-12-04,188.95,sh600036,招商银行
2024-12-05,189.34,sh600036,招商银行
2024-12-06,192.4,sh600036,招商银行
2024-12-09,192.4,sh600036,招商银行
2024-12-10,195.9,sh600036,招商银行
2024-12-11,194.73,sh600036,招商银行
2024-12-12,196.67,sh600036,招商银行
2024-12-13,190.85,sh600036,招商银行
2024-12-16,192.56,sh600036,招商银行
2024-12-17,192.99,sh600036,招商银行
2024-12-18,195.59,sh600036,招商银行
2024-12-19,193.65,sh600036,招商银行
2024-12-20,193.22,sh600036,招商银行
2024-12-23,194.93,sh600036,招商银行
2024-12-24,198.31,sh600036,招商银行
2024-12-25,199.0,sh600036,招商银行
2024-12-26,199.32,sh600036,招商银行
2024-12-27,198.77,sh600036,招商银行
2024-12-30,199.86,sh600036,招商银行
2024-12-31,198.62,sh600036,招商银行
2025-01-02,195.55,sh600036,招商银行
2025-01-03,196.13,sh600036,招商银行
2025-01-06,197.65,sh600036,招商银行
2025-01-07,197.06,sh600036,招商银行
2025-01-08,198.54,sh600036,招商银行
2025-01-09,197.45,sh600036,招商银行
2025-01-10,197.37,sh600036,招商银行
2025-01-13,197.72,sh600036,招商银行
2025-01-14,200.75,sh600036,招商银行
2025-01-15,203.82,sh600036,招商银行
2025-01-16,205.18,sh600036,招商银行
2025-01-17,204.09,sh600036,招商银行
2025-01-20,201.8,sh600036,招商银行
2025-01-21,201.88,sh600036,招商银行
2025-01-22,199.2,sh600036,招商银行
2025-01-23,200.67,sh600036,招商银行
2025-01-24,202.34,sh600036,招商银行
2025-01-27,203.86,sh600036,招商银行
2025-02-05,201.33,sh600036,招商银行
2025-02-06,202.11,sh600036,招商银行
2025-02-07,202.11,sh600036,招商银行
2025-02-10,203.66,sh600036,招商银行
2025-02-11,205.14,sh600036,招商银行
2025-02-12,207.63,sh600036,招商银行
2025-02-13,207.97,sh600036,招商银行
2025-02-14,209.22,sh600036,招商银行
2025-02-17,208.01,sh600036,招商银行
2025-02-18,209.29,sh600036,招商银行
2025-02-19,209.02,sh600036,招商银行
2025-02-20,208.52,sh600036,招商银行
2025-02-21,206.77,sh600036,招商银行
2025-02-24,206.27,sh600036,招商银行
2025-02-25,205.33,sh600036,招商银行
2025-02-26,207.08,sh600036,招商银行
2025-02-27,210.58,sh600036,招商银行
2025-02-28,209.29,sh600036,招商银行
2025-03-03,209.29,sh600036,招商银行
2025-03-04,208.32,sh600036,招商银行
2025-03-05,212.56,sh600036,招商银行
2025-03-06,212.83,sh600036,招商银行
2025-03-07,215.2,sh600036,招商银行
2025-03-10,213.26,sh600036,招商银行
2025-03-11,214.96,sh600036,招商银行
2025-03-12,215.08,sh600036,招商银行
2025-03-13,216.25,sh600036,招商银行
2025-03-14,221.37,sh600036,招商银行
2025-03-17,220.91,sh600036,招商银行
2025-03-18,221.29,sh600036,招商银行
2025-03-19,224.71,sh600036,招商银行
2025-03-20,221.68,sh600036,招商银行
2025-03-21,219.58,sh600036,招商银行
2025-03-24,220.94,sh600036,招商银行
2025-03-25,221.1,sh600036,招商银行
2025-03-26,211.66,sh600036,招商银行
2025-03-27,213.99,sh600036,招商银行
2025-03-28,213.84,sh600036,招商银行
2025-03-31,214.11,sh600036,招商银行
2025-04-01,212.48,sh600036,招商银行
2025-04-02,211.94,sh600036,招商银行
2025-04-03,211.62,sh600036,招商银行
2025-04-07,204.56,sh600036,招商银行
2025-04-08,205.8,sh600036,招商银行
2025-04-09,203.12,sh600036,招商银行
2025-04-10,205.61,sh600036,招商银行
2025-04-11,207.2,sh600036,招商银行
2025-04-14,207.08,sh600036,招商银行
2025-04-15,209.49,sh600036,招商银行
2025-04-16,210.07,sh600036,招商银行
2025-04-17,209.57,sh600036,招商银行
2025-04-18,212.01,sh600036,招商银行
2025-04-21,210.19,sh600036,招商银行
2025-04-22,209.14,sh600036,招商银行
2025-04-23,209.06,sh600036,招商银行
2025-04-24,209.92,sh600036,招商银行
2025-04-25,209.41,sh600036,招商银行
2025-04-28,210.46,sh600036,招商银行
2025-04-29,209.1,sh600036,招商银行
2025-04-30,204.21,sh600036,招商银行
2025-05-06,206.65,sh600036,招商银行
2025-05-07,209.18,sh600036,招商银行
2025-05-08,212.21,sh600036,招商银行
2025-05-09,214.85,sh600036,招商银行
2025-05-12,216.09,sh600036,招商银行
2025-05-13,219.04,sh600036,招商银行
2025-05-14,220.01,sh600036,招商银行
2025-05-15,220.44,sh600036,招商银行
2025-05-16,217.92,sh600036,招商银行
2025-05-19,216.25,sh600036,招商银行
2025-05-20,216.48,sh600036,招商银行
2025-05-21,216.48,sh600036,招商银行
2025-05-22,218.85,sh600036,招商银行
2025-05-23,217.06,sh600036,招商银行
2025-05-26,216.09,sh600036,招商银行
2025-05-27,215.86,sh600036,招商银行
2025-05-28,215.62,sh600036,招商银行
2025-05-29,214.81,sh600036,招商银行
2025-05-30,214.65,sh600036,招商银行
2025-06-03,216.75,sh600036,招商银行
2025-06-04,217.1,sh600036,招商银行
2025-06-05,218.3,sh600036,招商银行
2025-06-06,218.69,sh600036,招商银行
2025-06-09,219.2,sh600036,招商银行
2025-06-10,219.47,sh600036,招商银行
2025-06-11,221.95,sh600036,招商银行
2025-06-12,221.64,sh600036,招商银行
2025-06-13,221.45,sh600036,招商银行
2025-06-16,223.78,sh600036,招商银行
2025-06-17,224.56,sh600036,招商银行
2025-06-18,224.05,sh600036,招商银行
2025-06-19,223.2,sh600036,招商银行
2025-06-20,224.59,sh600036,招商银行
2025-06-23,225.6,sh600036,招商银行
2025-06-24,227.55,sh600036,招商银行
2025-06-25,230.46,sh600036,招商银行
2025-06-26,231.93,sh600036,招商银行
2025-06-27,225.49,sh600036,招商银行
2025-06-30,224.44,sh600036,招商银行
2025-07-01,226.38,sh600036,招商银行
2025-07-02,228.13,sh600036,招商银行
2025-07-03,227.0,sh600036,招商银行
2025-07-04,228.79,sh600036,招商银行
2025-07-07,229.29,sh600036,招商银行
2025-07-08,230.92,sh600036,招商银行
2025-07-09,229.02,sh600036,招商银行
2025-07-10,233.33,sh600036,招商银行
2025-07-11,231.0,sh600036,招商银行
2025-07-14,230.73,sh600036,招商银行
2025-07-15,229.37,sh600036,招商银行
2025-07-16,228.94,sh600036,招商银行
2025-07-17,228.52,sh600036,招商银行
2025-07-18,228.71,sh600036,招商银行
2025-07-21,227.93,sh600036,招商银行
2025-07-22,228.28,sh600036,招商银行
2025-07-23,228.98,sh600036,招商银行
2025-07-24,228.05,sh600036,招商银行
2025-07-25,227.86,sh600036,招商银行
2025-07-28,226.34,sh600036,招商银行
2025-07-29,225.18,sh600036,招商银行
2025-07-30,226.26,sh600036,招商银行
2025-07-31,226.5,sh600036,招商银行
2025-08-01,226.26,sh600036,招商银行
2025-08-04,228.13,sh600036,招商银行
2025-08-05,229.49,sh600036,招商银行
2025-08-06,228.98,sh600036,招商银行
2025-08-07,229.1,sh600036,招商银行
2025-08-08,226.69,sh600036,招商银行
2025-08-11,225.02,sh600036,招商银行
2025-08-12,224.63,sh600036,招商银行
2025-08-13,222.85,sh600036,招商银行
2025-08-14,223.78,sh600036,招商银行
2025-08-15,221.91,sh600036,招商银行
2025-08-18,222.73,sh600036,招商银行
2025-08-19,222.3,sh600036,招商银行
2025-08-20,222.5,sh600036,招商银行
2025-08-21,222.57,sh600036,招商银行
2025-08-22,221.76,sh600036,招商银行
2025-08-25,224.13,sh600036,招商银行
2025-08-26,222.77,sh600036,招商银行
2025-08-27,220.75,sh600036,招商银行
2025-08-28,220.67,sh600036,招商银行
2025-08-29,220.32,sh600036,招商银行
2025-09-01,216.79,sh600036,招商银行
2025-09-02,222.46,sh600036,招商银行
2025-09-03,220.36,sh600036,招商银行
2025-09-04,220.94,sh600036,招商银行
2025-09-05,219.82,sh600036,招商银行
2025-09-08,218.54,sh600036,招商银行
2025-09-09,220.09,sh600036,招商银行
2025-09-10,220.75,sh600036,招商银行
2025-09-11,221.91,sh600036,招商银行
2025-09-12,218.96,sh600036,招商银行
2025-09-15,217.72,sh600036,招商银行
2025-09-16,215.9,sh600036,招商银行
2025-09-17,215.93,sh600036,招商银行
2025-09-18,212.32,sh600036,招商银行
2025-09-19,212.98,sh600036,招商银行
2025-09-22,212.67,sh600036,招商银行
2025-09-23,215.12,sh600036,招商银行
2025-09-24,214.23,sh600036,招商银行
2025-09-25,212.28,sh600036,招商银行
2025-09-26,212.21,sh600036,招商银行
2025-09-29,211.74,sh600036,招商银行
2025-09-30,210.69,sh600036,招商银行
2025-10-09,210.38,sh600036,招商银行
2025-10-10,209.8,sh600036,招商银行
2025-10-13,209.53,sh600036,招商银行
2025-10-14,213.99,sh600036,招商银行
2025-10-15,214.93,sh600036,招商银行
2025-10-16,216.59,sh600036,招商银行
2025-10-17,215.27,sh600036,招商银行
2025-10-20,214.61,sh600036,招商银行
2025-10-21,216.79,sh600036,招商银行
2025-10-22,216.67,sh600036,招商银行
2025-10-23,217.8,sh600036,招商银行
2025-10-24,216.67,sh600036,招商银行
2025-10-27,215.27,sh600036,招商银行
2025-10-28,215.31,sh600036,招商银行
2025-10-29,212.09,sh600036,招商银行
2025-10-30,213.76,sh600036,招商银行
2025-10-31,212.56,sh600036,招商银行
2025-11-03,216.05,sh600036,招商银行
2025-11-04,220.79,sh600036,招商银行
2025-11-05,219.97,sh600036,招商银行
2025-11-06,218.19,sh600036,招商银行
2025-11-07,218.85,sh600036,招商银行
2025-11-10,219.66,sh600036,招商银行
2025-11-11,220.59,sh600036,招商银行
2025-11-12,220.48,sh600036,招商银行
2025-11-13,221.57,sh600036,招商银行
2025-11-14,221.72,sh600036,招商银行
2025-11-17,219.39,sh600036,招商银行
2025-11-18,220.28,sh600036,招商银行
2025-11-19,221.6,sh600036,招商银行
2025-11-20,221.64,sh600036,招商银行
2025-11-21,220.75,sh600036,招商银行
2025-11-24,219.31,sh600036,招商银行
2025-11-25,221.72,sh600036,招商银行
2025-11-26,221.72,sh600036,招商银行
2025-11-27,221.49,sh600036,招商银行
2025-11-28,220.56,sh600036,招商银行
2025-12-01,222.46,sh600036,招商银行
2025-12-02,222.23,sh600036,招商银行
2025-12-03,220.79,sh600036,招商银行
2025-12-04,221.6,sh600036,招商银行
2025-12-05,222.5,sh600036,招商银行
2025-12-08,221.45,sh600036,招商银行
2025-12-09,220.91,sh600036,招商银行
2025-12-10,215.7,sh600036,招商银行
2025-12-11,215.62,sh600036,招商银行
2025-12-12,215.86,sh600036,招商银行
2025-12-15,216.09,sh600036,招商银行
2025-12-16,215.7,sh600036,招商银行
2025-12-17,215.0,sh600036,招商银行
2025-12-18,218.3,sh600036,招商银行
2025-12-19,216.83,sh600036,招商银行
2025-12-22,215.97,sh600036,招商银行
2025-12-23,216.52,sh600036,招商银行
2025-12-24,216.21,sh600036,招商银行
2025-12-25,216.01,sh600036,招商银行
2025-12-26,215.7,sh600036,招商银行
2025-12-29,216.36,sh600036,招商银行
2025-12-30,217.95,sh600036,招商银行
2025-12-31,217.26,sh600036,招商银行
2018-01-02,8.49,sh601398,工商银行
2018-01-03,8.47,sh601398,工商银行
2018-01-04,8.38,sh601398,工商银行
2018-01-05,8.39,sh601398,工商银行
2018-01-08,8.38,sh601398,工商银行
2018-01-09,8.4,sh601398,工商银行
2018-01-10,8.47,sh601398,工商银行
2018-01-11,8.52,sh601398,工商银行
2018-01-12,8.56,sh601398,工商银行
2018-01-15,8.75,sh601398,工商银行
2018-01-16,8.92,sh601398,工商银行
2018-01-17,9.05,sh601398,工商银行
2018-01-18,9.48,sh601398,工商银行
2018-01-19,9.47,sh601398,工商银行
2018-01-22,9.52,sh601398,工商银行
2018-01-23,9.86,sh601398,工商银行
2018-01-24,9.76,sh601398,工商银行
2018-01-25,9.71,sh601398,工商银行
2018-01-26,9.73,sh601398,工商银行
2018-01-29,9.8,sh601398,工商银行
2018-01-30,9.64,sh601398,工商银行
2018-01-31,9.85,sh601398,工商银行
2018-02-01,10.06,sh601398,工商银行
2018-02-02,9.97,sh601398,工商银行
2018-02-05,10.13,sh601398,工商银行
2018-02-06,9.94,sh601398,工商银行
2018-02-07,9.48,sh601398,工商银行
2018-02-08,9.16,sh601398,工商银行
2018-02-09,9.01,sh601398,工商银行
2018-02-12,8.94,sh601398,工商银行
2018-02-13,9.14,sh601398,工商银行
2018-02-14,9.22,sh601398,工商银行
2018-02-22,9.35,sh601398,工商银行
2018-02-23,9.36,sh601398,工商银行
2018-02-26,9.37,sh601398,工商银行
2018-02-27,9.13,sh601398,工商银行
2018-02-28,9.0,sh601398,工商银行
2018-03-01,9.02,sh601398,工商银行
2018-03-02,9.01,sh601398,工商银行
2018-03-05,8.95,sh601398,工商银行
2018-03-06,8.88,sh601398,工商银行
2018-03-07,8.96,sh601398,工商银行
2018-03-08,8.88,sh601398,工商银行
2018-03-09,8.88,sh601398,工商银行
2018-03-12,8.8,sh601398,工商银行
2018-03-13,8.82,sh601398,工商银行
2018-03-14,8.76,sh601398,工商银行
2018-03-15,8.78,sh601398,工商银行
2018-03-16,8.68,sh601398,工商银行
2018-03-19,8.72,sh601398,工商银行
2018-03-20,8.86,sh601398,工商银行
2018-03-21,8.81,sh601398,工商银行
2018-03-22,8.79,sh601398,工商银行
2018-03-23,8.62,sh601398,工商银行
2018-03-26,8.32,sh601398,工商银行
2018-03-27,8.28,sh601398,工商银行
2018-03-28,8.28,sh601398,工商银行
2018-03-29,8.4,sh601398,工商银行
2018-03-30,8.4,sh601398,工商银行
2018-04-02,8.26,sh601398,工商银行
2018-04-03,8.18,sh601398,工商银行
2018-04-04,8.17,sh601398,工商银行
2018-04-09,8.16,sh601398,工商银行
2018-04-10,8.43,sh601398,工商银行
2018-04-11,8.55,sh601398,工商银行
2018-04-12,8.39,sh601398,工商银行
2018-04-13,8.33,sh601398,工商银行
2018-04-16,8.11,sh601398,工商银行
2018-04-17,8.08,sh601398,工商银行
2018-04-18,8.18,sh601398,工商银行
2018-04-19,8.22,sh601398,工商银行
2018-04-20,8.22,sh601398,工商银行
2018-04-23,8.32,sh601398,工商银行
2018-04-24,8.39,sh601398,工商银行
2018-04-25,8.29,sh601398,工商银行
2018-04-26,8.25,sh601398,工商银行
2018-04-27,8.3,sh601398,工商银行
2018-05-02,8.28,sh601398,工商银行
2018-05-03,8.25,sh601398,工商银行
2018-05-04,8.21,sh601398,工商银行
2018-05-07,8.25,sh601398,工商银行
2018-05-08,8.28,sh601398,工商银行
2018-05-09,8.29,sh601398,工商银行
2018-05-10,8.3,sh601398,工商银行
2018-05-11,8.38,sh601398,工商银行
2018-05-14,8.38,sh601398,工商银行
2018-05-15,8.4,sh601398,工商银行
2018-05-16,8.3,sh601398,工商银行
2018-05-17,8.27,sh601398,工商银行
2018-05-18,8.35,sh601398,工商银行
2018-05-21,8.33,sh601398,工商银行
2018-05-22,8.27,sh601398,工商银行
2018-05-23,8.15,sh601398,工商银行
2018-05-24,8.06,sh601398,工商银行
2018-05-25,8.07,sh601398,工商银行
2018-05-28,8.05,sh601398,工商银行
2018-05-29,8.03,sh601398,工商银行
2018-05-30,7.92,sh601398,工商银行
2018-05-31,7.95,sh601398,工商银行
2018-06-01,7.93,sh601398,工商银行
2018-06-04,7.99,sh601398,工商银行
2018-06-05,7.99,sh601398,工商银行
2018-06-06,7.94,sh601398,工商银行
2018-06-07,7.98,sh601398,工商银行
2018-06-08,7.86,sh601398,工商银行
2018-06-11,7.86,sh601398,工商银行
2018-06-12,7.88,sh601398,工商银行
2018-06-13,7.86,sh601398,工商银行
2018-06-14,7.91,sh601398,工商银行
2018-06-15,7.99,sh601398,工商银行
2018-06-19,8.03,sh601398,工商银行
2018-06-20,7.98,sh601398,工商银行
2018-06-21,7.97,sh601398,工商银行
2018-06-22,7.96,sh601398,工商银行
2018-06-25,7.82,sh601398,工商银行
2018-06-26,7.7,sh601398,工商银行
2018-06-27,7.58,sh601398,工商银行
2018-06-28,7.47,sh601398,工商银行
2018-06-29,7.59,sh601398,工商银行
2018-07-02,7.34,sh601398,工商银行
2018-07-03,7.4,sh601398,工商银行
2018-07-04,7.42,sh601398,工商银行
2018-07-05,7.5,sh601398,工商银行
2018-07-06,7.56,sh601398,工商银行
2018-07-09,7.81,sh601398,工商银行
2018-07-10,7.8,sh601398,工商银行
2018-07-11,7.76,sh601398,工商银行
2018-07-12,7.95,sh601398,工商银行
2018-07-13,7.88,sh601398,工商银行
2018-07-16,7.75,sh601398,工商银行
2018-07-17,7.75,sh601398,工商银行
2018-07-18,7.75,sh601398,工商银行
2018-07-19,7.69,sh601398,工商银行
2018-07-20,8.0,sh601398,工商银行
2018-07-23,8.14,sh601398,工商银行
2018-07-24,8.15,sh601398,工商银行
2018-07-25,8.16,sh601398,工商银行
2018-07-26,8.08,sh601398,工商银行
2018-07-27,8.07,sh601398,工商银行
2018-07-30,8.13,sh601398,工商银行
2018-07-31,8.19,sh601398,工商银行
2018-08-01,8.08,sh601398,工商银行
2018-08-02,7.97,sh601398,工商银行
2018-08-03,8.01,sh601398,工商银行
2018-08-06,8.04,sh601398,工商银行
2018-08-07,8.14,sh601398,工商银行
2018-08-08,8.04,sh601398,工商银行
2018-08-09,8.1,sh601398,工商银行
2018-08-10,8.03,sh601398,工商银行
2018-08-13,7.93,sh601398,工商银行
2018-08-14,7.91,sh601398,工商银行
2018-08-15,7.81,sh601398,工商银行
2018-08-16,7.79,sh601398,工商银行
2018-08-17,7.78,sh601398,工商银行
2018-08-20,7.88,sh601398,工商银行
2018-08-21,7.93,sh601398,工商银行
2018-08-22,7.92,sh601398,工商银行
2018-08-23,7.93,sh601398,工商银行
2018-08-24,8.02,sh601398,工商银行
2018-08-27,8.06,sh601398,工商银行
2018-08-28,8.04,sh601398,工商银行
2018-08-29,8.02,sh601398,工商银行
2018-08-30,7.93,sh601398,工商银行
2018-08-31,7.97,sh601398,工商银行
2018-09-03,7.96,sh601398,工商银行
2018-09-04,7.97,sh601398,工商银行
2018-09-05,7.87,sh601398,工商银行
2018-09-06,7.85,sh601398,工商银行
2018-09-07,7.87,sh601398,工商银行
2018-09-10,7.86,sh601398,工商银行
2018-09-11,7.86,sh601398,工商银行
2018-09-12,7.81,sh601398,工商银行
2018-09-13,7.9,sh601398,工商银行
2018-09-14,7.9,sh601398,工商银行
2018-09-17,7.84,sh601398,工商银行
2018-09-18,7.92,sh601398,工商银行
2018-09-19,7.97,sh601398,工商银行
2018-09-20,8.02,sh601398,工商银行
2018-09-21,8.29,sh601398,工商银行
2018-09-25,8.21,sh601398,工商银行
2018-09-26,8.24,sh601398,工商银行
2018-09-27,8.23,sh601398,工商银行
2018-09-28,8.31,sh601398,工商银行
2018-10-08,8.09,sh601398,工商银行
2018-10-09,8.06,sh601398,工商银行
2018-10-10,8.08,sh601398,工商银行
2018-10-11,7.93,sh601398,工商银行
2018-10-12,8.06,sh601398,工商银行
2018-10-15,7.96,sh601398,工商银行
2018-10-16,7.98,sh601398,工商银行
2018-10-17,7.96,sh601398,工商银行
2018-10-18,7.87,sh601398,工商银行
2018-10-19,8.01,sh601398,工商银行
2018-10-22,8.17,sh601398,工商银行
2018-10-23,8.0,sh601398,工商银行
2018-10-24,8.16,sh601398,工商银行
2018-10-25,8.19,sh601398,工商银行
2018-10-26,8.23,sh601398,工商银行
2018-10-29,8.11,sh601398,工商银行
2018-10-30,8.17,sh601398,工商银行
2018-10-31,8.17,sh601398,工商银行
2018-11-01,8.1,sh601398,工商银行
2018-11-02,8.18,sh601398,工商银行
2018-11-05,8.09,sh601398,工商银行
2018-11-06,8.06,sh601398,工商银行
2018-11-07,8.05,sh601398,工商银行
2018-11-08,8.06,sh601398,工商银行
2018-11-09,7.87,sh601398,工商银行
2018-11-12,7.88,sh601398,工商银行
2018-11-13,7.91,sh601398,工商银行
2018-11-14,7.83,sh601398,工商银行
2018-11-15,7.87,sh601398,工商银行
2018-11-16,7.86,sh601398,工商银行
2018-11-19,7.94,sh601398,工商银行
2018-11-20,7.87,sh601398,工商银行
2018-11-21,7.88,sh601398,工商银行
2018-11-22,7.88,sh601398,工商银行
2018-11-23,7.85,sh601398,工商银行
2018-11-26,7.87,sh601398,工商银行
2018-11-27,7.85,sh601398,工商银行
2018-11-28,7.87,sh601398,工商银行
2018-11-29,7.85,sh601398,工商银行
2018-11-30,7.85,sh601398,工商银行
2018-12-03,7.94,sh601398,工商银行
2018-12-04,7.95,sh601398,工商银行
2018-12-05,7.93,sh601398,工商银行
2018-12-06,7.87,sh601398,工商银行
2018-12-07,7.87,sh601398,工商银行
2018-12-10,7.85,sh601398,工商银行
2018-12-11,7.85,sh601398,工商银行
2018-12-12,7.86,sh601398,工商银行
2018-12-13,7.92,sh601398,工商银行
2018-12-14,7.87,sh601398,工商银行
2018-12-17,7.9,sh601398,工商银行
2018-12-18,7.87,sh601398,工商银行
2018-12-19,7.85,sh601398,工商银行
2018-12-20,7.75,sh601398,工商银行
2018-12-21,7.71,sh601398,工商银行
2018-12-24,7.74,sh601398,工商银行
2018-12-25,7.75,sh601398,工商银行
2018-12-26,7.79,sh601398,工商银行
2018-12-27,7.8,sh601398,工商银行
2018-12-28,7.81,sh601398,工商银行
2019-01-02,7.72,sh601398,工商银行
2019-01-03,7.72,sh601398,工商银行
2019-01-04,7.79,sh601398,工商银行
2019-01-07,7.76,sh601398,工商银行
2019-01-08,7.72,sh601398,工商银行
2019-01-09,7.78,sh601398,工商银行
2019-01-10,7.74,sh601398,工商银行
2019-01-11,7.76,sh601398,工商银行
2019-01-14,7.72,sh601398,工商银行
2019-01-15,7.75,sh601398,工商银行
2019-01-16,7.76,sh601398,工商银行
2019-01-17,7.77,sh601398,工商银行
2019-01-18,7.92,sh601398,工商银行
2019-01-21,7.98,sh601398,工商银行
2019-01-22,7.92,sh601398,工商银行
2019-01-23,7.97,sh601398,工商银行
2019-01-24,7.99,sh601398,工商银行
2019-01-25,8.05,sh601398,工商银行
2019-01-28,8.03,sh601398,工商银行
2019-01-29,8.07,sh601398,工商银行
2019-01-30,8.08,sh601398,工商银行
2019-01-31,8.2,sh601398,工商银行
2019-02-01,8.19,sh601398,工商银行
2019-02-11,8.18,sh601398,工商银行
2019-02-12,8.19,sh601398,工商银行
2019-02-13,8.25,sh601398,工商银行
2019-02-14,8.19,sh601398,工商银行
2019-02-15,8.04,sh601398,工商银行
2019-02-18,8.14,sh601398,工商银行
2019-02-19,8.1,sh601398,工商银行
2019-02-20,8.1,sh601398,工商银行
2019-02-21,8.09,sh601398,工商银行
2019-02-22,8.08,sh601398,工商银行
2019-02-25,8.45,sh601398,工商银行
2019-02-26,8.31,sh601398,工商银行
2019-02-27,8.36,sh601398,工商银行
2019-02-28,8.29,sh601398,工商银行
2019-03-01,8.4,sh601398,工商银行
2019-03-04,8.41,sh601398,工商银行
2019-03-05,8.37,sh601398,工商银行
2019-03-06,8.4,sh601398,工商银行
2019-03-07,8.3,sh601398,工商银行
2019-03-08,8.13,sh601398,工商银行
2019-03-11,8.15,sh601398,工商银行
2019-03-12,8.16,sh601398,工商银行
2019-03-13,8.11,sh601398,工商银行
2019-03-14,8.1,sh601398,工商银行
2019-03-15,8.11,sh601398,工商银行
2019-03-18,8.19,sh601398,工商银行
2019-03-19,8.19,sh601398,工商银行
2019-03-20,8.15,sh601398,工商银行
2019-03-21,8.13,sh601398,工商银行
2019-03-22,8.11,sh601398,工商银行
2019-03-25,8.0,sh601398,工商银行
2019-03-26,7.98,sh601398,工商银行
2019-03-27,8.04,sh601398,工商银行
2019-03-28,7.98,sh601398,工商银行
2019-03-29,8.1,sh601398,工商银行
2019-04-01,8.18,sh601398,工商银行
2019-04-02,8.2,sh601398,工商银行
2019-04-03,8.24,sh601398,工商银行
2019-04-04,8.36,sh601398,工商银行
2019-04-08,8.37,sh601398,工商银行
2019-04-09,8.32,sh601398,工商银行
2019-04-10,8.29,sh601398,工商银行
2019-04-11,8.27,sh601398,工商银行
2019-04-12,8.27,sh601398,工商银行
2019-04-15,8.36,sh601398,工商银行
2019-04-16,8.55,sh601398,工商银行
2019-04-17,8.56,sh601398,工商银行
2019-04-18,8.49,sh601398,工商银行
2019-04-19,8.53,sh601398,工商银行
2019-04-22,8.38,sh601398,工商银行
2019-04-23,8.36,sh601398,工商银行
2019-04-24,8.36,sh601398,工商银行
2019-04-25,8.27,sh601398,工商银行
2019-04-26,8.25,sh601398,工商银行
2019-04-29,8.34,sh601398,工商银行
2019-04-30,8.36,sh601398,工商银行
2019-05-06,8.26,sh601398,工商银行
2019-05-07,8.2,sh601398,工商银行
2019-05-08,8.13,sh601398,工商银行
2019-05-09,8.05,sh601398,工商银行
2019-05-10,8.15,sh601398,工商银行
2019-05-13,8.07,sh601398,工商银行
2019-05-14,8.05,sh601398,工商银行
2019-05-15,8.1,sh601398,工商银行
2019-05-16,8.13,sh601398,工商银行
2019-05-17,8.1,sh601398,工商银行
2019-05-20,8.15,sh601398,工商银行
2019-05-21,8.18,sh601398,工商银行
2019-05-22,8.19,sh601398,工商银行
2019-05-23,8.19,sh601398,工商银行
2019-05-24,8.24,sh601398,工商银行
2019-05-27,8.19,sh601398,工商银行
2019-05-28,8.21,sh601398,工商银行
2019-05-29,8.19,sh601398,工商银行
2019-05-30,8.21,sh601398,工商银行
2019-05-31,8.15,sh601398,工商银行
2019-06-03,8.24,sh601398,工商银行
2019-06-04,8.27,sh601398,工商银行
2019-06-05,8.3,sh601398,工商银行
2019-06-06,8.27,sh601398,工商银行
2019-06-10,8.32,sh601398,工商银行
2019-06-11,8.33,sh601398,工商银行
2019-06-12,8.3,sh601398,工商银行
2019-06-13,8.27,sh601398,工商银行
2019-06-14,8.28,sh601398,工商银行
2019-06-17,8.28,sh601398,工商银行
2019-06-18,8.28,sh601398,工商银行
2019-06-19,8.32,sh601398,工商银行
2019-06-20,8.39,sh601398,工商银行
2019-06-21,8.4,sh601398,工商银行
2019-06-24,8.43,sh601398,工商银行
2019-06-25,8.38,sh601398,工商银行
2019-06-26,8.4,sh601398,工商银行
2019-06-27,8.46,sh601398,工商银行
2019-06-28,8.44,sh601398,工商银行
2019-07-01,8.47,sh601398,工商银行
2019-07-02,8.48,sh601398,工商银行
2019-07-03,8.47,sh601398,工商银行
2019-07-04,8.48,sh601398,工商银行
2019-07-05,8.47,sh601398,工商银行
2019-07-08,8.39,sh601398,工商银行
2019-07-09,8.38,sh601398,工商银行
2019-07-10,8.35,sh601398,工商银行
2019-07-11,8.37,sh601398,工商银行
2019-07-12,8.42,sh601398,工商银行
2019-07-15,8.4,sh601398,工商银行
2019-07-16,8.41,sh601398,工商银行
2019-07-17,8.36,sh601398,工商银行
2019-07-18,8.37,sh601398,工商银行
2019-07-19,8.4,sh601398,工商银行
2019-07-22,8.44,sh601398,工商银行
2019-07-23,8.46,sh601398,工商银行
2019-07-24,8.49,sh601398,工商银行
2019-07-25,8.49,sh601398,工商银行
2019-07-26,8.49,sh601398,工商银行
2019-07-29,8.45,sh601398,工商银行
2019-07-30,8.46,sh601398,工商银行
2019-07-31,8.44,sh601398,工商银行
2019-08-01,8.41,sh601398,工商银行
2019-08-02,8.36,sh601398,工商银行
2019-08-05,8.27,sh601398,工商银行
2019-08-06,8.2,sh601398,工商银行
2019-08-07,8.18,sh601398,工商银行
2019-08-08,8.22,sh601398,工商银行
2019-08-09,8.25,sh601398,工商银行
2019-08-12,8.3,sh601398,工商银行
2019-08-13,8.3,sh601398,工商银行
2019-08-14,8.32,sh601398,工商银行
2019-08-15,8.36,sh601398,工商银行
2019-08-16,8.29,sh601398,工商银行
2019-08-19,8.26,sh601398,工商银行
2019-08-20,8.21,sh601398,工商银行
2019-08-21,8.22,sh601398,工商银行
2019-08-22,8.18,sh601398,工商银行
2019-08-23,8.21,sh601398,工商银行
2019-08-26,8.17,sh601398,工商银行
2019-08-27,8.21,sh601398,工商银行
2019-08-28,8.19,sh601398,工商银行
2019-08-29,8.21,sh601398,工商银行
2019-08-30,8.18,sh601398,工商银行
2019-09-02,8.18,sh601398,工商银行
2019-09-03,8.19,sh601398,工商银行
2019-09-04,8.26,sh601398,工商银行
2019-09-05,8.29,sh601398,工商银行
2019-09-06,8.31,sh601398,工商银行
2019-09-09,8.3,sh601398,工商银行
2019-09-10,8.29,sh601398,工商银行
2019-09-11,8.35,sh601398,工商银行
2019-09-12,8.37,sh601398,工商银行
2019-09-16,8.37,sh601398,工商银行
2019-09-17,8.3,sh601398,工商银行
2019-09-18,8.29,sh601398,工商银行
2019-09-19,8.29,sh601398,工商银行
2019-09-20,8.32,sh601398,工商银行
2019-09-23,8.27,sh601398,工商银行
2019-09-24,8.29,sh601398,工商银行
2019-09-25,8.28,sh601398,工商银行
2019-09-26,8.35,sh601398,工商银行
2019-09-27,8.33,sh601398,工商银行
2019-09-30,8.32,sh601398,工商银行
2019-10-08,8.36,sh601398,工商银行
2019-10-09,8.38,sh601398,工商银行
2019-10-10,8.37,sh601398,工商银行
2019-10-11,8.44,sh601398,工商银行
2019-10-14,8.52,sh601398,工商银行
2019-10-15,8.52,sh601398,工商银行
2019-10-16,8.52,sh601398,工商银行
2019-10-17,8.51,sh601398,工商银行
2019-10-18,8.47,sh601398,工商银行
2019-10-21,8.6,sh601398,工商银行
2019-10-22,8.62,sh601398,工商银行
2019-10-23,8.68,sh601398,工商银行
2019-10-24,8.73,sh601398,工商银行
2019-10-25,8.79,sh601398,工商银行
2019-10-28,8.74,sh601398,工商银行
2019-10-29,8.72,sh601398,工商银行
2019-10-30,8.76,sh601398,工商银行
2019-10-31,8.72,sh601398,工商银行
2019-11-01,8.75,sh601398,工商银行
2019-11-04,8.71,sh601398,工商银行
2019-11-05,8.73,sh601398,工商银行
2019-11-06,8.79,sh601398,工商银行
2019-11-07,8.76,sh601398,工商银行
2019-11-08,8.68,sh601398,工商银行
2019-11-11,8.58,sh601398,工商银行
2019-11-12,8.61,sh601398,工商银行
2019-11-13,8.59,sh601398,工商银行
2019-11-14,8.55,sh601398,工商银行
2019-11-15,8.6,sh601398,工商银行
2019-11-18,8.63,sh601398,工商银行
2019-11-19,8.66,sh601398,工商银行
2019-11-20,8.61,sh601398,工商银行
2019-11-21,8.53,sh601398,工商银行
2019-11-22,8.51,sh601398,工商银行
2019-11-25,8.64,sh601398,工商银行
2019-11-26,8.66,sh601398,工商银行
2019-11-27,8.69,sh601398,工商银行
2019-11-28,8.65,sh601398,工商银行
2019-11-29,8.6,sh601398,工商银行
2019-12-02,8.62,sh601398,工商银行
2019-12-03,8.6,sh601398,工商银行
2019-12-04,8.56,sh601398,工商银行
2019-12-05,8.58,sh601398,工商银行
2019-12-06,8.55,sh601398,工商银行
2019-12-09,8.54,sh601398,工商银行
2019-12-10,8.5,sh601398,工商银行
2019-12-11,8.55,sh601398,工商银行
2019-12-12,8.54,sh601398,工商银行
2019-12-13,8.63,sh601398,工商银行
2019-12-16,8.59,sh601398,工商银行
2019-12-17,8.65,sh601398,工商银行
2019-12-18,8.68,sh601398,工商银行
2019-12-19,8.74,sh601398,工商银行
2019-12-20,8.75,sh601398,工商银行
2019-12-23,8.69,sh601398,工商银行
2019-12-24,8.67,sh601398,工商银行
2019-12-25,8.64,sh601398,工商银行
2019-12-26,8.67,sh601398,工商银行
2019-12-27,8.71,sh601398,工商银行
2019-12-30,8.7,sh601398,工商银行
2019-12-31,8.69,sh601398,工商银行
2020-01-02,8.78,sh601398,工商银行
2020-01-03,8.81,sh601398,工商银行
2020-01-06,8.78,sh601398,工商银行
2020-01-07,8.83,sh601398,工商银行
2020-01-08,8.72,sh601398,工商银行
2020-01-09,8.72,sh601398,工商银行
2020-01-10,8.72,sh601398,工商银行
2020-01-13,8.74,sh601398,工商银行
2020-01-14,8.75,sh601398,工商银行
2020-01-15,8.69,sh601398,工商银行
2020-01-16,8.61,sh601398,工商银行
2020-01-17,8.63,sh601398,工商银行
2020-01-20,8.65,sh601398,工商银行
2020-01-21,8.58,sh601398,工商银行
2020-01-22,8.6,sh601398,工商银行
2020-01-23,8.52,sh601398,工商银行
2020-02-03,8.21,sh601398,工商银行
2020-02-04,8.29,sh601398,工商银行
2020-02-05,8.28,sh601398,工商银行
2020-02-06,8.29,sh601398,工商银行
2020-02-07,8.23,sh601398,工商银行
2020-02-10,8.21,sh601398,工商银行
2020-02-11,8.25,sh601398,工商银行
2020-02-12,8.25,sh601398,工商银行
2020-02-13,8.2,sh601398,工商银行
2020-02-14,8.22,sh601398,工商银行
2020-02-17,8.28,sh601398,工商银行
2020-02-18,8.25,sh601398,工商银行
2020-02-19,8.27,sh601398,工商银行
2020-02-20,8.3,sh601398,工商银行
2020-02-21,8.28,sh601398,工商银行
2020-02-24,8.23,sh601398,工商银行
2020-02-25,8.2,sh601398,工商银行
2020-02-26,8.2,sh601398,工商银行
2020-02-27,8.19,sh601398,工商银行
2020-02-28,8.08,sh601398,工商银行
2020-03-02,8.15,sh601398,工商银行
2020-03-03,8.17,sh601398,工商银行
2020-03-04,8.18,sh601398,工商银行
2020-03-05,8.25,sh601398,工商银行
2020-03-06,8.2,sh601398,工商银行
2020-03-09,8.09,sh601398,工商银行
2020-03-10,8.15,sh601398,工商银行
2020-03-11,8.11,sh601398,工商银行
2020-03-12,8.07,sh601398,工商银行
2020-03-13,8.0,sh601398,工商银行
2020-03-16,7.95,sh601398,工商银行
2020-03-17,7.95,sh601398,工商银行
2020-03-18,7.89,sh601398,工商银行
2020-03-19,7.76,sh601398,工商银行
2020-03-20,7.85,sh601398,工商银行
2020-03-23,7.76,sh601398,工商银行
2020-03-24,7.9,sh601398,工商银行
2020-03-25,7.96,sh601398,工商银行
2020-03-26,7.96,sh601398,工商银行
2020-03-27,7.99,sh601398,工商银行
2020-03-30,8.0,sh601398,工商银行
2020-03-31,7.93,sh601398,工商银行
2020-04-01,7.94,sh601398,工商银行
2020-04-02,7.97,sh601398,工商银行
2020-04-03,7.92,sh601398,工商银行
2020-04-07,7.94,sh601398,工商银行
2020-04-08,7.92,sh601398,工商银行
2020-04-09,7.91,sh601398,工商银行
2020-04-10,7.89,sh601398,工商银行
2020-04-13,7.88,sh601398,工商银行
2020-04-14,7.9,sh601398,工商银行
2020-04-15,7.91,sh601398,工商银行
2020-04-16,7.9,sh601398,工商银行
2020-04-17,7.93,sh601398,工商银行
2020-04-20,7.9,sh601398,工商银行
2020-04-21,7.85,sh601398,工商银行
2020-04-22,7.86,sh601398,工商银行
2020-04-23,7.84,sh601398,工商银行
2020-04-24,7.82,sh601398,工商银行
2020-04-27,7.86,sh601398,工商银行
2020-04-28,7.89,sh601398,工商银行
2020-04-29,7.93,sh601398,工商银行
2020-04-30,7.95,sh601398,工商银行
2020-05-06,7.89,sh601398,工商银行
2020-05-07,7.88,sh601398,工商银行
2020-05-08,7.88,sh601398,工商银行
2020-05-11,7.92,sh601398,工商银行
2020-05-12,7.91,sh601398,工商银行
2020-05-13,7.91,sh601398,工商银行
2020-05-14,7.88,sh601398,工商银行
2020-05-15,7.86,sh601398,工商银行
2020-05-18,7.88,sh601398,工商银行
2020-05-19,7.9,sh601398,工商银行
2020-05-20,7.9,sh601398,工商银行
2020-05-21,7.88,sh601398,工商银行
2020-05-22,7.82,sh601398,工商银行
2020-05-25,7.86,sh601398,工商银行
2020-05-26,7.85,sh601398,工商银行
2020-05-27,7.9,sh601398,工商银行
2020-05-28,7.95,sh601398,工商银行
2020-05-29,7.9,sh601398,工商银行
2020-06-01,7.94,sh601398,工商银行
2020-06-02,7.97,sh601398,工商银行
2020-06-03,7.97,sh601398,工商银行
2020-06-04,7.96,sh601398,工商银行
2020-06-05,7.99,sh601398,工商银行
2020-06-08,8.02,sh601398,工商银行
2020-06-09,8.04,sh601398,工商银行
2020-06-10,8.05,sh601398,工商银行
2020-06-11,8.05,sh601398,工商银行
2020-06-12,8.0,sh601398,工商银行
2020-06-15,8.02,sh601398,工商银行
2020-06-16,8.08,sh601398,工商银行
2020-06-17,8.04,sh601398,工商银行
2020-06-18,7.97,sh601398,工商银行
2020-06-19,7.98,sh601398,工商银行
2020-06-22,7.94,sh601398,工商银行
2020-06-23,7.92,sh601398,工商银行
2020-06-24,8.0,sh601398,工商银行
2020-06-29,8.03,sh601398,工商银行
2020-06-30,8.02,sh601398,工商银行
2020-07-01,8.03,sh601398,工商银行
2020-07-02,8.11,sh601398,工商银行
2020-07-03,8.21,sh601398,工商银行
2020-07-06,8.67,sh601398,工商银行
2020-07-07,8.63,sh601398,工商银行
2020-07-08,8.54,sh601398,工商银行
2020-07-09,8.44,sh601398,工商银行
2020-07-10,8.28,sh601398,工商银行
2020-07-13,8.26,sh601398,工商银行
2020-07-14,8.19,sh601398,工商银行
2020-07-15,8.13,sh601398,工商银行
2020-07-16,8.11,sh601398,工商银行
2020-07-17,8.11,sh601398,工商银行
2020-07-20,8.18,sh601398,工商银行
2020-07-21,8.15,sh601398,工商银行
2020-07-22,8.14,sh601398,工商银行
2020-07-23,8.08,sh601398,工商银行
2020-07-24,8.02,sh601398,工商银行
2020-07-27,8.01,sh601398,工商银行
2020-07-28,8.02,sh601398,工商银行
2020-07-29,8.07,sh601398,工商银行
2020-07-30,8.02,sh601398,工商银行
2020-07-31,8.0,sh601398,工商银行
2020-08-03,8.02,sh601398,工商银行
2020-08-04,8.1,sh601398,工商银行
2020-08-05,8.05,sh601398,工商银行
2020-08-06,8.07,sh601398,工商银行
2020-08-07,8.02,sh601398,工商银行
2020-08-10,8.03,sh601398,工商银行
2020-08-11,8.02,sh601398,工商银行
2020-08-12,8.03,sh601398,工商银行
2020-08-13,8.02,sh601398,工商银行
2020-08-14,8.07,sh601398,工商银行
2020-08-17,8.14,sh601398,工商银行
2020-08-18,8.1,sh601398,工商银行
2020-08-19,8.08,sh601398,工商银行
2020-08-20,8.05,sh601398,工商银行
2020-08-21,8.06,sh601398,工商银行
2020-08-24,8.03,sh601398,工商银行
2020-08-25,8.05,sh601398,工商银行
2020-08-26,8.02,sh601398,工商银行
2020-08-27,8.01,sh601398,工商银行
2020-08-28,8.05,sh601398,工商银行
2020-08-31,8.0,sh601398,工商银行
2020-09-01,8.0,sh601398,工商银行
2020-09-02,7.96,sh601398,工商银行
2020-09-03,7.95,sh601398,工商银行
2020-09-04,7.94,sh601398,工商银行
2020-09-07,7.94,sh601398,工商银行
2020-09-08,7.99,sh601398,工商银行
2020-09-09,7.98,sh601398,工商银行
2020-09-10,7.95,sh601398,工商银行
2020-09-11,7.97,sh601398,工商银行
2020-09-14,7.97,sh601398,工商银行
2020-09-15,7.96,sh601398,工商银行
2020-09-16,7.98,sh601398,工商银行
2020-09-17,7.98,sh601398,工商银行
2020-09-18,8.02,sh601398,工商银行
2020-09-21,8.0,sh601398,工商银行
2020-09-22,7.97,sh601398,工商银行
2020-09-23,7.96,sh601398,工商银行
2020-09-24,7.94,sh601398,工商银行
2020-09-25,7.93,sh601398,工商银行
2020-09-28,7.98,sh601398,工商银行
2020-09-29,7.95,sh601398,工商银行
2020-09-30,7.96,sh601398,工商银行
2020-10-09,7.95,sh601398,工商银行
2020-10-12,8.0,sh601398,工商银行
2020-10-13,7.96,sh601398,工商银行
2020-10-14,7.96,sh601398,工商银行
2020-10-15,7.97,sh601398,工商银行
2020-10-16,8.03,sh601398,工商银行
2020-10-19,8.07,sh601398,工商银行
2020-10-20,8.02,sh601398,工商银行
2020-10-21,8.1,sh601398,工商银行
2020-10-22,8.11,sh601398,工商银行
2020-10-23,8.11,sh601398,工商银行
2020-10-26,8.07,sh601398,工商银行
2020-10-27,8.08,sh601398,工商银行
2020-10-28,8.05,sh601398,工商银行
2020-10-29,8.0,sh601398,工商银行
2020-10-30,7.96,sh601398,工商银行
2020-11-02,7.98,sh601398,工商银行
2020-11-03,7.99,sh601398,工商银行
2020-11-04,7.99,sh601398,工商银行
2020-11-05,7.99,sh601398,工商银行
2020-11-06,8.0,sh601398,工商银行
2020-11-09,8.02,sh601398,工商银行
2020-11-10,8.07,sh601398,工商银行
2020-11-11,8.12,sh601398,工商银行
2020-11-12,8.06,sh601398,工商银行
2020-11-13,8.0,sh601398,工商银行
2020-11-16,8.02,sh601398,工商银行
2020-11-17,8.05,sh601398,工商银行
2020-11-18,8.08,sh601398,工商银行
2020-11-19,8.09,sh601398,工商银行
2020-11-20,8.08,sh601398,工商银行
2020-11-23,8.12,sh601398,工商银行
2020-11-24,8.1,sh601398,工商银行
2020-11-25,8.09,sh601398,工商银行
2020-11-26,8.14,sh601398,工商银行
2020-11-27,8.45,sh601398,工商银行
2020-11-30,8.38,sh601398,工商银行
2020-12-01,8.54,sh601398,工商银行
2020-12-02,8.52,sh601398,工商银行
2020-12-03,8.44,sh601398,工商银行
2020-12-04,8.37,sh601398,工商银行
2020-12-07,8.24,sh601398,工商银行
2020-12-08,8.17,sh601398,工商银行
2020-12-09,8.15,sh601398,工商银行
2020-12-10,8.11,sh601398,工商银行
2020-12-11,8.13,sh601398,工商银行
2020-12-14,8.1,sh601398,工商银行
2020-12-15,8.06,sh601398,工商银行
2020-12-16,8.05,sh601398,工商银行
2020-12-17,8.08,sh601398,工商银行
2020-12-18,8.05,sh601398,工商银行
2020-12-21,8.05,sh601398,工商银行
2020-12-22,7.98,sh601398,工商银行
2020-12-23,8.0,sh601398,工商银行
2020-12-24,8.0,sh601398,工商银行
2020-12-25,8.01,sh601398,工商银行
2020-12-28,8.01,sh601398,工商银行
2020-12-29,8.02,sh601398,工商银行
2020-12-30,8.0,sh601398,工商银行
2020-12-31,8.03,sh601398,工商银行
2021-01-04,8.06,sh601398,工商银行
2021-01-05,8.01,sh601398,工商银行
2021-01-06,8.01,sh601398,工商银行
2021-01-07,8.05,sh601398,工商银行
2021-01-08,8.05,sh601398,工商银行
2021-01-11,8.03,sh601398,工商银行
2021-01-12,8.07,sh601398,工商银行
2021-01-13,8.11,sh601398,工商银行
2021-01-14,8.13,sh601398,工商银行
2021-01-15,8.2,sh601398,工商银行
2021-01-18,8.19,sh601398,工商银行
2021-01-19,8.25,sh601398,工商银行
2021-01-20,8.2,sh601398,工商银行
2021-01-21,8.18,sh601398,工商银行
2021-01-22,8.09,sh601398,工商银行
2021-01-25,8.1,sh601398,工商银行
2021-01-26,8.08,sh601398,工商银行
2021-01-27,8.12,sh601398,工商银行
2021-01-28,8.08,sh601398,工商银行
2021-01-29,8.14,sh601398,工商银行
2021-02-01,8.19,sh601398,工商银行
2021-02-02,8.14,sh601398,工商银行
2021-02-03,8.09,sh601398,工商银行
2021-02-04,8.12,sh601398,工商银行
2021-02-05,8.23,sh601398,工商银行
2021-02-08,8.21,sh601398,工商银行
2021-02-09,8.2,sh601398,工商银行
2021-02-10,8.31,sh601398,工商银行
2021-02-18,8.3,sh601398,工商银行
2021-02-19,8.3,sh601398,工商银行
2021-02-22,8.43,sh601398,工商银行
2021-02-23,8.44,sh601398,工商银行
2021-02-24,8.36,sh601398,工商银行
2021-02-25,8.51,sh601398,工商银行
2021-02-26,8.43,sh601398,工商银行
2021-03-01,8.4,sh601398,工商银行
2021-03-02,8.35,sh601398,工商银行
2021-03-03,8.52,sh601398,工商银行
2021-03-04,8.52,sh601398,工商银行
2021-03-05,8.64,sh601398,工商银行
2021-03-08,8.6,sh601398,工商银行
2021-03-09,8.53,sh601398,工商银行
2021-03-10,8.46,sh601398,工商银行
2021-03-11,8.55,sh601398,工商银行
2021-03-12,8.51,sh601398,工商银行
2021-03-15,8.62,sh601398,工商银行
2021-03-16,8.67,sh601398,工商银行
2021-03-17,8.6,sh601398,工商银行
2021-03-18,8.55,sh601398,工商银行
2021-03-19,8.42,sh601398,工商银行
2021-03-22,8.48,sh601398,工商银行
2021-03-23,8.46,sh601398,工商银行
2021-03-24,8.47,sh601398,工商银行
2021-03-25,8.42,sh601398,工商银行
2021-03-26,8.41,sh601398,工商银行
2021-03-29,8.53,sh601398,工商银行
2021-03-30,8.55,sh601398,工商银行
2021-03-31,8.61,sh601398,工商银行
2021-04-01,8.57,sh601398,工商银行
2021-04-02,8.48,sh601398,工商银行
2021-04-06,8.48,sh601398,工商银行
2021-04-07,8.52,sh601398,工商银行
2021-04-08,8.51,sh601398,工商银行
2021-04-09,8.48,sh601398,工商银行
2021-04-12,8.55,sh601398,工商银行
2021-04-13,8.58,sh601398,工商银行
2021-04-14,8.52,sh601398,工商银行
2021-04-15,8.52,sh601398,工商银行
2021-04-16,8.49,sh601398,工商银行
2021-04-19,8.51,sh601398,工商银行
2021-04-20,8.45,sh601398,工商银行
2021-04-21,8.43,sh601398,工商银行
2021-04-22,8.39,sh601398,工商银行
2021-04-23,8.35,sh601398,工商银行
2021-04-26,8.33,sh601398,工商银行
2021-04-27,8.3,sh601398,工商银行
2021-04-28,8.25,sh601398,工商银行
2021-04-29,8.28,sh601398,工商银行
2021-04-30,8.18,sh601398,工商银行
2021-05-06,8.17,sh601398,工商银行
2021-05-07,8.28,sh601398,工商银行
2021-05-10,8.31,sh601398,工商银行
2021-05-11,8.29,sh601398,工商银行
2021-05-12,8.32,sh601398,工商银行
2021-05-13,8.3,sh601398,工商银行
2021-05-14,8.34,sh601398,工商银行
2021-05-17,8.33,sh601398,工商银行
2021-05-18,8.32,sh601398,工商银行
2021-05-19,8.26,sh601398,工商银行
2021-05-20,8.29,sh601398,工商银行
2021-05-21,8.22,sh601398,工商银行
2021-05-24,8.24,sh601398,工商银行
2021-05-25,8.32,sh601398,工商银行
2021-05-26,8.32,sh601398,工商银行
2021-05-27,8.32,sh601398,工商银行
2021-05-28,8.33,sh601398,工商银行
2021-05-31,8.26,sh601398,工商银行
2021-06-01,8.23,sh601398,工商银行
2021-06-02,8.24,sh601398,工商银行
2021-06-03,8.2,sh601398,工商银行
2021-06-04,8.22,sh601398,工商银行
2021-06-07,8.22,sh601398,工商银行
2021-06-08,8.25,sh601398,工商银行
2021-06-09,8.24,sh601398,工商银行
2021-06-10,8.25,sh601398,工商银行
2021-06-11,8.24,sh601398,工商银行
2021-06-15,8.21,sh601398,工商银行
2021-06-16,8.22,sh601398,工商银行
2021-06-17,8.23,sh601398,工商银行
2021-06-18,8.23,sh601398,工商银行
2021-06-21,8.2,sh601398,工商银行
2021-06-22,8.21,sh601398,工商银行
2021-06-23,8.19,sh601398,工商银行
2021-06-24,8.25,sh601398,工商银行
2021-06-25,8.29,sh601398,工商银行
2021-06-28,8.23,sh601398,工商银行
2021-06-29,8.22,sh601398,工商银行
2021-06-30,8.22,sh601398,工商银行
2021-07-01,8.32,sh601398,工商银行
2021-07-02,8.31,sh601398,工商银行
2021-07-05,8.25,sh601398,工商银行
2021-07-06,8.27,sh601398,工商银行
2021-07-07,8.26,sh601398,工商银行
2021-07-08,8.21,sh601398,工商银行
2021-07-09,8.17,sh601398,工商银行
2021-07-12,8.08,sh601398,工商银行
2021-07-13,8.06,sh601398,工商银行
2021-07-14,8.02,sh601398,工商银行
2021-07-15,8.06,sh601398,工商银行
2021-07-16,8.05,sh601398,工商银行
2021-07-19,8.04,sh601398,工商银行
2021-07-20,8.02,sh601398,工商银行
2021-07-21,8.0,sh601398,工商银行
2021-07-22,8.02,sh601398,工商银行
2021-07-23,8.01,sh601398,工商银行
2021-07-26,7.98,sh601398,工商银行
2021-07-27,7.93,sh601398,工商银行
2021-07-28,7.98,sh601398,工商银行
2021-07-29,7.93,sh601398,工商银行
2021-07-30,7.89,sh601398,工商银行
2021-08-02,7.91,sh601398,工商银行
2021-08-03,7.88,sh601398,工商银行
2021-08-04,7.85,sh601398,工商银行
2021-08-05,7.84,sh601398,工商银行
2021-08-06,7.83,sh601398,工商银行
2021-08-09,7.85,sh601398,工商银行
2021-08-10,7.86,sh601398,工商银行
2021-08-11,7.96,sh601398,工商银行
2021-08-12,7.94,sh601398,工商银行
2021-08-13,7.92,sh601398,工商银行
2021-08-16,7.93,sh601398,工商银行
2021-08-17,7.93,sh601398,工商银行
2021-08-18,7.98,sh601398,工商银行
2021-08-19,7.95,sh601398,工商银行
2021-08-20,7.97,sh601398,工商银行
2021-08-23,7.94,sh601398,工商银行
2021-08-24,7.94,sh601398,工商银行
2021-08-25,7.94,sh601398,工商银行
2021-08-26,7.93,sh601398,工商银行
2021-08-27,7.95,sh601398,工商银行
2021-08-30,7.88,sh601398,工商银行
2021-08-31,7.93,sh601398,工商银行
2021-09-01,7.99,sh601398,工商银行
2021-09-02,8.0,sh601398,工商银行
2021-09-03,8.04,sh601398,工商银行
2021-09-06,8.04,sh601398,工商银行
2021-09-07,8.06,sh601398,工商银行
2021-09-08,8.08,sh601398,工商银行
2021-09-09,8.06,sh601398,工商银行
2021-09-10,8.1,sh601398,工商银行
2021-09-13,8.08,sh601398,工商银行
2021-09-14,8.02,sh601398,工商银行
2021-09-15,7.99,sh601398,工商银行
2021-09-16,7.99,sh601398,工商银行
2021-09-17,8.01,sh601398,工商银行
2021-09-22,7.94,sh601398,工商银行
2021-09-23,7.97,sh601398,工商银行
2021-09-24,7.95,sh601398,工商银行
2021-09-27,7.94,sh601398,工商银行
2021-09-28,7.97,sh601398,工商银行
2021-09-29,7.99,sh601398,工商银行
2021-09-30,7.97,sh601398,工商银行
2021-10-08,8.02,sh601398,工商银行
2021-10-11,8.05,sh601398,工商银行
2021-10-12,8.06,sh601398,工商银行
2021-10-13,8.03,sh601398,工商银行
2021-10-14,8.02,sh601398,工商银行
2021-10-15,8.06,sh601398,工商银行
2021-10-18,8.04,sh601398,工商银行
2021-10-19,8.03,sh601398,工商银行
2021-10-20,8.01,sh601398,工商银行
2021-10-21,8.05,sh601398,工商银行
2021-10-22,8.04,sh601398,工商银行
2021-10-25,8.03,sh601398,工商银行
2021-10-26,8.01,sh601398,工商银行
2021-10-27,8.01,sh601398,工商银行
2021-10-28,7.98,sh601398,工商银行
2021-10-29,7.98,sh601398,工商银行
2021-11-01,8.04,sh601398,工商银行
2021-11-02,7.96,sh601398,工商银行
2021-11-03,7.95,sh601398,工商银行
2021-11-04,7.96,sh601398,工商银行
2021-11-05,7.97,sh601398,工商银行
2021-11-08,7.94,sh601398,工商银行
2021-11-09,7.95,sh601398,工商银行
2021-11-10,7.93,sh601398,工商银行
2021-11-11,7.97,sh601398,工商银行
2021-11-12,7.96,sh601398,工商银行
2021-11-15,7.98,sh601398,工商银行
2021-11-16,7.96,sh601398,工商银行
2021-11-17,7.96,sh601398,工商银行
2021-11-18,7.95,sh601398,工商银行
2021-11-19,7.97,sh601398,工商银行
2021-11-22,7.94,sh601398,工商银行
2021-11-23,7.94,sh601398,工商银行
2021-11-24,7.95,sh601398,工商银行
2021-11-25,7.94,sh601398,工商银行
2021-11-26,7.92,sh601398,工商银行
2021-11-29,7.88,sh601398,工商银行
2021-11-30,7.88,sh601398,工商银行
2021-12-01,7.91,sh601398,工商银行
2021-12-02,7.92,sh601398,工商银行
2021-12-03,7.92,sh601398,工商银行
2021-12-06,7.94,sh601398,工商银行
2021-12-07,7.97,sh601398,工商银行
2021-12-08,7.95,sh601398,工商银行
2021-12-09,7.97,sh601398,工商银行
2021-12-10,7.97,sh601398,工商银行
2021-12-13,7.94,sh601398,工商银行
2021-12-14,7.93,sh601398,工商银行
2021-12-15,7.92,sh601398,工商银行
2021-12-16,7.93,sh601398,工商银行
2021-12-17,7.92,sh601398,工商银行
2021-12-20,7.92,sh601398,工商银行
2021-12-21,7.96,sh601398,工商银行
2021-12-22,7.95,sh601398,工商银行
2021-12-23,7.96,sh601398,工商银行
2021-12-24,7.96,sh601398,工商银行
2021-12-27,7.97,sh601398,工商银行
2021-12-28,7.99,sh601398,工商银行
2021-12-29,7.97,sh601398,工商银行
2021-12-30,7.95,sh601398,工商银行
2021-12-31,7.94,sh601398,工商银行
2022-01-04,7.98,sh601398,工商银行
2022-01-05,8.02,sh601398,工商银行
2022-01-06,8.01,sh601398,工商银行
2022-01-07,8.05,sh601398,工商银行
2022-01-10,8.06,sh601398,工商银行
2022-01-11,8.06,sh601398,工商银行
2022-01-12,8.03,sh601398,工商银行
2022-01-13,8.04,sh601398,工商银行
2022-01-14,7.99,sh601398,工商银行
2022-01-17,7.96,sh601398,工商银行
2022-01-18,8.0,sh601398,工商银行
2022-01-19,8.01,sh601398,工商银行
2022-01-20,8.06,sh601398,工商银行
2022-01-21,8.01,sh601398,工商银行
2022-01-24,8.01,sh601398,工商银行
2022-01-25,7.98,sh601398,工商银行
2022-01-26,8.0,sh601398,工商银行
2022-01-27,7.99,sh601398,工商银行
2022-01-28,7.97,sh601398,工商银行
2022-02-07,8.05,sh601398,工商银行
2022-02-08,8.17,sh601398,工商银行
2022-02-09,8.16,sh601398,工商银行
2022-02-10,8.18,sh601398,工商银行
2022-02-11,8.19,sh601398,工商银行
2022-02-14,8.11,sh601398,工商银行
2022-02-15,8.07,sh601398,工商银行
2022-02-16,8.09,sh601398,工商银行
2022-02-17,8.09,sh601398,工商银行
2022-02-18,8.12,sh601398,工商银行
2022-02-21,8.14,sh601398,工商银行
2022-02-22,8.09,sh601398,工商银行
2022-02-23,8.08,sh601398,工商银行
2022-02-24,8.01,sh601398,工商银行
2022-02-25,7.98,sh601398,工商银行
2022-02-28,7.97,sh601398,工商银行
2022-03-01,7.99,sh601398,工商银行
2022-03-02,8.01,sh601398,工商银行
2022-03-03,8.05,sh601398,工商银行
2022-03-04,8.03,sh601398,工商银行
2022-03-07,7.96,sh601398,工商银行
2022-03-08,7.93,sh601398,工商银行
2022-03-09,7.86,sh601398,工商银行
2022-03-10,7.86,sh601398,工商银行
2022-03-11,7.92,sh601398,工商银行
2022-03-14,7.89,sh601398,工商银行
2022-03-15,7.84,sh601398,工商银行
2022-03-16,7.85,sh601398,工商银行
2022-03-17,7.82,sh601398,工商银行
2022-03-18,7.85,sh601398,工商银行
2022-03-21,7.84,sh601398,工商银行
2022-03-22,7.89,sh601398,工商银行
2022-03-23,7.87,sh601398,工商银行
2022-03-24,7.88,sh601398,工商银行
2022-03-25,7.93,sh601398,工商银行
2022-03-28,8.0,sh601398,工商银行
2022-03-29,8.03,sh601398,工商银行
2022-03-30,8.02,sh601398,工商银行
2022-03-31,8.08,sh601398,工商银行
2022-04-01,8.1,sh601398,工商银行
2022-04-06,8.15,sh601398,工商银行
2022-04-07,8.14,sh601398,工商银行
2022-04-08,8.12,sh601398,工商银行
2022-04-11,8.09,sh601398,工商银行
2022-04-12,8.09,sh601398,工商银行
2022-04-13,8.1,sh601398,工商银行
2022-04-14,8.08,sh601398,工商银行
2022-04-15,8.07,sh601398,工商银行
2022-04-18,8.03,sh601398,工商银行
2022-04-19,8.04,sh601398,工商银行
2022-04-20,8.05,sh601398,工商银行
2022-04-21,8.09,sh601398,工商银行
2022-04-22,8.16,sh601398,工商银行
2022-04-25,8.06,sh601398,工商银行
2022-04-26,8.12,sh601398,工商银行
2022-04-27,8.02,sh601398,工商银行
2022-04-28,8.08,sh601398,工商银行
2022-04-29,8.09,sh601398,工商银行
2022-05-05,8.06,sh601398,工商银行
2022-05-06,8.05,sh601398,工商银行
2022-05-09,8.07,sh601398,工商银行
2022-05-10,8.04,sh601398,工商银行
2022-05-11,7.97,sh601398,工商银行
2022-05-12,7.96,sh601398,工商银行
2022-05-13,8.01,sh601398,工商银行
2022-05-16,7.99,sh601398,工商银行
2022-05-17,7.97,sh601398,工商银行
2022-05-18,7.93,sh601398,工商银行
2022-05-19,7.92,sh601398,工商银行
2022-05-20,7.94,sh601398,工商银行
2022-05-23,7.93,sh601398,工商银行
2022-05-24,7.98,sh601398,工商银行
2022-05-25,7.97,sh601398,工商银行
2022-05-26,7.96,sh601398,工商银行
2022-05-27,7.98,sh601398,工商银行
2022-05-30,7.96,sh601398,工商银行
2022-05-31,7.97,sh601398,工商银行
2022-06-01,7.96,sh601398,工商银行
2022-06-02,7.94,sh601398,工商银行
2022-06-06,7.91,sh601398,工商银行
2022-06-07,7.92,sh601398,工商银行
2022-06-08,7.95,sh601398,工商银行
2022-06-09,7.97,sh601398,工商银行
2022-06-10,8.0,sh601398,工商银行
2022-06-13,7.98,sh601398,工商银行
2022-06-14,8.03,sh601398,工商银行
2022-06-15,8.04,sh601398,工商银行
2022-06-16,8.01,sh601398,工商银行
2022-06-17,8.06,sh601398,工商银行
2022-06-20,8.01,sh601398,工商银行
2022-06-21,8.07,sh601398,工商银行
2022-06-22,8.06,sh601398,工商银行
2022-06-23,8.08,sh601398,工商银行
2022-06-24,8.05,sh601398,工商银行
2022-06-27,8.02,sh601398,工商银行
2022-06-28,8.04,sh601398,工商银行
2022-06-29,8.08,sh601398,工商银行
2022-06-30,8.08,sh601398,工商银行
2022-07-01,8.08,sh601398,工商银行
2022-07-04,8.08,sh601398,工商银行
2022-07-05,8.11,sh601398,工商银行
2022-07-06,8.09,sh601398,工商银行
2022-07-07,8.07,sh601398,工商银行
2022-07-08,8.08,sh601398,工商银行
2022-07-11,8.1,sh601398,工商银行
2022-07-12,8.12,sh601398,工商银行
2022-07-13,8.02,sh601398,工商银行
2022-07-14,7.97,sh601398,工商银行
2022-07-15,7.93,sh601398,工商银行
2022-07-18,7.97,sh601398,工商银行
2022-07-19,7.99,sh601398,工商银行
2022-07-20,8.04,sh601398,工商银行
2022-07-21,7.99,sh601398,工商银行
2022-07-22,8.01,sh601398,工商银行
2022-07-25,8.04,sh601398,工商银行
2022-07-26,8.02,sh601398,工商银行
2022-07-27,7.99,sh601398,工商银行
2022-07-28,7.99,sh601398,工商银行
2022-07-29,7.98,sh601398,工商银行
2022-08-01,7.97,sh601398,工商银行
2022-08-02,7.95,sh601398,工商银行
2022-08-03,7.92,sh601398,工商银行
2022-08-04,7.97,sh601398,工商银行
2022-08-05,7.99,sh601398,工商银行
2022-08-08,7.95,sh601398,工商银行
2022-08-09,7.94,sh601398,工商银行
2022-08-10,7.93,sh601398,工商银行
2022-08-11,7.96,sh601398,工商银行
2022-08-12,7.96,sh601398,工商银行
2022-08-15,7.94,sh601398,工商银行
2022-08-16,7.93,sh601398,工商银行
2022-08-17,7.94,sh601398,工商银行
2022-08-18,7.92,sh601398,工商银行
2022-08-19,7.93,sh601398,工商银行
2022-08-22,7.93,sh601398,工商银行
2022-08-23,7.92,sh601398,工商银行
2022-08-24,7.92,sh601398,工商银行
2022-08-25,7.94,sh601398,工商银行
2022-08-26,7.95,sh601398,工商银行
2022-08-29,7.93,sh601398,工商银行
2022-08-30,7.96,sh601398,工商银行
2022-08-31,7.98,sh601398,工商银行
2022-09-01,7.96,sh601398,工商银行
2022-09-02,7.95,sh601398,工商银行
2022-09-05,7.96,sh601398,工商银行
2022-09-06,7.96,sh601398,工商银行
2022-09-07,7.95,sh601398,工商银行
2022-09-08,7.95,sh601398,工商银行
2022-09-09,7.96,sh601398,工商银行
2022-09-13,7.98,sh601398,工商银行
2022-09-14,7.96,sh601398,工商银行
2022-09-15,7.99,sh601398,工商银行
2022-09-16,7.96,sh601398,工商银行
2022-09-19,7.98,sh601398,工商银行
2022-09-20,7.97,sh601398,工商银行
2022-09-21,7.97,sh601398,工商银行
2022-09-22,7.99,sh601398,工商银行
2022-09-23,8.0,sh601398,工商银行
2022-09-26,7.95,sh601398,工商银行
2022-09-27,7.94,sh601398,工商银行
2022-09-28,7.95,sh601398,工商银行
2022-09-29,7.93,sh601398,工商银行
2022-09-30,7.95,sh601398,工商银行
2022-10-10,7.96,sh601398,工商银行
2022-10-11,7.97,sh601398,工商银行
2022-10-12,8.0,sh601398,工商银行
2022-10-13,7.95,sh601398,工商银行
2022-10-14,7.94,sh601398,工商银行
2022-10-17,7.95,sh601398,工商银行
2022-10-18,7.95,sh601398,工商银行
2022-10-19,7.94,sh601398,工商银行
2022-10-20,7.95,sh601398,工商银行
2022-10-21,7.95,sh601398,工商银行
2022-10-24,7.96,sh601398,工商银行
2022-10-25,7.94,sh601398,工商银行
2022-10-26,7.88,sh601398,工商银行
2022-10-27,7.85,sh601398,工商银行
2022-10-28,7.85,sh601398,工商银行
2022-10-31,7.74,sh601398,工商银行
2022-11-01,7.67,sh601398,工商银行
2022-11-02,7.66,sh601398,工商银行
2022-11-03,7.65,sh601398,工商银行
2022-11-04,7.68,sh601398,工商银行
2022-11-07,7.67,sh601398,工商银行
2022-11-08,7.68,sh601398,工商银行
2022-11-09,7.69,sh601398,工商银行
2022-11-10,7.7,sh601398,工商银行
2022-11-11,7.74,sh601398,工商银行
2022-11-14,7.74,sh601398,工商银行
2022-11-15,7.76,sh601398,工商银行
2022-11-16,7.75,sh601398,工商银行
2022-11-17,7.76,sh601398,工商银行
2022-11-18,7.76,sh601398,工商银行
2022-11-21,7.77,sh601398,工商银行
2022-11-22,7.83,sh601398,工商银行
2022-11-23,7.86,sh601398,工商银行
2022-11-24,7.85,sh601398,工商银行
2022-11-25,7.92,sh601398,工商银行
2022-11-28,7.84,sh601398,工商银行
2022-11-29,7.92,sh601398,工商银行
2022-11-30,7.9,sh601398,工商银行
2022-12-01,7.85,sh601398,工商银行
2022-12-02,7.84,sh601398,工商银行
2022-12-05,7.9,sh601398,工商银行
2022-12-06,7.91,sh601398,工商银行
2022-12-07,7.89,sh601398,工商银行
2022-12-08,7.9,sh601398,工商银行
2022-12-09,7.9,sh601398,工商银行
2022-12-12,7.87,sh601398,工商银行
2022-12-13,7.9,sh601398,工商银行
2022-12-14,7.89,sh601398,工商银行
2022-12-15,7.86,sh601398,工商银行
2022-12-16,7.89,sh601398,工商银行
2022-12-19,7.86,sh601398,工商银行
2022-12-20,7.83,sh601398,工商银行
2022-12-21,7.85,sh601398,工商银行
2022-12-22,7.87,sh601398,工商银行
2022-12-23,7.85,sh601398,工商银行
2022-12-26,7.86,sh601398,工商银行
2022-12-27,7.9,sh601398,工商银行
2022-12-28,7.92,sh601398,工商银行
2022-12-29,7.9,sh601398,工商银行
2022-12-30,7.94,sh601398,工商银行
2023-01-03,7.91,sh601398,工商银行
2023-01-04,7.96,sh601398,工商银行
2023-01-05,7.93,sh601398,工商银行
2023-01-06,7.94,sh601398,工商银行
2023-01-09,7.93,sh601398,工商银行
2023-01-10,7.9,sh601398,工商银行
2023-01-11,7.91,sh601398,工商银行
2023-01-12,7.9,sh601398,工商银行
2023-01-13,7.94,sh601398,工商银行
2023-01-16,7.94,sh601398,工商银行
2023-01-17,7.93,sh601398,工商银行
2023-01-18,7.94,sh601398,工商银行
2023-01-19,7.93,sh601398,工商银行
2023-01-20,7.93,sh601398,工商银行
2023-01-30,7.92,sh601398,工商银行
2023-01-31,7.92,sh601398,工商银行
2023-02-01,7.91,sh601398,工商银行
2023-02-02,7.9,sh601398,工商银行
2023-02-03,7.9,sh601398,工商银行
2023-02-06,7.89,sh601398,工商银行
2023-02-07,7.89,sh601398,工商银行
2023-02-08,7.9,sh601398,工商银行
2023-02-09,7.9,sh601398,工商银行
2023-02-10,7.91,sh601398,工商银行
2023-02-13,7.89,sh601398,工商银行
2023-02-14,7.9,sh601398,工商银行
2023-02-15,7.89,sh601398,工商银行
2023-02-16,7.88,sh601398,工商银行
2023-02-17,7.88,sh601398,工商银行
2023-02-20,7.91,sh601398,工商银行
2023-02-21,7.92,sh601398,工商银行
2023-02-22,7.9,sh601398,工商银行
2023-02-23,7.9,sh601398,工商银行
2023-02-24,7.89,sh601398,工商银行
2023-02-27,7.89,sh601398,工商银行
2023-02-28,7.9,sh601398,工商银行
2023-03-01,7.9,sh601398,工商银行
2023-03-02,7.92,sh601398,工商银行
2023-03-03,7.96,sh601398,工商银行
2023-03-06,7.95,sh601398,工商银行
2023-03-07,7.99,sh601398,工商银行
2023-03-08,8.0,sh601398,工商银行
2023-03-09,7.98,sh601398,工商银行
2023-03-10,7.94,sh601398,工商银行
2023-03-13,8.0,sh601398,工商银行
2023-03-14,8.01,sh601398,工商银行
2023-03-15,8.07,sh601398,工商银行
2023-03-16,8.13,sh601398,工商银行
2023-03-17,8.13,sh601398,工商银行
2023-03-20,8.12,sh601398,工商银行
2023-03-21,8.05,sh601398,工商银行
2023-03-22,8.13,sh601398,工商银行
2023-03-23,8.13,sh601398,工商银行
2023-03-24,8.09,sh601398,工商银行
2023-03-27,8.07,sh601398,工商银行
2023-03-28,8.1,sh601398,工商银行
2023-03-29,8.12,sh601398,工商银行
2023-03-30,8.13,sh601398,工商银行
2023-03-31,8.07,sh601398,工商银行
2023-04-03,8.05,sh601398,工商银行
2023-04-04,8.13,sh601398,工商银行
2023-04-06,8.14,sh601398,工商银行
2023-04-07,8.14,sh601398,工商银行
2023-04-10,8.16,sh601398,工商银行
2023-04-11,8.16,sh601398,工商银行
2023-04-12,8.22,sh601398,工商银行
2023-04-13,8.24,sh601398,工商银行
2023-04-14,8.24,sh601398,工商银行
2023-04-17,8.35,sh601398,工商银行
2023-04-18,8.39,sh601398,工商银行
2023-04-19,8.38,sh601398,工商银行
2023-04-20,8.36,sh601398,工商银行
2023-04-21,8.32,sh601398,工商银行
2023-04-24,8.34,sh601398,工商银行
2023-04-25,8.37,sh601398,工商银行
2023-04-26,8.37,sh601398,工商银行
2023-04-27,8.37,sh601398,工商银行
2023-04-28,8.34,sh601398,工商银行
2023-05-04,8.58,sh601398,工商银行
2023-05-05,8.62,sh601398,工商银行
2023-05-08,8.94,sh601398,工商银行
2023-05-09,8.91,sh601398,工商银行
2023-05-10,8.66,sh601398,工商银行
2023-05-11,8.63,sh601398,工商银行
2023-05-12,8.61,sh601398,工商银行
2023-05-15,8.67,sh601398,工商银行
2023-05-16,8.64,sh601398,工商银行
2023-05-17,8.62,sh601398,工商银行
2023-05-18,8.76,sh601398,工商银行
2023-05-19,8.67,sh601398,工商银行
2023-05-22,8.7,sh601398,工商银行
2023-05-23,8.56,sh601398,工商银行
2023-05-24,8.38,sh601398,工商银行
2023-05-25,8.36,sh601398,工商银行
2023-05-26,8.42,sh601398,工商银行
2023-05-29,8.47,sh601398,工商银行
2023-05-30,8.44,sh601398,工商银行
2023-05-31,8.45,sh601398,工商银行
2023-06-01,8.48,sh601398,工商银行
2023-06-02,8.5,sh601398,工商银行
2023-06-05,8.59,sh601398,工商银行
2023-06-06,8.59,sh601398,工商银行
2023-06-07,8.64,sh601398,工商银行
2023-06-08,8.72,sh601398,工商银行
2023-06-09,8.7,sh601398,工商银行
2023-06-12,8.6,sh601398,工商银行
2023-06-13,8.63,sh601398,工商银行
2023-06-14,8.49,sh601398,工商银行
2023-06-15,8.54,sh601398,工商银行
2023-06-16,8.5,sh601398,工商银行
2023-06-19,8.45,sh601398,工商银行
2023-06-20,8.45,sh601398,工商银行
2023-06-21,8.47,sh601398,工商银行
2023-06-26,8.39,sh601398,工商银行
2023-06-27,8.43,sh601398,工商银行
2023-06-28,8.44,sh601398,工商银行
2023-06-29,8.4,sh601398,工商银行
2023-06-30,8.44,sh601398,工商银行
2023-07-03,8.5,sh601398,工商银行
2023-07-04,8.45,sh601398,工商银行
2023-07-05,8.44,sh601398,工商银行
2023-07-06,8.39,sh601398,工商银行
2023-07-07,8.38,sh601398,工商银行
2023-07-10,8.39,sh601398,工商银行
2023-07-11,8.45,sh601398,工商银行
2023-07-12,8.43,sh601398,工商银行
2023-07-13,8.49,sh601398,工商银行
2023-07-14,8.49,sh601398,工商银行
2023-07-17,8.5,sh601398,工商银行
2023-07-18,8.47,sh601398,工商银行
2023-07-19,8.49,sh601398,工商银行
2023-07-20,8.51,sh601398,工商银行
2023-07-21,8.51,sh601398,工商银行
2023-07-24,8.5,sh601398,工商银行
2023-07-25,8.55,sh601398,工商银行
2023-07-26,8.56,sh601398,工商银行
2023-07-27,8.63,sh601398,工商银行
2023-07-28,8.73,sh601398,工商银行
2023-07-31,8.71,sh601398,工商银行
2023-08-01,8.72,sh601398,工商银行
2023-08-02,8.6,sh601398,工商银行
2023-08-03,8.65,sh601398,工商银行
2023-08-04,8.68,sh601398,工商银行
2023-08-07,8.64,sh601398,工商银行
2023-08-08,8.61,sh601398,工商银行
2023-08-09,8.64,sh601398,工商银行
2023-08-10,8.62,sh601398,工商银行
2023-08-11,8.54,sh601398,工商银行
2023-08-14,8.49,sh601398,工商银行
2023-08-15,8.57,sh601398,工商银行
2023-08-16,8.57,sh601398,工商银行
2023-08-17,8.53,sh601398,工商银行
2023-08-18,8.54,sh601398,工商银行
2023-08-21,8.49,sh601398,工商银行
2023-08-22,8.55,sh601398,工商银行
2023-08-23,8.57,sh601398,工商银行
2023-08-24,8.52,sh601398,工商银行
2023-08-25,8.59,sh601398,工商银行
2023-08-28,8.66,sh601398,工商银行
2023-08-29,8.56,sh601398,工商银行
2023-08-30,8.52,sh601398,工商银行
2023-08-31,8.55,sh601398,工商银行
2023-09-01,8.5,sh601398,工商银行
2023-09-04,8.53,sh601398,工商银行
2023-09-05,8.52,sh601398,工商银行
2023-09-06,8.54,sh601398,工商银行
2023-09-07,8.55,sh601398,工商银行
2023-09-08,8.52,sh601398,工商银行
2023-09-11,8.52,sh601398,工商银行
2023-09-12,8.53,sh601398,工商银行
2023-09-13,8.55,sh601398,工商银行
2023-09-14,8.61,sh601398,工商银行
2023-09-15,8.56,sh601398,工商银行
2023-09-18,8.57,sh601398,工商银行
2023-09-19,8.61,sh601398,工商银行
2023-09-20,8.62,sh601398,工商银行
2023-09-21,8.62,sh601398,工商银行
2023-09-22,8.68,sh601398,工商银行
2023-09-25,8.66,sh601398,工商银行
2023-09-26,8.63,sh601398,工商银行
2023-09-27,8.58,sh601398,工商银行
2023-09-28,8.61,sh601398,工商银行
2023-10-09,8.6,sh601398,工商银行
2023-10-10,8.61,sh601398,工商银行
2023-10-11,8.65,sh601398,工商银行
2023-10-12,8.78,sh601398,工商银行
2023-10-13,8.83,sh601398,工商银行
2023-10-16,8.86,sh601398,工商银行
2023-10-17,8.86,sh601398,工商银行
2023-10-18,8.87,sh601398,工商银行
2023-10-19,8.77,sh601398,工商银行
2023-10-20,8.73,sh601398,工商银行
2023-10-23,8.76,sh601398,工商银行
2023-10-24,8.7,sh601398,工商银行
2023-10-25,8.64,sh601398,工商银行
2023-10-26,8.73,sh601398,工商银行
2023-10-27,8.71,sh601398,工商银行
2023-10-30,8.62,sh601398,工商银行
2023-10-31,8.66,sh601398,工商银行
2023-11-01,8.71,sh601398,工商银行
2023-11-02,8.72,sh601398,工商银行
2023-11-03,8.68,sh601398,工商银行
2023-11-06,8.64,sh601398,工商银行
2023-11-07,8.65,sh601398,工商银行
2023-11-08,8.64,sh601398,工商银行
2023-11-09,8.72,sh601398,工商银行
2023-11-10,8.72,sh601398,工商银行
2023-11-13,8.7,sh601398,工商银行
2023-11-14,8.73,sh601398,工商银行
2023-11-15,8.73,sh601398,工商银行
2023-11-16,8.74,sh601398,工商银行
2023-11-17,8.72,sh601398,工商银行
2023-11-20,8.75,sh601398,工商银行
2023-11-21,8.75,sh601398,工商银行
2023-11-22,8.74,sh601398,工商银行
2023-11-23,8.74,sh601398,工商银行
2023-11-24,8.74,sh601398,工商银行
2023-11-27,8.72,sh601398,工商银行
2023-11-28,8.73,sh601398,工商银行
2023-11-29,8.71,sh601398,工商银行
2023-11-30,8.75,sh601398,工商银行
2023-12-01,8.75,sh601398,工商银行
2023-12-04,8.74,sh601398,工商银行
2023-12-05,8.7,sh601398,工商银行
2023-12-06,8.63,sh601398,工商银行
2023-12-07,8.66,sh601398,工商银行
2023-12-08,8.66,sh601398,工商银行
2023-12-11,8.66,sh601398,工商银行
2023-12-12,8.73,sh601398,工商银行
2023-12-13,8.73,sh601398,工商银行
2023-12-14,8.71,sh601398,工商银行
2023-12-15,8.66,sh601398,工商银行
2023-12-18,8.71,sh601398,工商银行
2023-12-19,8.73,sh601398,工商银行
2023-12-20,8.73,sh601398,工商银行
2023-12-21,8.73,sh601398,工商银行
2023-12-22,8.72,sh601398,工商银行
2023-12-25,8.74,sh601398,工商银行
2023-12-26,8.76,sh601398,工商银行
2023-12-27,8.77,sh601398,工商银行
2023-12-28,8.71,sh601398,工商银行
2023-12-29,8.72,sh601398,工商银行
2024-01-02,8.73,sh601398,工商银行
2024-01-03,8.78,sh601398,工商银行
2024-01-04,8.83,sh601398,工商银行
2024-01-05,8.81,sh601398,工商银行
2024-01-08,8.82,sh601398,工商银行
2024-01-09,8.82,sh601398,工商银行
2024-01-10,8.79,sh601398,工商银行
2024-01-11,8.72,sh601398,工商银行
2024-01-12,8.75,sh601398,工商银行
2024-01-15,8.8,sh601398,工商银行
2024-01-16,8.83,sh601398,工商银行
2024-01-17,8.78,sh601398,工商银行
2024-01-18,8.79,sh601398,工商银行
2024-01-19,8.83,sh601398,工商银行
2024-01-22,8.83,sh601398,工商银行
2024-01-23,8.83,sh601398,工商银行
2024-01-24,8.92,sh601398,工商银行
2024-01-25,8.96,sh601398,工商银行
2024-01-26,9.04,sh601398,工商银行
2024-01-29,9.11,sh601398,工商银行
2024-01-30,9.08,sh601398,工商银行
2024-01-31,9.12,sh601398,工商银行
2024-02-01,9.09,sh601398,工商银行
2024-02-02,9.12,sh601398,工商银行
2024-02-05,9.25,sh601398,工商银行
2024-02-06,9.28,sh601398,工商银行
2024-02-07,9.19,sh601398,工商银行
2024-02-08,9.11,sh601398,工商银行
2024-02-19,9.23,sh601398,工商银行
2024-02-20,9.31,sh601398,工商银行
2024-02-21,9.38,sh601398,工商银行
2024-02-22,9.39,sh601398,工商银行
2024-02-23,9.45,sh601398,工商银行
2024-02-26,9.28,sh601398,工商银行
2024-02-27,9.26,sh601398,工商银行
2024-02-28,9.29,sh601398,工商银行
2024-02-29,9.29,sh601398,工商银行
2024-03-01,9.3,sh601398,工商银行
2024-03-04,9.28,sh601398,工商银行
2024-03-05,9.43,sh601398,工商银行
2024-03-06,9.31,sh601398,工商银行
2024-03-07,9.34,sh601398,工商银行
2024-03-08,9.35,sh601398,工商银行
2024-03-11,9.33,sh601398,工商银行
2024-03-12,9.16,sh601398,工商银行
2024-03-13,9.12,sh601398,工商银行
2024-03-14,9.15,sh601398,工商银行
2024-03-15,9.17,sh601398,工商银行
2024-03-18,9.13,sh601398,工商银行
2024-03-19,9.1,sh601398,工商银行
2024-03-20,9.16,sh601398,工商银行
2024-03-21,9.18,sh601398,工商银行
2024-03-22,9.21,sh601398,工商银行
2024-03-25,9.25,sh601398,工商银行
2024-03-26,9.29,sh601398,工商银行
2024-03-27,9.32,sh601398,工商银行
2024-03-28,9.21,sh601398,工商银行
2024-03-29,9.24,sh601398,工商银行
2024-04-01,9.25,sh601398,工商银行
2024-04-02,9.3,sh601398,工商银行
2024-04-03,9.29,sh601398,工商银行
2024-04-08,9.36,sh601398,工商银行
2024-04-09,9.29,sh601398,工商银行
2024-04-10,9.3,sh601398,工商银行
2024-04-11,9.28,sh601398,工商银行
2024-04-12,9.28,sh601398,工商银行
2024-04-15,9.39,sh601398,工商银行
2024-04-16,9.44,sh601398,工商银行
2024-04-17,9.47,sh601398,工商银行
2024-04-18,9.49,sh601398,工商银行
2024-04-19,9.52,sh601398,工商银行
2024-04-22,9.45,sh601398,工商银行
2024-04-23,9.47,sh601398,工商银行
2024-04-24,9.44,sh601398,工商银行
2024-04-25,9.46,sh601398,工商银行
2024-04-26,9.36,sh601398,工商银行
2024-04-29,9.34,sh601398,工商银行
2024-04-30,9.4,sh601398,工商银行
2024-05-06,9.33,sh601398,工商银行
2024-05-07,9.36,sh601398,工商银行
2024-05-08,9.38,sh601398,工商银行
2024-05-09,9.34,sh601398,工商银行
2024-05-10,9.36,sh601398,工商银行
2024-05-13,9.38,sh601398,工商银行
2024-05-14,9.33,sh601398,工商银行
2024-05-15,9.34,sh601398,工商银行
2024-05-16,9.38,sh601398,工商银行
2024-05-17,9.44,sh601398,工商银行
2024-05-20,9.43,sh601398,工商银行
2024-05-21,9.47,sh601398,工商银行
2024-05-22,9.48,sh601398,工商银行
2024-05-23,9.46,sh601398,工商银行
2024-05-24,9.41,sh601398,工商银行
2024-05-27,9.45,sh601398,工商银行
2024-05-28,9.46,sh601398,工商银行
2024-05-29,9.44,sh601398,工商银行
2024-05-30,9.41,sh601398,工商银行
2024-05-31,9.4,sh601398,工商银行
2024-06-03,9.41,sh601398,工商银行
2024-06-04,9.44,sh601398,工商银行
2024-06-05,9.43,sh601398,工商银行
2024-06-06,9.43,sh601398,工商银行
2024-06-07,9.49,sh601398,工商银行
2024-06-11,9.41,sh601398,工商银行
2024-06-12,9.36,sh601398,工商银行
2024-06-13,9.4,sh601398,工商银行
2024-06-14,9.47,sh601398,工商银行
2024-06-17,9.4,sh601398,工商银行
2024-06-18,9.42,sh601398,工商银行
2024-06-19,9.47,sh601398,工商银行
2024-06-20,9.49,sh601398,工商银行
2024-06-21,9.48,sh601398,工商银行
2024-06-24,9.54,sh601398,工商银行
2024-06-25,9.57,sh601398,工商银行
2024-06-26,9.61,sh601398,工商银行
2024-06-27,9.68,sh601398,工商银行
2024-06-28,9.68,sh601398,工商银行
2024-07-01,9.8,sh601398,工商银行
2024-07-02,9.96,sh601398,工商银行
2024-07-03,9.88,sh601398,工商银行
2024-07-04,9.95,sh601398,工商银行
2024-07-05,9.81,sh601398,工商银行
2024-07-08,9.88,sh601398,工商银行
2024-07-09,9.93,sh601398,工商银行
2024-07-10,9.99,sh601398,工商银行
2024-07-11,9.92,sh601398,工商银行
2024-07-12,10.08,sh601398,工商银行
2024-07-15,10.2,sh601398,工商银行
2024-07-16,10.2,sh601398,工商银行
2024-07-17,10.22,sh601398,工商银行
2024-07-18,10.22,sh601398,工商银行
2024-07-19,10.22,sh601398,工商银行
2024-07-22,10.14,sh601398,工商银行
2024-07-23,10.32,sh601398,工商银行
2024-07-24,10.37,sh601398,工商银行
2024-07-25,10.37,sh601398,工商银行
2024-07-26,10.24,sh601398,工商银行
2024-07-29,10.29,sh601398,工商银行
2024-07-30,10.3,sh601398,工商银行
2024-07-31,10.16,sh601398,工商银行
2024-08-01,10.19,sh601398,工商银行
2024-08-02,10.19,sh601398,工商银行
2024-08-05,10.18,sh601398,工商银行
2024-08-06,10.1,sh601398,工商银行
2024-08-07,10.12,sh601398,工商银行
2024-08-08,10.18,sh601398,工商银行
2024-08-09,10.23,sh601398,工商银行
2024-08-12,10.3,sh601398,工商银行
2024-08-13,10.31,sh601398,工商银行
2024-08-14,10.33,sh601398,工商银行
2024-08-15,10.36,sh601398,工商银行
2024-08-16,10.46,sh601398,工商银行
2024-08-19,10.59,sh601398,工商银行
2024-08-20,10.72,sh601398,工商银行
2024-08-21,10.63,sh601398,工商银行
2024-08-22,10.75,sh601398,工商银行
2024-08-23,10.79,sh601398,工商银行
2024-08-26,10.76,sh601398,工商银行
2024-08-27,10.87,sh601398,工商银行
2024-08-28,10.82,sh601398,工商银行
2024-08-29,10.54,sh601398,工商银行
2024-08-30,10.29,sh601398,工商银行
2024-09-02,10.25,sh601398,工商银行
2024-09-03,10.06,sh601398,工商银行
2024-09-04,10.01,sh601398,工商银行
2024-09-05,9.93,sh601398,工商银行
2024-09-06,9.94,sh601398,工商银行
2024-09-09,9.9,sh601398,工商银行
2024-09-10,9.97,sh601398,工商银行
2024-09-11,9.83,sh601398,工商银行
2024-09-12,9.83,sh601398,工商银行
2024-09-13,9.85,sh601398,工商银行
2024-09-18,9.98,sh601398,工商银行
2024-09-19,9.95,sh601398,工商银行
2024-09-20,9.97,sh601398,工商银行
2024-09-23,10.02,sh601398,工商银行
2024-09-24,10.31,sh601398,工商银行
2024-09-25,10.35,sh601398,工商银行
2024-09-26,10.52,sh601398,工商银行
2024-09-27,10.32,sh601398,工商银行
2024-09-30,10.5,sh601398,工商银行
2024-10-08,10.44,sh601398,工商银行
2024-10-09,10.35,sh601398,工商银行
2024-10-10,10.59,sh601398,工商银行
2024-10-11,10.59,sh601398,工商银行
2024-10-14,10.8,sh601398,工商银行
2024-10-15,10.58,sh601398,工商银行
2024-10-16,10.69,sh601398,工商银行
2024-10-17,10.61,sh601398,工商银行
2024-10-18,10.65,sh601398,工商银行
2024-10-21,10.48,sh601398,工商银行
2024-10-22,10.46,sh601398,工商银行
2024-10-23,10.46,sh601398,工商银行
2024-10-24,10.48,sh601398,工商银行
2024-10-25,10.44,sh601398,工商银行
2024-10-28,10.38,sh601398,工商银行
2024-10-29,10.37,sh601398,工商银行
2024-10-30,10.32,sh601398,工商银行
2024-10-31,10.35,sh601398,工商银行
2024-11-01,10.47,sh601398,工商银行
2024-11-04,10.45,sh601398,工商银行
2024-11-05,10.47,sh601398,工商银行
2024-11-06,10.41,sh601398,工商银行
2024-11-07,10.47,sh601398,工商银行
2024-11-08,10.43,sh601398,工商银行
2024-11-11,10.35,sh601398,工商银行
2024-11-12,10.31,sh601398,工商银行
2024-11-13,10.35,sh601398,工商银行
2024-11-14,10.38,sh601398,工商银行
2024-11-15,10.36,sh601398,工商银行
2024-11-18,10.51,sh601398,工商银行
2024-11-19,10.47,sh601398,工商银行
2024-11-20,10.46,sh601398,工商银行
2024-11-21,10.45,sh601398,工商银行
2024-11-22,10.36,sh601398,工商银行
2024-11-25,10.38,sh601398,工商银行
2024-11-26,10.48,sh601398,工商银行
2024-11-27,10.52,sh601398,工商银行
2024-11-28,10.51,sh601398,工商银行
2024-11-29,10.47,sh601398,工商银行
2024-12-02,10.45,sh601398,工商银行
2024-12-03,10.53,sh601398,工商银行
2024-12-04,10.58,sh601398,工商银行
2024-12-05,10.58,sh601398,工商银行
2024-12-06,10.65,sh601398,工商银行
2024-12-09,10.65,sh601398,工商银行
2024-12-10,10.75,sh601398,工商银行
2024-12-11,10.64,sh601398,工商银行
2024-12-12,10.75,sh601398,工商银行
2024-12-13,10.72,sh601398,工商银行
2024-12-16,10.87,sh601398,工商银行
2024-12-17,10.84,sh601398,工商银行
2024-12-18,10.93,sh601398,工商银行
2024-12-19,10.82,sh601398,工商银行
2024-12-20,10.87,sh601398,工商银行
2024-12-23,11.04,sh601398,工商银行
2024-12-24,11.13,sh601398,工商银行
2024-12-25,11.29,sh601398,工商银行
2024-12-26,11.28,sh601398,工商银行
2024-12-27,11.27,sh601398,工商银行
2024-12-30,11.3,sh601398,工商银行
2024-12-31,11.27,sh601398,工商银行
2025-01-02,11.15,sh601398,工商银行
2025-01-03,11.05,sh601398,工商银行
2025-01-06,11.1,sh601398,工商银行
2025-01-07,11.18,sh601398,工商银行
2025-01-08,11.26,sh601398,工商银行
2025-01-09,11.2,sh601398,工商银行
2025-01-10,11.16,sh601398,工商银行
2025-01-13,11.09,sh601398,工商银行
2025-01-14,11.1,sh601398,工商银行
2025-01-15,11.12,sh601398,工商银行
2025-01-16,11.17,sh601398,工商银行
2025-01-17,11.1,sh601398,工商银行
2025-01-20,11.06,sh601398,工商银行
2025-01-21,11.04,sh601398,工商银行
2025-01-22,10.92,sh601398,工商银行
2025-01-23,11.15,sh601398,工商银行
2025-01-24,11.16,sh601398,工商银行
2025-01-27,11.32,sh601398,工商银行
2025-02-05,11.18,sh601398,工商银行
2025-02-06,11.18,sh601398,工商银行
2025-02-07,11.18,sh601398,工商银行
2025-02-10,11.16,sh601398,工商银行
2025-02-11,11.32,sh601398,工商银行
2025-02-12,11.4,sh601398,工商银行
2025-02-13,11.46,sh601398,工商银行
2025-02-14,11.5,sh601398,工商银行
2025-02-17,11.46,sh601398,工商银行
2025-02-18,11.6,sh601398,工商银行
2025-02-19,11.56,sh601398,工商银行
2025-02-20,11.59,sh601398,工商银行
2025-02-21,11.43,sh601398,工商银行
2025-02-24,11.39,sh601398,工商银行
2025-02-25,11.36,sh601398,工商银行
2025-02-26,11.38,sh601398,工商银行
2025-02-27,11.43,sh601398,工商银行
2025-02-28,11.37,sh601398,工商银行
2025-03-03,11.35,sh601398,工商银行
2025-03-04,11.28,sh601398,工商银行
2025-03-05,11.37,sh601398,工商银行
2025-03-06,11.33,sh601398,工商银行
2025-03-07,11.3,sh601398,工商银行
2025-03-10,11.23,sh601398,工商银行
2025-03-11,11.28,sh601398,工商银行
2025-03-12,11.21,sh601398,工商银行
2025-03-13,11.22,sh601398,工商银行
2025-03-14,11.25,sh601398,工商银行
2025-03-17,11.31,sh601398,工商银行
2025-03-18,11.3,sh601398,工商银行
2025-03-19,11.37,sh601398,工商银行
2025-03-20,11.34,sh601398,工商银行
2025-03-21,11.26,sh601398,工商银行
2025-03-24,11.32,sh601398,工商银行
2025-03-25,11.35,sh601398,工商银行
2025-03-26,11.33,sh601398,工商银行
2025-03-27,11.37,sh601398,工商银行
2025-03-28,11.38,sh601398,工商银行
2025-03-31,11.39,sh601398,工商银行
2025-04-01,11.3,sh601398,工商银行
2025-04-02,11.35,sh601398,工商银行
2025-04-03,11.39,sh601398,工商银行
2025-04-07,11.26,sh601398,工商银行
2025-04-08,11.32,sh601398,工商银行
2025-04-09,11.3,sh601398,工商银行
2025-04-10,11.25,sh601398,工商银行
2025-04-11,11.3,sh601398,工商银行
2025-04-14,11.37,sh601398,工商银行
2025-04-15,11.46,sh601398,工商银行
2025-04-16,11.57,sh601398,工商银行
2025-04-17,11.56,sh601398,工商银行
2025-04-18,11.65,sh601398,工商银行
2025-04-21,11.56,sh601398,工商银行
2025-04-22,11.66,sh601398,工商银行
2025-04-23,11.62,sh601398,工商银行
2025-04-24,11.76,sh601398,工商银行
2025-04-25,11.73,sh601398,工商银行
2025-04-28,11.81,sh601398,工商银行
2025-04-29,11.79,sh601398,工商银行
2025-04-30,11.52,sh601398,工商银行
2025-05-06,11.49,sh601398,工商银行
2025-05-07,11.62,sh601398,工商银行
2025-05-08,11.62,sh601398,工商银行
2025-05-09,11.68,sh601398,工商银行
2025-05-12,11.67,sh601398,工商银行
2025-05-13,11.75,sh601398,工商银行
2025-05-14,11.75,sh601398,工商银行
2025-05-15,11.79,sh601398,工商银行
2025-05-16,11.67,sh601398,工商银行
2025-05-19,11.63,sh601398,工商银行
2025-05-20,11.64,sh601398,工商银行
2025-05-21,11.65,sh601398,工商银行
2025-05-22,11.63,sh601398,工商银行
2025-05-23,11.59,sh601398,工商银行
2025-05-26,11.56,sh601398,工商银行
2025-05-27,11.57,sh601398,工商银行
2025-05-28,11.56,sh601398,工商银行
2025-05-29,11.55,sh601398,工商银行
2025-05-30,11.58,sh601398,工商银行
2025-06-03,11.62,sh601398,工商银行
2025-06-04,11.59,sh601398,工商银行
2025-06-05,11.6,sh601398,工商银行
2025-06-06,11.61,sh601398,工商银行
2025-06-09,11.59,sh601398,工商银行
2025-06-10,11.61,sh601398,工商银行
2025-06-11,11.63,sh601398,工商银行
2025-06-12,11.62,sh601398,工商银行
2025-06-13,11.6,sh601398,工商银行
2025-06-16,11.65,sh601398,工商银行
2025-06-17,11.68,sh601398,工商银行
2025-06-18,11.77,sh601398,工商银行
2025-06-19,11.82,sh601398,工商银行
2025-06-20,11.89,sh601398,工商银行
2025-06-23,12.05,sh601398,工商银行
2025-06-24,12.16,sh601398,工商银行
2025-06-25,12.21,sh601398,工商银行
2025-06-26,12.26,sh601398,工商银行
2025-06-27,12.03,sh601398,工商银行
2025-06-30,12.12,sh601398,工商银行
2025-07-01,12.2,sh601398,工商银行
2025-07-02,12.22,sh601398,工商银行
2025-07-03,12.18,sh601398,工商银行
2025-07-04,12.29,sh601398,工商银行
2025-07-07,12.27,sh601398,工商银行
2025-07-08,12.3,sh601398,工商银行
2025-07-09,12.39,sh601398,工商银行
2025-07-10,12.64,sh601398,工商银行
2025-07-11,12.56,sh601398,工商银行
2025-07-14,12.56,sh601398,工商银行
2025-07-15,12.51,sh601398,工商银行
2025-07-16,12.51,sh601398,工商银行
2025-07-17,12.46,sh601398,工商银行
2025-07-18,12.48,sh601398,工商银行
2025-07-21,12.41,sh601398,工商银行
2025-07-22,12.31,sh601398,工商银行
2025-07-23,12.36,sh601398,工商银行
2025-07-24,12.25,sh601398,工商银行
2025-07-25,12.19,sh601398,工商银行
2025-07-28,12.19,sh601398,工商银行
2025-07-29,12.13,sh601398,工商银行
2025-07-30,12.19,sh601398,工商银行
2025-07-31,12.26,sh601398,工商银行
2025-08-01,12.33,sh601398,工商银行
2025-08-04,12.39,sh601398,工商银行
2025-08-05,12.47,sh601398,工商银行
2025-08-06,12.47,sh601398,工商银行
2025-08-07,12.56,sh601398,工商银行
2025-08-08,12.5,sh601398,工商银行
2025-08-11,12.41,sh601398,工商银行
2025-08-12,12.49,sh601398,工商银行
2025-08-13,12.41,sh601398,工商银行
2025-08-14,12.4,sh601398,工商银行
2025-08-15,12.25,sh601398,工商银行
2025-08-18,12.23,sh601398,工商银行
2025-08-19,12.27,sh601398,工商银行
2025-08-20,12.27,sh601398,工商银行
2025-08-21,12.31,sh601398,工商银行
2025-08-22,12.34,sh601398,工商银行
2025-08-25,12.29,sh601398,工商银行
2025-08-26,12.25,sh601398,工商银行
2025-08-27,12.11,sh601398,工商银行
2025-08-28,12.08,sh601398,工商银行
2025-08-29,12.13,sh601398,工商银行
2025-09-01,12.08,sh601398,工商银行
2025-09-02,12.27,sh601398,工商银行
2025-09-03,12.14,sh601398,工商银行
2025-09-04,12.24,sh601398,工商银行
2025-09-05,12.14,sh601398,工商银行
2025-09-08,12.1,sh601398,工商银行
2025-09-09,12.13,sh601398,工商银行
2025-09-10,12.17,sh601398,工商银行
2025-09-11,12.21,sh601398,工商银行
2025-09-12,12.18,sh601398,工商银行
2025-09-15,12.13,sh601398,工商银行
2025-09-16,12.15,sh601398,工商银行
2025-09-17,12.16,sh601398,工商银行
2025-09-18,11.98,sh601398,工商银行
2025-09-19,11.89,sh601398,工商银行
2025-09-22,11.87,sh601398,工商银行
2025-09-23,12.1,sh601398,工商银行
2025-09-24,12.17,sh601398,工商银行
2025-09-25,12.08,sh601398,工商银行
2025-09-26,12.11,sh601398,工商银行
2025-09-29,12.02,sh601398,工商银行
2025-09-30,11.99,sh601398,工商银行
2025-10-09,12.0,sh601398,工商银行
2025-10-10,12.0,sh601398,工商银行
2025-10-13,11.96,sh601398,工商银行
2025-10-14,12.2,sh601398,工商银行
2025-10-15,12.16,sh601398,工商银行
2025-10-16,12.34,sh601398,工商银行
2025-10-17,12.33,sh601398,工商银行
2025-10-20,12.32,sh601398,工商银行
2025-10-21,12.35,sh601398,工商银行
2025-10-22,12.47,sh601398,工商银行
2025-10-23,12.56,sh601398,工商银行
2025-10-24,12.56,sh601398,工商银行
2025-10-27,12.63,sh601398,工商银行
2025-10-28,12.71,sh601398,工商银行
2025-10-29,12.55,sh601398,工商银行
2025-10-30,12.56,sh601398,工商银行
2025-10-31,12.49,sh601398,工商银行
2025-11-03,12.62,sh601398,工商银行
2025-11-04,12.86,sh601398,工商银行
2025-11-05,12.87,sh601398,工商银行
2025-11-06,12.82,sh601398,工商银行
2025-11-07,12.78,sh601398,工商银行
2025-11-10,12.85,sh601398,工商银行
2025-11-11,12.89,sh601398,工商银行
2025-11-12,12.92,sh601398,工商银行
2025-11-13,12.94,sh601398,工商银行
2025-11-14,12.98,sh601398,工商银行
2025-11-17,12.9,sh601398,工商银行
2025-11-18,12.93,sh601398,工商银行
2025-11-19,12.96,sh601398,工商银行
2025-11-20,13.01,sh601398,工商银行
2025-11-21,12.98,sh601398,工商银行
2025-11-24,12.93,sh601398,工商银行
2025-11-25,13.05,sh601398,工商银行
2025-11-26,12.89,sh601398,工商银行
2025-11-27,12.89,sh601398,工商银行
2025-11-28,12.84,sh601398,工商银行
2025-12-01,12.82,sh601398,工商银行
2025-12-02,12.82,sh601398,工商银行
2025-12-03,12.78,sh601398,工商银行
2025-12-04,12.78,sh601398,工商银行
2025-12-05,12.71,sh601398,工商银行
2025-12-08,12.71,sh601398,工商银行
2025-12-09,12.83,sh601398,工商银行
2025-12-10,12.66,sh601398,工商银行
2025-12-11,12.72,sh601398,工商银行
2025-12-12,12.69,sh601398,工商银行
2025-12-15,12.67,sh601398,工商银行
2025-12-16,12.65,sh601398,工商银行
2025-12-17,12.67,sh601398,工商银行
2025-12-18,12.86,sh601398,工商银行
2025-12-19,12.75,sh601398,工商银行
2025-12-22,12.76,sh601398,工商银行
2025-12-23,12.79,sh601398,工商银行
2025-12-24,12.78,sh601398,工商银行
2025-12-25,12.72,sh601398,工商银行
2025-12-26,12.67,sh601398,工商银行
2025-12-29,12.74,sh601398,工商银行
2025-12-30,12.71,sh601398,工商银行
2025-12-31,12.8,sh601398,工商银行
2018-01-02,4161.65,sh600519,贵州茅台
2018-01-03,4229.24,sh600519,贵州茅台
2018-01-04,4348.6,sh600519,贵州茅台
2018-01-05,4355.86,sh600519,贵州茅台
2018-01-08,4433.36,sh600519,贵州茅台
2018-01-09,4604.38,sh600519,贵州茅台
2018-01-10,4622.34,sh600519,贵州茅台
2018-01-11,4560.99,sh600519,贵州茅台
2018-01-12,4637.59,sh600519,贵州茅台
2018-01-15,4620.42,sh600519,贵州茅台
2018-01-16,4550.47,sh600519,贵州茅台
2018-01-17,4409.72,sh600519,贵州茅台
2018-01-18,4425.53,sh600519,贵州茅台
2018-01-19,4422.38,sh600519,贵州茅台
2018-01-22,4554.41,sh600519,贵州茅台
2018-01-23,4555.2,sh600519,贵州茅台
2018-01-24,4502.75,sh600519,贵州茅台
2018-01-25,4529.2,sh600519,贵州茅台
2018-01-26,4574.56,sh600519,贵州茅台
2018-01-29,4344.38,sh600519,贵州茅台
2018-01-30,4376.8,sh600519,贵州茅台
2018-01-31,4503.2,sh600519,贵州茅台
2018-02-01,4464.87,sh600519,贵州茅台
2018-02-02,4367.34,sh600519,贵州茅台
2018-02-05,4242.58,sh600519,贵州茅台
2018-02-06,4189.84,sh600519,贵州茅台
2018-02-07,4046.73,sh600519,贵州茅台
2018-02-08,4145.55,sh600519,贵州茅台
2018-02-09,4046.73,sh600519,贵州茅台
2018-02-12,4125.8,sh600519,贵州茅台
2018-02-13,4207.4,sh600519,贵州茅台
2018-02-14,4243.81,sh600519,贵州茅台
2018-02-22,4378.88,sh600519,贵州茅台
2018-02-23,4379.05,sh600519,贵州茅台
2018-02-26,4384.85,sh600519,贵州茅台
2018-02-27,4353.72,sh600519,贵州茅台
2018-02-28,4284.16,sh600519,贵州茅台
2018-03-01,4376.18,sh600519,贵州茅台
2018-03-02,4344.89,sh600519,贵州茅台
2018-03-05,4253.16,sh600519,贵州茅台
2018-03-06,4242.74,sh600519,贵州茅台
2018-03-07,4196.48,sh600519,贵州茅台
2018-03-08,4268.07,sh600519,贵州茅台
2018-03-09,4298.68,sh600519,贵州茅台
2018-03-12,4274.77,sh600519,贵州茅台
2018-03-13,4198.23,sh600519,贵州茅台
2018-03-14,4291.26,sh600519,贵州茅台
2018-03-15,4401.5,sh600519,贵州茅台
2018-03-16,4364.25,sh600519,贵州茅台
2018-03-19,4440.95,sh600519,贵州茅台
2018-03-20,4408.59,sh600519,贵州茅台
2018-03-21,4376.35,sh600519,贵州茅台
2018-03-22,4286.75,sh600519,贵州茅台
2018-03-23,4202.22,sh600519,贵州茅台
2018-03-26,4215.9,sh600519,贵州茅台
2018-03-27,4222.93,sh600519,贵州茅台
2018-03-28,4038.96,sh600519,贵州茅台
2018-03-29,4078.64,sh600519,贵州茅台
2018-03-30,4047.8,sh600519,贵州茅台
2018-04-02,4027.76,sh600519,贵州茅台
2018-04-03,4015.66,sh600519,贵州茅台
2018-04-04,4106.27,sh600519,贵州茅台
2018-04-09,4130.41,sh600519,贵州茅台
2018-04-10,4185.12,sh600519,贵州茅台
2018-04-11,4170.15,sh600519,贵州茅台
2018-04-12,4107.34,sh600519,贵州茅台
2018-04-13,4066.03,sh600519,贵州茅台
2018-04-16,4035.19,sh600519,贵州茅台
2018-04-17,3949.76,sh600519,贵州茅台
2018-04-18,3890.33,sh600519,贵州茅台
2018-04-19,4027.2,sh600519,贵州茅台
2018-04-20,3972.61,sh600519,贵州茅台
2018-04-23,3993.72,sh600519,贵州茅台
2018-04-24,4083.03,sh600519,贵州茅台
2018-04-25,4089.16,sh600519,贵州茅台
2018-04-26,4017.46,sh600519,贵州茅台
2018-04-27,3929.11,sh600519,贵州茅台
2018-05-02,3958.94,sh600519,贵州茅台
2018-05-03,3976.1,sh600519,贵州茅台
2018-05-04,3931.02,sh600519,贵州茅台
2018-05-07,4129.68,sh600519,贵州茅台
2018-05-08,4189.67,sh600519,贵州茅台
2018-05-09,4150.96,sh600519,贵州茅台
2018-05-10,4219.84,sh600519,贵州茅台
2018-05-11,4241.39,sh600519,贵州茅台
2018-05-14,4378.65,sh600519,贵州茅台
2018-05-15,4382.31,sh600519,贵州茅台
2018-05-16,4334.25,sh600519,贵州茅台
2018-05-17,4294.07,sh600519,贵州茅台
2018-05-18,4361.26,sh600519,贵州茅台
2018-05-21,4335.94,sh600519,贵州茅台
2018-05-22,4362.67,sh600519,贵州茅台
2018-05-23,4273.81,sh600519,贵州茅台
2018-05-24,4226.65,sh600519,贵州茅台
2018-05-25,4234.87,sh600519,贵州茅台
2018-05-28,4367.34,sh600519,贵州茅台
2018-05-29,4316.86,sh600519,贵州茅台
2018-05-30,4285.57,sh600519,贵州茅台
2018-05-31,4427.73,sh600519,贵州茅台
2018-06-01,4393.85,sh600519,贵州茅台
2018-06-04,4601.29,sh600519,贵州茅台
2018-06-05,4635.51,sh600519,贵州茅台
2018-06-06,4622.56,sh600519,贵州茅台
2018-06-07,4595.66,sh600519,贵州茅台
2018-06-08,4578.67,sh600519,贵州茅台
2018-06-11,4566.17,sh600519,贵州茅台
2018-06-12,4698.2,sh600519,贵州茅台
2018-06-13,4648.34,sh600519,贵州茅台
2018-06-14,4624.7,sh600519,贵州茅台
2018-06-15,4614.56,sh600519,贵州茅台
2018-06-19,4415.74,sh600519,贵州茅台
2018-06-20,4559.75,sh600519,贵州茅台
2018-06-21,4535.72,sh600519,贵州茅台
2018-06-22,4576.3,sh600519,贵州茅台
2018-06-25,4570.84,sh600519,贵州茅台
2018-06-26,4510.28,sh600519,贵州茅台
2018-06-27,4328.17,sh600519,贵州茅台
2018-06-28,4263.39,sh600519,贵州茅台
2018-06-29,4378.93,sh600519,贵州茅台
2018-07-02,4266.88,sh600519,贵州茅台
2018-07-03,4173.29,sh600519,贵州茅台
2018-07-04,4150.72,sh600519,贵州茅台
2018-07-05,4215.33,sh600519,贵州茅台
2018-07-06,4281.34,sh600519,贵州茅台
2018-07-09,4355.18,sh600519,贵州茅台
2018-07-10,4346.85,sh600519,贵州茅台
2018-07-11,4312.07,sh600519,贵州茅台
2018-07-12,4413.15,sh600519,贵州茅台
2018-07-13,4466.33,sh600519,贵州茅台
2018-07-16,4509.61,sh600519,贵州茅台
2018-07-17,4440.67,sh600519,贵州茅台
2018-07-18,4412.58,sh600519,贵州茅台
2018-07-19,4432.34,sh600519,贵州茅台
2018-07-20,4433.35,sh600519,贵州茅台
2018-07-23,4382.36,sh600519,贵州茅台
2018-07-24,4457.38,sh600519,贵州茅台
2018-07-25,4448.43,sh600519,贵州茅台
2018-07-26,4402.34,sh600519,贵州茅台
2018-07-27,4418.89,sh600519,贵州茅台
2018-07-30,4309.99,sh600519,贵州茅台
2018-07-31,4350.68,sh600519,贵州茅台
2018-08-01,4285.96,sh600519,贵州茅台
2018-08-02,4178.47,sh600519,贵州茅台
2018-08-03,4083.64,sh600519,贵州茅台
2018-08-06,4031.25,sh600519,贵州茅台
2018-08-07,4124.67,sh600519,贵州茅台
2018-08-08,4068.05,sh600519,贵州茅台
2018-08-09,4156.18,sh600519,贵州茅台
2018-08-10,4129.73,sh600519,贵州茅台
2018-08-13,4084.94,sh600519,贵州茅台
2018-08-14,4090.06,sh600519,贵州茅台
2018-08-15,3992.53,sh600519,贵州茅台
2018-08-16,3911.71,sh600519,贵州茅台
2018-08-17,3835.29,sh600519,贵州茅台
2018-08-20,3891.17,sh600519,贵州茅台
2018-08-21,4041.43,sh600519,贵州茅台
2018-08-22,4020.1,sh600519,贵州茅台
2018-08-23,4034.23,sh600519,贵州茅台
2018-08-24,3978.46,sh600519,贵州茅台
2018-08-27,4130.41,sh600519,贵州茅台
2018-08-28,4094.95,sh600519,贵州茅台
2018-08-29,4122.25,sh600519,贵州茅台
2018-08-30,4091.58,sh600519,贵州茅台
2018-08-31,3972.21,sh600519,贵州茅台
2018-09-03,4011.72,sh600519,贵州茅台
2018-09-04,4061.41,sh600519,贵州茅台
2018-09-05,3964.33,sh600519,贵州茅台
2018-09-06,3886.73,sh600519,贵州茅台
2018-09-07,3925.95,sh600519,贵州茅台
2018-09-10,3891.23,sh600519,贵州茅台
2018-09-11,3897.98,sh600519,贵州茅台
2018-09-12,3807.94,sh600519,贵州茅台
2018-09-13,3819.08,sh600519,贵州茅台
2018-09-14,3880.54,sh600519,贵州茅台
2018-09-17,3896.91,sh600519,贵州茅台
2018-09-18,4014.48,sh600519,贵州茅台
2018-09-19,4097.32,sh600519,贵州茅台
2018-09-20,4081.17,sh600519,贵州茅台
2018-09-21,4201.94,sh600519,贵州茅台
2018-09-25,4185.11,sh600519,贵州茅台
2018-09-26,4342.18,sh600519,贵州茅台
2018-09-27,4336.95,sh600519,贵州茅台
2018-09-28,4370.71,sh600519,贵州茅台
2018-10-08,4123.94,sh600519,贵州茅台
2018-10-09,4173.74,sh600519,贵州茅台
2018-10-10,4038.23,sh600519,贵州茅台
2018-10-11,3892.3,sh600519,贵州茅台
2018-10-12,4021.79,sh600519,贵州茅台
2018-10-15,4015.6,sh600519,贵州茅台
2018-10-16,4016.95,sh600519,贵州茅台
2018-10-17,4008.96,sh600519,贵州茅台
2018-10-18,3897.64,sh600519,贵州茅台
2018-10-19,4033.05,sh600519,贵州茅台
2018-10-22,4162.49,sh600519,贵州茅台
2018-10-23,3874.01,sh600519,贵州茅台
2018-10-24,3847.28,sh600519,贵州茅台
2018-10-25,3746.03,sh600519,贵州茅台
2018-10-26,3695.94,sh600519,贵州茅台
2018-10-29,3352.59,sh600519,贵州茅台
2018-10-30,3211.39,sh600519,贵州茅台
2018-10-31,3351.53,sh600519,贵州茅台
2018-11-01,3430.88,sh600519,贵州茅台
2018-11-02,3638.54,sh600519,贵州茅台
2018-11-05,3502.91,sh600519,贵州茅台
2018-11-06,3447.76,sh600519,贵州茅台
2018-11-07,3450.01,sh600519,贵州茅台
2018-11-08,3472.18,sh600519,贵州茅台
2018-11-09,3425.25,sh600519,贵州茅台
2018-11-12,3368.97,sh600519,贵州茅台
2018-11-13,3470.27,sh600519,贵州茅台
2018-11-14,3386.42,sh600519,贵州茅台
2018-11-15,3412.31,sh600519,贵州茅台
2018-11-16,3413.99,sh600519,贵州茅台
2018-11-19,3464.76,sh600519,贵州茅台
2018-11-20,3423.0,sh600519,贵州茅台
2018-11-21,3440.44,sh600519,贵州茅台
2018-11-22,3439.32,sh600519,贵州茅台
2018-11-23,3396.55,sh600519,贵州茅台
2018-11-26,3369.59,sh600519,贵州茅台
2018-11-27,3347.02,sh600519,贵州茅台
2018-11-28,3397.11,sh600519,贵州茅台
2018-11-29,3366.72,sh600519,贵州茅台
2018-11-30,3442.13,sh600519,贵州茅台
2018-12-03,3645.86,sh600519,贵州茅台
2018-12-04,3651.65,sh600519,贵州茅台
2018-12-05,3695.94,sh600519,贵州茅台
2018-12-06,3592.96,sh600519,贵州茅台
2018-12-07,3565.94,sh600519,贵州茅台
2018-12-10,3510.96,sh600519,贵州茅台
2018-12-11,3543.38,sh600519,贵州茅台
2018-12-12,3577.2,sh600519,贵州茅台
2018-12-13,3648.95,sh600519,贵州茅台
2018-12-14,3599.48,sh600519,贵州茅台
2018-12-17,3585.75,sh600519,贵州茅台
2018-12-18,3588.12,sh600519,贵州茅台
2018-12-19,3514.17,sh600519,贵州茅台
2018-12-20,3495.6,sh600519,贵州茅台
2018-12-21,3455.7,sh600519,贵州茅台
2018-12-24,3459.02,sh600519,贵州茅台
2018-12-25,3446.58,sh600519,贵州茅台
2018-12-26,3414.44,sh600519,贵州茅台
2018-12-27,3430.88,sh600519,贵州茅台
2018-12-28,3582.88,sh600519,贵州茅台
2019-01-02,3633.36,sh600519,贵州茅台
2019-01-03,3582.83,sh600519,贵州茅台
2019-01-04,3650.36,sh600519,贵州茅台
2019-01-07,3670.0,sh600519,贵州茅台
2019-01-08,3666.06,sh600519,贵州茅台
2019-01-09,3729.82,sh600519,贵州茅台
2019-01-10,3744.74,sh600519,贵州茅台
2019-01-11,3841.03,sh600519,贵州茅台
2019-01-14,3777.55,sh600519,贵州茅台
2019-01-15,3976.66,sh600519,贵州茅台
2019-01-16,3982.96,sh600519,贵州茅台
2019-01-17,3972.55,sh600519,贵州茅台
2019-01-18,4109.64,sh600519,贵州茅台
2019-01-21,4128.61,sh600519,贵州茅台
2019-01-22,4038.68,sh600519,贵州茅台
2019-01-23,4008.62,sh600519,贵州茅台
2019-01-24,4047.12,sh600519,贵州茅台
2019-01-25,4087.64,sh600519,贵州茅台
2019-01-28,4072.44,sh600519,贵州茅台
2019-01-29,4117.46,sh600519,贵州茅台
2019-01-30,4066.81,sh600519,贵州茅台
2019-01-31,4143.35,sh600519,贵州茅台
2019-02-01,4160.63,sh600519,贵州茅台
2019-02-11,4344.26,sh600519,贵州茅台
2019-02-12,4302.73,sh600519,贵州茅台
2019-02-13,4400.26,sh600519,贵州茅台
2019-02-14,4411.01,sh600519,贵州茅台
2019-02-15,4341.34,sh600519,贵州茅台
2019-02-18,4426.99,sh600519,贵州茅台
2019-02-19,4374.99,sh600519,贵州茅台
2019-02-20,4325.69,sh600519,贵州茅台
2019-02-21,4315.84,sh600519,贵州茅台
2019-02-22,4348.26,sh600519,贵州茅台
2019-02-25,4440.1,sh600519,贵州茅台
2019-02-26,4355.8,sh600519,贵州茅台
2019-02-27,4430.93,sh600519,贵州茅台
2019-02-28,4511.46,sh600519,贵州茅台
2019-03-01,4704.44,sh600519,贵州茅台
2019-03-04,4662.57,sh600519,贵州茅台
2019-03-05,4650.86,sh600519,贵州茅台
2019-03-06,4584.57,sh600519,贵州茅台
2019-03-07,4475.39,sh600519,贵州茅台
2019-03-08,4412.92,sh600519,贵州茅台
2019-03-11,4531.33,sh600519,贵州茅台
2019-03-12,4455.19,sh600519,贵州茅台
2019-03-13,4505.78,sh600519,贵州茅台
2019-03-14,4640.85,sh600519,贵州茅台
2019-03-15,4636.91,sh600519,贵州茅台
2019-03-18,4821.44,sh600519,贵州茅台
2019-03-19,4723.07,sh600519,贵州茅台
2019-03-20,4724.14,sh600519,贵州茅台
2019-03-21,4684.46,sh600519,贵州茅台
2019-03-22,4730.89,sh600519,贵州茅台
2019-03-25,4627.34,sh600519,贵州茅台
2019-03-26,4612.71,sh600519,贵州茅台
2019-03-27,4699.94,sh600519,贵州茅台
2019-03-28,4802.93,sh600519,贵州茅台
2019-03-29,5068.5,sh600519,贵州茅台
2019-04-01,5096.7,sh600519,贵州茅台
2019-04-02,5046.05,sh600519,贵州茅台
2019-04-03,5015.09,sh600519,贵州茅台
2019-04-04,5130.46,sh600519,贵州茅台
2019-04-08,5328.56,sh600519,贵州茅台
2019-04-09,5355.57,sh600519,贵州茅台
2019-04-10,5597.51,sh600519,贵州茅台
2019-04-11,5469.25,sh600519,贵州茅台
2019-04-12,5406.22,sh600519,贵州茅台
2019-04-15,5366.83,sh600519,贵州茅台
2019-04-16,5551.98,sh600519,贵州茅台
2019-04-17,5620.08,sh600519,贵州茅台
2019-04-18,5583.5,sh600519,贵州茅台
2019-04-19,5623.23,sh600519,贵州茅台
2019-04-22,5604.32,sh600519,贵州茅台
2019-04-23,5749.23,sh600519,贵州茅台
2019-04-24,5721.38,sh600519,贵州茅台
2019-04-25,5622.16,sh600519,贵州茅台
2019-04-26,5580.68,sh600519,贵州茅台
2019-04-29,5732.46,sh600519,贵州茅台
2019-04-30,5743.89,sh600519,贵州茅台
2019-05-06,5361.2,sh600519,贵州茅台
2019-05-07,5271.16,sh600519,贵州茅台
2019-05-08,5239.64,sh600519,贵州茅台
2019-05-09,5095.63,sh600519,贵州茅台
2019-05-10,5367.5,sh600519,贵州茅台
2019-05-13,5282.41,sh600519,贵州茅台
2019-05-14,5251.85,sh600519,贵州茅台
2019-05-15,5479.38,sh600519,贵州茅台
2019-05-16,5495.76,sh600519,贵州茅台
2019-05-17,5365.65,sh600519,贵州茅台
2019-05-20,5242.79,sh600519,贵州茅台
2019-05-21,5299.29,sh600519,贵州茅台
2019-05-22,5259.9,sh600519,贵州茅台
2019-05-23,5107.95,sh600519,贵州茅台
2019-05-24,5206.44,sh600519,贵州茅台
2019-05-27,5209.25,sh600519,贵州茅台
2019-05-28,5259.9,sh600519,贵州茅台
2019-05-29,5394.46,sh600519,贵州茅台
2019-05-30,5357.26,sh600519,贵州茅台
2019-05-31,5271.16,sh600519,贵州茅台
2019-06-03,5282.41,sh600519,贵州茅台
2019-06-04,5188.43,sh600519,贵州茅台
2019-06-05,5167.61,sh600519,贵州茅台
2019-06-06,5114.31,sh600519,贵州茅台
2019-06-10,5164.68,sh600519,贵州茅台
2019-06-11,5388.72,sh600519,贵州茅台
2019-06-12,5365.14,sh600519,贵州茅台
2019-06-13,5383.71,sh600519,贵州茅台
2019-06-14,5400.59,sh600519,贵州茅台
2019-06-17,5392.72,sh600519,贵州茅台
2019-06-18,5423.11,sh600519,贵州茅台
2019-06-19,5507.58,sh600519,贵州茅台
2019-06-20,5749.52,sh600519,贵州茅台
2019-06-21,5756.83,sh600519,贵州茅台
2019-06-24,5817.61,sh600519,贵州茅台
2019-06-25,5794.43,sh600519,贵州茅台
2019-06-26,5776.87,sh600519,贵州茅台
2019-06-27,5869.67,sh600519,贵州茅台
2019-06-28,5881.99,sh600519,贵州茅台
2019-07-01,6151.33,sh600519,贵州茅台
2019-07-02,6112.73,sh600519,贵州茅台
2019-07-03,5903.94,sh600519,贵州茅台
2019-07-04,5866.23,sh600519,贵州茅台
2019-07-05,5971.02,sh600519,贵州茅台
2019-07-08,5886.83,sh600519,贵州茅台
2019-07-09,5837.3,sh600519,贵州茅台
2019-07-10,5873.66,sh600519,贵州茅台
2019-07-11,5867.92,sh600519,贵州茅台
2019-07-12,5893.75,sh600519,贵州茅台
2019-07-15,5836.57,sh600519,贵州茅台
2019-07-16,5791.94,sh600519,贵州茅台
2019-07-17,5766.62,sh600519,贵州茅台
2019-07-18,5676.57,sh600519,贵州茅台
2019-07-19,5723.68,sh600519,贵州茅台
2019-07-22,5730.15,sh600519,贵州茅台
2019-07-23,5713.04,sh600519,贵州茅台
2019-07-24,5670.16,sh600519,贵州茅台
2019-07-25,5763.81,sh600519,贵州茅台
2019-07-26,5775.23,sh600519,贵州茅台
2019-07-29,5839.27,sh600519,贵州茅台
2019-07-30,5853.46,sh600519,贵州茅台
2019-07-31,5817.83,sh600519,贵州茅台
2019-08-01,5742.98,sh600519,贵州茅台
2019-08-02,5715.69,sh600519,贵州茅台
2019-08-05,5648.04,sh600519,贵州茅台
2019-08-06,5669.82,sh600519,贵州茅台
2019-08-07,5662.51,sh600519,贵州茅台
2019-08-08,5812.65,sh600519,贵州茅台
2019-08-09,5758.35,sh600519,贵州茅台
2019-08-12,6076.88,sh600519,贵州茅台
2019-08-13,6073.05,sh600519,贵州茅台
2019-08-14,6215.88,sh600519,贵州茅台
2019-08-15,6224.72,sh600519,贵州茅台
2019-08-16,6279.31,sh600519,贵州茅台
2019-08-19,6286.51,sh600519,贵州茅台
2019-08-20,6365.98,sh600519,贵州茅台
2019-08-21,6343.47,sh600519,贵州茅台
2019-08-22,6557.32,sh600519,贵州茅台
2019-08-23,6704.21,sh600519,贵州茅台
2019-08-26,6551.41,sh600519,贵州茅台
2019-08-27,6585.46,sh600519,贵州茅台
2019-08-28,6535.43,sh600519,贵州茅台
2019-08-29,6608.53,sh600519,贵州茅台
2019-08-30,6771.18,sh600519,贵州茅台
2019-09-02,6752.94,sh600519,贵州茅台
2019-09-03,6759.92,sh600519,贵州茅台
2019-09-04,6675.56,sh600519,贵州茅台
2019-09-05,6782.43,sh600519,贵州茅台
2019-09-06,6773.93,sh600519,贵州茅台
2019-09-09,6740.34,sh600519,贵州茅台
2019-09-10,6669.03,sh600519,贵州茅台
2019-09-11,6363.27,sh600519,贵州茅台
2019-09-12,6529.18,sh600519,贵州茅台
2019-09-16,6529.18,sh600519,贵州茅台
2019-09-17,6501.1,sh600519,贵州茅台
2019-09-18,6810.01,sh600519,贵州茅台
2019-09-19,6788.06,sh600519,贵州茅台
2019-09-20,6857.96,sh600519,贵州茅台
2019-09-23,6810.57,sh600519,贵州茅台
2019-09-24,7007.54,sh600519,贵州茅台
2019-09-25,6951.26,sh600519,贵州茅台
2019-09-26,6911.87,sh600519,贵州茅台
2019-09-27,6955.48,sh600519,贵州茅台
2019-09-30,6816.2,sh600519,贵州茅台
2019-10-08,6912.43,sh600519,贵州茅台
2019-10-09,6798.25,sh600519,贵州茅台
2019-10-10,6844.34,sh600519,贵州茅台
2019-10-11,6954.64,sh600519,贵州茅台
2019-10-14,6985.03,sh600519,贵州茅台
2019-10-15,7159.49,sh600519,贵州茅台
2019-10-16,6928.75,sh600519,贵州茅台
2019-10-17,7003.77,sh600519,贵州茅台
2019-10-18,6961.34,sh600519,贵州茅台
2019-10-21,6920.31,sh600519,贵州茅台
2019-10-22,6933.25,sh600519,贵州茅台
2019-10-23,6866.34,sh600519,贵州茅台
2019-10-24,6817.72,sh600519,贵州茅台
2019-10-25,6936.35,sh600519,贵州茅台
2019-10-28,6975.41,sh600519,贵州茅台
2019-10-29,7058.19,sh600519,贵州茅台
2019-10-30,7006.42,sh600519,贵州茅台
2019-10-31,6985.09,sh600519,贵州茅台
2019-11-01,7013.17,sh600519,贵州茅台
2019-11-04,7095.28,sh600519,贵州茅台
2019-11-05,7091.96,sh600519,贵州茅台
2019-11-06,7058.19,sh600519,贵州茅台
2019-11-07,7105.3,sh600519,贵州茅台
2019-11-08,7125.72,sh600519,贵州茅台
2019-11-11,7091.96,sh600519,贵州茅台
2019-11-12,7106.59,sh600519,贵州茅台
2019-11-13,7232.65,sh600519,贵州茅台
2019-11-14,7266.42,sh600519,贵州茅台
2019-11-15,7237.72,sh600519,贵州茅台
2019-11-18,7251.11,sh600519,贵州茅台
2019-11-19,7279.48,sh600519,贵州茅台
2019-11-20,7287.52,sh600519,贵州茅台
2019-11-21,7273.73,sh600519,贵州茅台
2019-11-22,7063.82,sh600519,贵州茅台
2019-11-25,6996.62,sh600519,贵州茅台
2019-11-26,7013.17,sh600519,贵州茅台
2019-11-27,7041.03,sh600519,贵州茅台
2019-11-28,6961.39,sh600519,贵州茅台
2019-11-29,6698.01,sh600519,贵州茅台
2019-12-02,6720.53,sh600519,贵州茅台
2019-12-03,6636.11,sh600519,贵州茅台
2019-12-04,6660.48,sh600519,贵州茅台
2019-12-05,6702.52,sh600519,贵州茅台
2019-12-06,6928.75,sh600519,贵州茅台
2019-12-09,6865.16,sh600519,贵州茅台
2019-12-10,6897.24,sh600519,贵州茅台
2019-12-11,6866.73,sh600519,贵州茅台
2019-12-12,6743.04,sh600519,贵州茅台
2019-12-13,6889.36,sh600519,贵州茅台
2019-12-16,6804.49,sh600519,贵州茅台
2019-12-17,6928.64,sh600519,贵州茅台
2019-12-18,6917.5,sh600519,贵州茅台
2019-12-19,6857.84,sh600519,贵州茅台
2019-12-20,6795.38,sh600519,贵州茅台
2019-12-23,6812.26,sh600519,贵州茅台
2019-12-24,6804.94,sh600519,贵州茅台
2019-12-25,6724.46,sh600519,贵州茅台
2019-12-26,6732.34,sh600519,贵州茅台
2019-12-27,6889.36,sh600519,贵州茅台
2019-12-30,7017.67,sh600519,贵州茅台
2019-12-31,7001.91,sh600519,贵州茅台
2020-01-02,6703.64,sh600519,贵州茅台
2020-01-03,6414.15,sh600519,贵州茅台
2020-01-06,6410.94,sh600519,贵州茅台
2020-01-07,6504.03,sh600519,贵州茅台
2020-01-08,6468.06,sh600519,贵州茅台
2020-01-09,6550.0,sh600519,贵州茅台
2020-01-10,6605.16,sh600519,贵州茅台
2020-01-13,6671.4,sh600519,贵州茅台
2020-01-14,6576.45,sh600519,贵州茅台
2020-01-15,6603.07,sh600519,贵州茅台
2020-01-16,6574.2,sh600519,贵州茅台
2020-01-17,6577.02,sh600519,贵州茅台
2020-01-20,6484.16,sh600519,贵州茅台
2020-01-21,6395.8,sh600519,贵州茅台
2020-01-22,6396.99,sh600519,贵州茅台
2020-01-23,6269.18,sh600519,贵州茅台
2020-02-03,5994.09,sh600519,贵州茅台
2020-02-04,6185.94,sh600519,贵州茅台
2020-02-05,6253.36,sh600519,贵州茅台
2020-02-06,6371.6,sh600519,贵州茅台
2020-02-07,6399.74,sh600519,贵州茅台
2020-02-10,6346.22,sh600519,贵州茅台
2020-02-11,6523.55,sh600519,贵州茅台
2020-02-12,6519.45,sh600519,贵州茅台
2020-02-13,6484.16,sh600519,贵州茅台
2020-02-14,6467.28,sh600519,贵州茅台
2020-02-17,6500.03,sh600519,贵州茅台
2020-02-18,6444.77,sh600519,贵州茅台
2020-02-19,6515.11,sh600519,贵州茅台
2020-02-20,6636.11,sh600519,贵州茅台
2020-02-21,6607.29,sh600519,贵州茅台
2020-02-24,6462.66,sh600519,贵州茅台
2020-02-25,6393.05,sh600519,贵州茅台
2020-02-26,6386.8,sh600519,贵州茅台
2020-02-27,6463.84,sh600519,贵州茅台
2020-02-28,6292.82,sh600519,贵州茅台
2020-03-02,6456.08,sh600519,贵州茅台
2020-03-03,6607.97,sh600519,贵州茅台
2020-03-04,6697.56,sh600519,贵州茅台
2020-03-05,6934.38,sh600519,贵州茅台
2020-03-06,6847.15,sh600519,贵州茅台
2020-03-09,6613.65,sh600519,贵州茅台
2020-03-10,6849.96,sh600519,贵州茅台
2020-03-11,6864.15,sh600519,贵州茅台
2020-03-12,6751.48,sh600519,贵州茅台
2020-03-13,6602.51,sh600519,贵州茅台
2020-03-16,6349.09,sh600519,贵州茅台
2020-03-17,6225.84,sh600519,贵州茅台
2020-03-18,6017.0,sh600519,贵州茅台
2020-03-19,5949.52,sh600519,贵州茅台
2020-03-20,6170.58,sh600519,贵州茅台
2020-03-23,6078.96,sh600519,贵州茅台
2020-03-24,6287.19,sh600519,贵州茅台
2020-03-25,6422.82,sh600519,贵州茅台
2020-03-26,6337.39,sh600519,贵州茅台
2020-03-27,6396.93,sh600519,贵州茅台
2020-03-30,6377.23,sh600519,贵州茅台
2020-03-31,6596.71,sh600519,贵州茅台
2020-04-01,6551.69,sh600519,贵州茅台
2020-04-02,6788.06,sh600519,贵州茅台
2020-04-03,6758.74,sh600519,贵州茅台
2020-04-07,6872.19,sh600519,贵州茅台
2020-04-08,6871.12,sh600519,贵州茅台
2020-04-09,6864.03,sh600519,贵州茅台
2020-04-10,6900.61,sh600519,贵州茅台
2020-04-13,6885.42,sh600519,贵州茅台
2020-04-14,7013.73,sh600519,贵州茅台
2020-04-15,7039.06,sh600519,贵州茅台
2020-04-16,7081.27,sh600519,贵州茅台
2020-04-17,7243.91,sh600519,贵州茅台
2020-04-20,7251.22,sh600519,贵州茅台
2020-04-21,7097.59,sh600519,贵州茅台
2020-04-22,7348.02,sh600519,贵州茅台
2020-04-23,7391.69,sh600519,贵州茅台
2020-04-24,7382.13,sh600519,贵州茅台
2020-04-27,7525.3,sh600519,贵州茅台
2020-04-28,7542.91,sh600519,贵州茅台
2020-04-29,7519.11,sh600519,贵州茅台
2020-04-30,7467.33,sh600519,贵州茅台
2020-05-06,7660.36,sh600519,贵州茅台
2020-05-07,7727.9,sh600519,贵州茅台
2020-05-08,7742.58,sh600519,贵州茅台
2020-05-11,7789.86,sh600519,贵州茅台
2020-05-12,7846.08,sh600519,贵州茅台
2020-05-13,7862.68,sh600519,贵州茅台
2020-05-14,7810.0,sh600519,贵州茅台
2020-05-15,7733.52,sh600519,贵州茅台
2020-05-18,7920.42,sh600519,贵州茅台
2020-05-19,7919.86,sh600519,贵州茅台
2020-05-20,7947.38,sh600519,贵州茅台
2020-05-21,8032.36,sh600519,贵州茅台
2020-05-22,7819.07,sh600519,贵州茅台
2020-05-25,8014.35,sh600519,贵州茅台
2020-05-26,7986.77,sh600519,贵州茅台
2020-05-27,7874.22,sh600519,贵州茅台
2020-05-28,7907.98,sh600519,贵州茅台
2020-05-29,8035.17,sh600519,贵州茅台
2020-06-01,8332.88,sh600519,贵州茅台
2020-06-02,8283.41,sh600519,贵州茅台
2020-06-03,8219.2,sh600519,贵州茅台
2020-06-04,8268.1,sh600519,贵州茅台
2020-06-05,8363.83,sh600519,贵州茅台
2020-06-08,8257.47,sh600519,贵州茅台
2020-06-09,8316.28,sh600519,贵州茅台
2020-06-10,8356.29,sh600519,贵州茅台
2020-06-11,8225.73,sh600519,贵州茅台
2020-06-12,8315.27,sh600519,贵州茅台
2020-06-15,8127.47,sh600519,贵州茅台
2020-06-16,8244.97,sh600519,贵州茅台
2020-06-17,8251.28,sh600519,贵州茅台
2020-06-18,8296.3,sh600519,贵州茅台
2020-06-19,8447.35,sh600519,贵州茅台
2020-06-22,8442.62,sh600519,贵州茅台
2020-06-23,8642.41,sh600519,贵州茅台
2020-06-24,8656.67,sh600519,贵州茅台
2020-06-29,8674.46,sh600519,贵州茅台
2020-06-30,8672.83,sh600519,贵州茅台
2020-07-01,8849.48,sh600519,贵州茅台
2020-07-02,9129.35,sh600519,贵州茅台
2020-07-03,9116.91,sh600519,贵州茅台
2020-07-06,9444.5,sh600519,贵州茅台
2020-07-07,9939.75,sh600519,贵州茅台
2020-07-08,9902.27,sh600519,贵州茅台
2020-07-09,10041.05,sh600519,贵州茅台
2020-07-10,10085.23,sh600519,贵州茅台
2020-07-13,10468.7,sh600519,贵州茅台
2020-07-14,10356.2,sh600519,贵州茅台
2020-07-15,10302.91,sh600519,贵州茅台
2020-07-16,9523.29,sh600519,贵州茅台
2020-07-17,9714.92,sh600519,贵州茅台
2020-07-20,9652.51,sh600519,贵州茅台
2020-07-21,9827.19,sh600519,贵州茅台
2020-07-22,9883.92,sh600519,贵州茅台
2020-07-23,9872.21,sh600519,贵州茅台
2020-07-24,9418.05,sh600519,贵州茅台
2020-07-27,9571.41,sh600519,贵州茅台
2020-07-28,9838.45,sh600519,贵州茅台
2020-07-29,9849.7,sh600519,贵州茅台
2020-07-30,9894.73,sh600519,贵州茅台
2020-07-31,9884.48,sh600519,贵州茅台
2020-08-03,9827.19,sh600519,贵州茅台
2020-08-04,9838.39,sh600519,贵州茅台
2020-08-05,9827.19,sh600519,贵州茅台
2020-08-06,9658.13,sh600519,贵州茅台
2020-08-07,9618.97,sh600519,贵州茅台
2020-08-10,9635.79,sh600519,贵州茅台
2020-08-11,9683.74,sh600519,贵州茅台
2020-08-12,9596.17,sh600519,贵州茅台
2020-08-13,9641.48,sh600519,贵州茅台
2020-08-14,9787.8,sh600519,贵州茅台
2020-08-17,9951.0,sh600519,贵州茅台
2020-08-18,10035.42,sh600519,贵州茅台
2020-08-19,9934.12,sh600519,贵州茅台
2020-08-20,9804.68,sh600519,贵州茅台
2020-08-21,9872.21,sh600519,贵州茅台
2020-08-24,9986.74,sh600519,贵州茅台
2020-08-25,10159.23,sh600519,贵州茅台
2020-08-26,10159.23,sh600519,贵州茅台
2020-08-27,10181.74,sh600519,贵州茅台
2020-08-28,10328.06,sh600519,贵州茅台
2020-08-31,10494.08,sh600519,贵州茅台
2020-09-01,10581.2,sh600519,贵州茅台
2020-09-02,10541.92,sh600519,贵州茅台
2020-09-03,10530.66,sh600519,贵州茅台
2020-09-04,10401.23,sh600519,贵州茅台
2020-09-07,10139.53,sh600519,贵州茅台
2020-09-08,10071.44,sh600519,贵州茅台
2020-09-09,9939.75,sh600519,贵州茅台
2020-09-10,10039.92,sh600519,贵州茅台
2020-09-11,10193.0,sh600519,贵州茅台
2020-09-14,10378.71,sh600519,贵州茅台
2020-09-15,10344.95,sh600519,贵州茅台
2020-09-16,10148.54,sh600519,贵州茅台
2020-09-17,9841.38,sh600519,贵州茅台
2020-09-18,9979.14,sh600519,贵州茅台
2020-09-21,9820.44,sh600519,贵州茅台
2020-09-22,9814.19,sh600519,贵州茅台
2020-09-23,9725.78,sh600519,贵州茅台
2020-09-24,9609.51,sh600519,贵州茅台
2020-09-25,9642.1,sh600519,贵州茅台
2020-09-28,9787.8,sh600519,贵州茅台
2020-09-29,9738.84,sh600519,贵州茅台
2020-09-30,9830.01,sh600519,贵州茅台
2020-10-09,9984.77,sh600519,贵州茅台
2020-10-12,10292.1,sh600519,贵州茅台
2020-10-13,10226.76,sh600519,贵州茅台
2020-10-14,10170.49,sh600519,贵州茅台
2020-10-15,10147.98,sh600519,贵州茅台
2020-10-16,10074.81,sh600519,贵州茅台
2020-10-19,10001.65,sh600519,贵州茅台
2020-10-20,10198.63,sh600519,贵州茅台
2020-10-21,10194.85,sh600519,贵州茅台
2020-10-22,10246.46,sh600519,贵州茅台
2020-10-23,10093.56,sh600519,贵州茅台
2020-10-26,9686.5,sh600519,贵州茅台
2020-10-27,9585.2,sh600519,贵州茅台
2020-10-28,9809.24,sh600519,贵州茅台
2020-10-29,9872.21,sh600519,贵州茅台
2020-10-30,9838.56,sh600519,贵州茅台
2020-11-02,9861.02,sh600519,贵州茅台
2020-11-03,9979.14,sh600519,贵州茅台
2020-11-04,10004.92,sh600519,贵州茅台
2020-11-05,10130.53,sh600519,贵州茅台
2020-11-06,10010.77,sh600519,贵州茅台
2020-11-09,10246.86,sh600519,贵州茅台
2020-11-10,10260.53,sh600519,贵州茅台
2020-11-11,10183.71,sh600519,贵州茅台
2020-11-12,10203.07,sh600519,贵州茅台
2020-11-13,10035.42,sh600519,贵州茅台
2020-11-16,10176.4,sh600519,贵州茅台
2020-11-17,10096.2,sh600519,贵州茅台
2020-11-18,9971.54,sh600519,贵州茅台
2020-11-19,10120.91,sh600519,贵州茅台
2020-11-20,10119.61,sh600519,贵州茅台
2020-11-23,10514.96,sh600519,贵州茅台
2020-11-24,10364.64,sh600519,贵州茅台
2020-11-25,10158.56,sh600519,贵州茅台
2020-11-26,10200.82,sh600519,贵州茅台
2020-11-27,10220.57,sh600519,贵州茅台
2020-11-30,10085.56,sh600519,贵州茅台
2020-12-01,10215.51,sh600519,贵州茅台
2020-12-02,10221.19,sh600519,贵州茅台
2020-12-03,10283.04,sh600519,贵州茅台
2020-12-04,10531.28,sh600519,贵州茅台
2020-12-07,10639.84,sh600519,贵州茅台
2020-12-08,10851.45,sh600519,贵州茅台
2020-12-09,10795.17,sh600519,贵州茅台
2020-12-10,10755.21,sh600519,贵州茅台
2020-12-11,10682.61,sh600519,贵州茅台
2020-12-14,10733.26,sh600519,贵州茅台
2020-12-15,10660.16,sh600519,贵州茅台
2020-12-16,10795.17,sh600519,贵州茅台
2020-12-17,10938.73,sh600519,贵州茅台
2020-12-18,10823.31,sh600519,贵州茅台
2020-12-21,10809.24,sh600519,贵州茅台
2020-12-22,11025.91,sh600519,贵州茅台
2020-12-23,10804.46,sh600519,贵州茅台
2020-12-24,10740.8,sh600519,贵州茅台
2020-12-25,10738.89,sh600519,贵州茅台
2020-12-28,10980.88,sh600519,贵州茅台
2020-12-29,10947.12,sh600519,贵州茅台
2020-12-30,11318.55,sh600519,贵州茅台
2020-12-31,11684.36,sh600519,贵州茅台
2021-01-04,11678.73,sh600519,贵州茅台
2021-01-05,12030.18,sh600519,贵州茅台
2021-01-06,12258.39,sh600519,贵州茅台
2021-01-07,12483.5,sh600519,贵州茅台
2021-01-08,12202.11,sh600519,贵州茅台
2021-01-11,12256.87,sh600519,贵州茅台
2021-01-12,12601.12,sh600519,贵州茅台
2021-01-13,12618.56,sh600519,贵州茅台
2021-01-14,12449.73,sh600519,贵州茅台
2021-01-15,12157.09,sh600519,贵州茅台
2021-01-18,12050.16,sh600519,贵州茅台
2021-01-19,11748.57,sh600519,贵州茅台
2021-01-20,11924.27,sh600519,贵州茅台
2021-01-21,12089.55,sh600519,贵州茅台
2021-01-22,12145.55,sh600519,贵州茅台
2021-01-25,12680.47,sh600519,贵州茅台
2021-01-26,12494.13,sh600519,贵州茅台
2021-01-27,12196.48,sh600519,贵州茅台
2021-01-28,12190.85,sh600519,贵州茅台
2021-01-29,12349.45,sh600519,贵州茅台
2021-02-01,12310.84,sh600519,贵州茅台
2021-02-02,12511.64,sh600519,贵州茅台
2021-02-03,12764.38,sh600519,贵州茅台
2021-02-04,13501.28,sh600519,贵州茅台
2021-02-05,13457.1,sh600519,贵州茅台
2021-02-08,13771.13,sh600519,贵州茅台
2021-02-09,14264.29,sh600519,贵州茅台
2021-02-10,15077.9,sh600519,贵州茅台
2021-02-18,14346.29,sh600519,贵州茅台
2021-02-19,14284.38,sh600519,贵州茅台
2021-02-22,13316.52,sh600519,贵州茅台
2021-02-23,13423.34,sh600519,贵州茅台
2021-02-24,12759.26,sh600519,贵州茅台
2021-02-25,12539.78,sh600519,贵州茅台
2021-02-26,12386.59,sh600519,贵州茅台
2021-03-01,12584.8,sh600519,贵州茅台
2021-03-02,12022.02,sh600519,贵州茅台
2021-03-03,12483.5,sh600519,贵州茅台
2021-03-04,11881.33,sh600519,贵州茅台
2021-03-05,12033.9,sh600519,贵州茅台
2021-03-08,11470.5,sh600519,贵州茅台
2021-03-09,11341.01,sh600519,贵州茅台
2021-03-10,11526.84,sh600519,贵州茅台
2021-03-11,11965.74,sh600519,贵州茅台
2021-03-12,11841.93,sh600519,贵州茅台
2021-03-15,11557.45,sh600519,贵州茅台
2021-03-16,11754.7,sh600519,贵州茅台
2021-03-17,11866.47,sh600519,贵州茅台
2021-03-18,12087.87,sh600519,贵州茅台
2021-03-19,11751.89,sh600519,贵州茅台
2021-03-22,11639.28,sh600519,贵州茅台
2021-03-23,11673.1,sh600519,贵州茅台
2021-03-24,11633.71,sh600519,贵州茅台
2021-03-25,11532.41,sh600519,贵州茅台
2021-03-26,11768.77,sh600519,贵州茅台
2021-03-29,11887.52,sh600519,贵州茅台
2021-03-30,12011.05,sh600519,贵州茅台
2021-03-31,11746.26,sh600519,贵州茅台
2021-04-01,11946.05,sh600519,贵州茅台
2021-04-02,12607.31,sh600519,贵州茅台
2021-04-06,12404.88,sh600519,贵州茅台
2021-04-07,12038.91,sh600519,贵州茅台
2021-04-08,12089.55,sh600519,贵州茅台
2021-04-09,11808.17,sh600519,贵州茅台
2021-04-12,11745.64,sh600519,贵州茅台
2021-04-13,11813.79,sh600519,贵州茅台
2021-04-14,11960.12,sh600519,贵州茅台
2021-04-15,11783.4,sh600519,贵州茅台
2021-04-16,12005.03,sh600519,贵州茅台
2021-04-19,12190.85,sh600519,贵州茅台
2021-04-20,12229.12,sh600519,贵州茅台
2021-04-21,12145.83,sh600519,贵州茅台
2021-04-22,12007.95,sh600519,贵州茅台
2021-04-23,12308.7,sh600519,贵州茅台
2021-04-26,12133.56,sh600519,贵州茅台
2021-04-27,12227.1,sh600519,贵州茅台
2021-04-28,11931.98,sh600519,贵州茅台
2021-04-29,11843.96,sh600519,贵州茅台
2021-04-30,11733.77,sh600519,贵州茅台
2021-05-06,11464.87,sh600519,贵州茅台
2021-05-07,11149.72,sh600519,贵州茅台
2021-05-10,11014.82,sh600519,贵州茅台
2021-05-11,11464.87,sh600519,贵州茅台
2021-05-12,11605.57,sh600519,贵州茅台
2021-05-13,11535.22,sh600519,贵州茅台
2021-05-14,11751.04,sh600519,贵州茅台
2021-05-17,12021.8,sh600519,贵州茅台
2021-05-18,12029.39,sh600519,贵州茅台
2021-05-19,11971.37,sh600519,贵州茅台
2021-05-20,12026.97,sh600519,贵州茅台
2021-05-21,11932.54,sh600519,贵州茅台
2021-05-24,12096.81,sh600519,贵州茅台
2021-05-25,12790.21,sh600519,贵州茅台
2021-05-26,12933.72,sh600519,贵州茅台
2021-05-27,13074.41,sh600519,贵州茅台
2021-05-28,12990.0,sh600519,贵州茅台
2021-05-31,12922.46,sh600519,贵州茅台
2021-06-01,13051.62,sh600519,贵州茅台
2021-06-02,12944.98,sh600519,贵州茅台
2021-06-03,12946.21,sh600519,贵州茅台
2021-06-04,13110.99,sh600519,贵州茅台
2021-06-07,13220.74,sh600519,贵州茅台
2021-06-08,12770.51,sh600519,贵州茅台
2021-06-09,12818.35,sh600519,贵州茅台
2021-06-10,13037.72,sh600519,贵州茅台
2021-06-11,12701.91,sh600519,贵州茅台
2021-06-15,12781.77,sh600519,贵州茅台
2021-06-16,12584.8,sh600519,贵州茅台
2021-06-17,12578.66,sh600519,贵州茅台
2021-06-18,12207.4,sh600519,贵州茅台
2021-06-21,12155.06,sh600519,贵州茅台
2021-06-22,12117.52,sh600519,贵州茅台
2021-06-23,11909.47,sh600519,贵州茅台
2021-06-24,12078.58,sh600519,贵州茅台
2021-06-25,12321.94,sh600519,贵州茅台
2021-06-28,12383.9,sh600519,贵州茅台
2021-06-29,12153.11,sh600519,贵州茅台
2021-06-30,12123.28,sh600519,贵州茅台
2021-07-01,12395.1,sh600519,贵州茅台
2021-07-02,11877.35,sh600519,贵州茅台
2021-07-05,11770.42,sh600519,贵州茅台
2021-07-06,11876.79,sh600519,贵州茅台
2021-07-07,11826.7,sh600519,贵州茅台
2021-07-08,11719.77,sh600519,贵州茅台
2021-07-09,11647.23,sh600519,贵州茅台
2021-07-12,11584.71,sh600519,贵州茅台
2021-07-13,11707.95,sh600519,贵州茅台
2021-07-14,11590.33,sh600519,贵州茅台
2021-07-15,11792.88,sh600519,贵州茅台
2021-07-16,11556.0,sh600519,贵州茅台
2021-07-19,11663.49,sh600519,贵州茅台
2021-07-20,11691.63,sh600519,贵州茅台
2021-07-21,11629.73,sh600519,贵州茅台
2021-07-22,11466.58,sh600519,贵州茅台
2021-07-23,11241.41,sh600519,贵州茅台
2021-07-26,10701.76,sh600519,贵州茅台
2021-07-27,10188.4,sh600519,贵州茅台
2021-07-28,10503.61,sh600519,贵州茅台
2021-07-29,10396.06,sh600519,贵州茅台
2021-07-30,9997.62,sh600519,贵州茅台
2021-08-02,10425.38,sh600519,贵州茅台
2021-08-03,10393.31,sh600519,贵州茅台
2021-08-04,10250.92,sh600519,贵州茅台
2021-08-05,10110.23,sh600519,贵州茅台
2021-08-06,9952.65,sh600519,贵州茅台
2021-08-09,10080.97,sh600519,贵州茅台
2021-08-10,10673.01,sh600519,贵州茅台
2021-08-11,10400.06,sh600519,贵州茅台
2021-08-12,10059.58,sh600519,贵州茅台
2021-08-13,10116.08,sh600519,贵州茅台
2021-08-16,10111.36,sh600519,贵州茅台
2021-08-17,9750.05,sh600519,贵州茅台
2021-08-18,9665.64,sh600519,贵州茅台
2021-08-19,9665.47,sh600519,贵州茅台
2021-08-20,9260.44,sh600519,贵州茅台
2021-08-23,9385.32,sh600519,贵州茅台
2021-08-24,9694.79,sh600519,贵州茅台
2021-08-25,9919.0,sh600519,贵州茅台
2021-08-26,9524.94,sh600519,贵州茅台
2021-08-27,9530.74,sh600519,贵州茅台
2021-08-30,9474.29,sh600519,贵州茅台
2021-08-31,9316.71,sh600519,贵州茅台
2021-09-01,9676.95,sh600519,贵州茅台
2021-09-02,9658.88,sh600519,贵州茅台
2021-09-03,9880.73,sh600519,贵州茅台
2021-09-06,9950.8,sh600519,贵州茅台
2021-09-07,9941.4,sh600519,贵州茅台
2021-09-08,9739.36,sh600519,贵州茅台
2021-09-09,9744.88,sh600519,贵州茅台
2021-09-10,9905.27,sh600519,贵州茅台
2021-09-13,9856.98,sh600519,贵州茅台
2021-09-14,9873.86,sh600519,贵州茅台
2021-09-15,9641.66,sh600519,贵州茅台
2021-09-16,9767.33,sh600519,贵州茅台
2021-09-17,10037.07,sh600519,贵州茅台
2021-09-22,9765.19,sh600519,贵州茅台
2021-09-23,9750.05,sh600519,贵州茅台
2021-09-24,10082.09,sh600519,贵州茅台
2021-09-27,10988.16,sh600519,贵州茅台
2021-09-28,10802.78,sh600519,贵州茅台
2021-09-29,10791.19,sh600519,贵州茅台
2021-09-30,10847.47,sh600519,贵州茅台
2021-10-08,10901.49,sh600519,贵州茅台
2021-10-11,11056.37,sh600519,贵州茅台
2021-10-12,11078.15,sh600519,贵州茅台
2021-10-13,11409.68,sh600519,贵州茅台
2021-10-14,11303.32,sh600519,贵州茅台
2021-10-15,11336.91,sh600519,贵州茅台
2021-10-18,10678.63,sh600519,贵州茅台
2021-10-19,10747.18,sh600519,贵州茅台
2021-10-20,10909.37,sh600519,贵州茅台
2021-10-21,10926.26,sh600519,贵州茅台
2021-10-22,11247.04,sh600519,贵州茅台
2021-10-25,11089.63,sh600519,贵州茅台
2021-10-26,11022.21,sh600519,贵州茅台
2021-10-27,10785.56,sh600519,贵州茅台
2021-10-28,10822.09,sh600519,贵州茅台
2021-10-29,10825.41,sh600519,贵州茅台
2021-11-01,10695.52,sh600519,贵州茅台
2021-11-02,10704.75,sh600519,贵州茅台
2021-11-03,10481.66,sh600519,贵州茅台
2021-11-04,10702.27,sh600519,贵州茅台
2021-11-05,10790.85,sh600519,贵州茅台
2021-11-08,10791.75,sh600519,贵州茅台
2021-11-09,10622.41,sh600519,贵州茅台
2021-11-10,10419.7,sh600519,贵州茅台
2021-11-11,10507.55,sh600519,贵州茅台
2021-11-12,10531.07,sh600519,贵州茅台
2021-11-15,10459.94,sh600519,贵州茅台
2021-11-16,10723.66,sh600519,贵州茅台
2021-11-17,10650.5,sh600519,贵州茅台
2021-11-18,10633.61,sh600519,贵州茅台
2021-11-19,10838.52,sh600519,贵州茅台
2021-11-22,10984.05,sh600519,贵州茅台
2021-11-23,11221.32,sh600519,贵州茅台
2021-11-24,11472.15,sh600519,贵州茅台
2021-11-25,11556.74,sh600519,贵州茅台
2021-11-26,11472.21,sh600519,贵州茅台
2021-11-29,11719.77,sh600519,贵州茅台
2021-11-30,11414.58,sh600519,贵州茅台
2021-12-01,11427.07,sh600519,贵州茅台
2021-12-02,11432.75,sh600519,贵州茅台
2021-12-03,11645.93,sh600519,贵州茅台
2021-12-06,11620.16,sh600519,贵州茅台
2021-12-07,11555.84,sh600519,贵州茅台
2021-12-08,12046.18,sh600519,贵州茅台
2021-12-09,12291.27,sh600519,贵州茅台
2021-12-10,12310.69,sh600519,贵州茅台
2021-12-13,12469.39,sh600519,贵州茅台
2021-12-14,12648.35,sh600519,贵州茅台
2021-12-15,12563.94,sh600519,贵州茅台
2021-12-16,12473.84,sh600519,贵州茅台
2021-12-17,12089.52,sh600519,贵州茅台
2021-12-20,12136.0,sh600519,贵州茅台
2021-12-21,12019.17,sh600519,贵州茅台
2021-12-22,12074.32,sh600519,贵州茅台
2021-12-23,12479.52,sh600519,贵州茅台
2021-12-24,12896.48,sh600519,贵州茅台
2021-12-27,12546.04,sh600519,贵州茅台
2021-12-28,12581.83,sh600519,贵州茅台
2021-12-29,12034.93,sh600519,贵州茅台
2021-12-30,12226.27,sh600519,贵州茅台
2021-12-31,12085.58,sh600519,贵州茅台
2022-01-04,12092.5,sh600519,贵州茅台
2022-01-05,11939.25,sh600519,贵州茅台
2022-01-06,11704.13,sh600519,贵州茅台
2022-01-07,11477.78,sh600519,贵州茅台
2022-01-10,11612.84,sh600519,贵州茅台
2022-01-11,11469.62,sh600519,贵州茅台
2022-01-12,11618.47,sh600519,贵州茅台
2022-01-13,11114.17,sh600519,贵州茅台
2022-01-14,11055.7,sh600519,贵州茅台
2022-01-17,11025.36,sh600519,贵州茅台
2022-01-18,11197.91,sh600519,贵州茅台
2022-01-19,11308.94,sh600519,贵州茅台
2022-01-20,11632.65,sh600519,贵州茅台
2022-01-21,11719.71,sh600519,贵州茅台
2022-01-24,11523.92,sh600519,贵州茅台
2022-01-25,11483.41,sh600519,贵州茅台
2022-01-26,11550.94,sh600519,贵州茅台
2022-01-27,11607.22,sh600519,贵州茅台
2022-01-28,11168.25,sh600519,贵州茅台
2022-02-07,11061.1,sh600519,贵州茅台
2022-02-08,10898.12,sh600519,贵州茅台
2022-02-09,11218.79,sh600519,贵州茅台
2022-02-10,11089.46,sh600519,贵州茅台
2022-02-11,10959.85,sh600519,贵州茅台
2022-02-14,11065.09,sh600519,贵州茅台
2022-02-15,11188.62,sh600519,贵州茅台
2022-02-16,11199.48,sh600519,贵州茅台
2022-02-17,11168.19,sh600519,贵州茅台
2022-02-18,11280.81,sh600519,贵州茅台
2022-02-21,11111.92,sh600519,贵州茅台
2022-02-22,10722.92,sh600519,贵州茅台
2022-02-23,10830.64,sh600519,贵州茅台
2022-02-24,10476.65,sh600519,贵州茅台
2022-02-25,10673.34,sh600519,贵州茅台
2022-02-28,10624.61,sh600519,贵州茅台
2022-03-01,11007.75,sh600519,贵州茅台
2022-03-02,10931.21,sh600519,贵州茅台
2022-03-03,10678.63,sh600519,贵州茅台
2022-03-04,10568.89,sh600519,贵州茅台
2022-03-07,10155.25,sh600519,贵州茅台
2022-03-08,10415.25,sh600519,贵州茅台
2022-03-09,10561.46,sh600519,贵州茅台
2022-03-10,10647.29,sh600519,贵州茅台
2022-03-11,10504.23,sh600519,贵州茅台
2022-03-14,10115.86,sh600519,贵州茅台
2022-03-15,9569.96,sh600519,贵州茅台
2022-03-16,9974.88,sh600519,贵州茅台
2022-03-17,10229.26,sh600519,贵州茅台
2022-03-18,10159.7,sh600519,贵州茅台
2022-03-21,10140.06,sh600519,贵州茅台
2022-03-22,10087.72,sh600519,贵州茅台
2022-03-23,10409.57,sh600519,贵州茅台
2022-03-24,10233.65,sh600519,贵州茅台
2022-03-25,10059.58,sh600519,贵州茅台
2022-03-28,9895.25,sh600519,贵州茅台
2022-03-29,9930.14,sh600519,贵州茅台
2022-03-30,10285.25,sh600519,贵州茅台
2022-03-31,10222.79,sh600519,贵州茅台
2022-04-01,10566.14,sh600519,贵州茅台
2022-04-06,10481.66,sh600519,贵州茅台
2022-04-07,10481.66,sh600519,贵州茅台
2022-04-08,10588.59,sh600519,贵州茅台
2022-04-11,10228.41,sh600519,贵州茅台
2022-04-12,10577.34,sh600519,贵州茅台
2022-04-13,10504.17,sh600519,贵州茅台
2022-04-14,10729.28,sh600519,贵州茅台
2022-04-15,10712.34,sh600519,贵州茅台
2022-04-18,10626.97,sh600519,贵州茅台
2022-04-19,10624.04,sh600519,贵州茅台
2022-04-20,10661.75,sh600519,贵州茅台
2022-04-21,10565.97,sh600519,贵州茅台
2022-04-22,10526.68,sh600519,贵州茅台
2022-04-25,10160.88,sh600519,贵州茅台
2022-04-26,10298.65,sh600519,贵州茅台
2022-04-27,10650.05,sh600519,贵州茅台
2022-04-28,10875.61,sh600519,贵州茅台
2022-04-29,10838.35,sh600519,贵州茅台
2022-05-05,10886.86,sh600519,贵州茅台
2022-05-06,10639.24,sh600519,贵州茅台
2022-05-09,10408.5,sh600519,贵州茅台
2022-05-10,10488.36,sh600519,贵州茅台
2022-05-11,10498.55,sh600519,贵州茅台
2022-05-12,10468.55,sh600519,贵州茅台
2022-05-13,10556.17,sh600519,贵州茅台
2022-05-16,10442.27,sh600519,贵州茅台
2022-05-17,10498.55,sh600519,贵州茅台
2022-05-18,10459.15,sh600519,贵州茅台
2022-05-19,10431.01,sh600519,贵州茅台
2022-05-20,10678.69,sh600519,贵州茅台
2022-05-23,10571.71,sh600519,贵州茅台
2022-05-24,10453.52,sh600519,贵州茅台
2022-05-25,10428.25,sh600519,贵州茅台
2022-05-26,10356.73,sh600519,贵州茅台
2022-05-27,10426.29,sh600519,贵州茅台
2022-05-30,10557.13,sh600519,贵州茅台
2022-05-31,10701.31,sh600519,贵州茅台
2022-06-01,10612.51,sh600519,贵州茅台
2022-06-02,10599.85,sh600519,贵州茅台
2022-06-06,10611.1,sh600519,贵州茅台
2022-06-07,10779.37,sh600519,贵州茅台
2022-06-08,11047.82,sh600519,贵州茅台
2022-06-09,10976.91,sh600519,贵州茅台
2022-06-10,11244.79,sh600519,贵州茅台
2022-06-13,10993.79,sh600519,贵州茅台
2022-06-14,11078.21,sh600519,贵州茅台
2022-06-15,11101.28,sh600519,贵州茅台
2022-06-16,11111.97,sh600519,贵州茅台
2022-06-17,11528.43,sh600519,贵州茅台
2022-06-20,11477.89,sh600519,贵州茅台
2022-06-21,11498.83,sh600519,贵州茅台
2022-06-22,11444.01,sh600519,贵州茅台
2022-06-23,11562.76,sh600519,贵州茅台
2022-06-24,11854.89,sh600519,贵州茅台
2022-06-27,11863.56,sh600519,贵州茅台
2022-06-28,12006.79,sh600519,贵州茅台
2022-06-29,11973.02,sh600519,贵州茅台
2022-06-30,12179.42,sh600519,贵州茅台
2022-07-01,12089.66,sh600519,贵州茅台
2022-07-04,12027.47,sh600519,贵州茅台
2022-07-05,12111.94,sh600519,贵州茅台
2022-07-06,11937.42,sh600519,贵州茅台
2022-07-07,11869.89,sh600519,贵州茅台
2022-07-08,11920.54,sh600519,贵州茅台
2022-07-11,11721.32,sh600519,贵州茅台
2022-07-12,11635.83,sh600519,贵州茅台
2022-07-13,11694.81,sh600519,贵州茅台
2022-07-14,11661.67,sh600519,贵州茅台
2022-07-15,11641.97,sh600519,贵州茅台
2022-07-18,11654.12,sh600519,贵州茅台
2022-07-19,11605.95,sh600519,贵州茅台
2022-07-20,11645.34,sh600519,贵州茅台
2022-07-21,11582.88,sh600519,贵州茅台
2022-07-22,11627.9,sh600519,贵州茅台
2022-07-25,11614.67,sh600519,贵州茅台
2022-07-26,11645.96,sh600519,贵州茅台
2022-07-27,11473.7,sh600519,贵州茅台
2022-07-28,11352.14,sh600519,贵州茅台
2022-07-29,11354.61,sh600519,贵州茅台
2022-08-01,11308.8,sh600519,贵州茅台
2022-08-02,11250.73,sh600519,贵州茅台
2022-08-03,11278.98,sh600519,贵州茅台
2022-08-04,11453.49,sh600519,贵州茅台
2022-08-05,11498.23,sh600519,贵州茅台
2022-08-08,11428.28,sh600519,贵州茅台
2022-08-09,11419.67,sh600519,贵州茅台
2022-08-10,11228.33,sh600519,贵州茅台
2022-08-11,11402.22,sh600519,贵州茅台
2022-08-12,11520.97,sh600519,贵州茅台
2022-08-15,11475.33,sh600519,贵州茅台
2022-08-16,11463.79,sh600519,贵州茅台
2022-08-17,11464.69,sh600519,贵州茅台
2022-08-18,11338.07,sh600519,贵州茅台
2022-08-19,11335.31,sh600519,贵州茅台
2022-08-22,11329.51,sh600519,贵州茅台
2022-08-23,11194.62,sh600519,贵州茅台
2022-08-24,11105.64,sh600519,贵州茅台
2022-08-25,11278.98,sh600519,贵州茅台
2022-08-26,11352.14,sh600519,贵州茅台
2022-08-29,11244.2,sh600519,贵州茅台
2022-08-30,11194.56,sh600519,贵州茅台
2022-08-31,11498.46,sh600519,贵州茅台
2022-09-01,11255.85,sh600519,贵州茅台
2022-09-02,11222.7,sh600519,贵州茅台
2022-09-05,10997.59,sh600519,贵州茅台
2022-09-06,11053.87,sh600519,贵州茅台
2022-09-07,10901.97,sh600519,贵州茅台
2022-09-08,10885.03,sh600519,贵州茅台
2022-09-09,11052.68,sh600519,贵州茅台
2022-09-13,11245.21,sh600519,贵州茅台
2022-09-14,11188.93,sh600519,贵州茅台
2022-09-15,11250.84,sh600519,贵州茅台
2022-09-16,11132.65,sh600519,贵州茅台
2022-09-19,11203.79,sh600519,贵州茅台
2022-09-20,11239.58,sh600519,贵州茅台
2022-09-21,11070.75,sh600519,贵州茅台
2022-09-22,10917.73,sh600519,贵州茅台
2022-09-23,10994.38,sh600519,贵州茅台
2022-09-26,11155.17,sh600519,贵州茅台
2022-09-27,11295.86,sh600519,贵州茅台
2022-09-28,11267.72,sh600519,贵州茅台
2022-09-29,11252.81,sh600519,贵州茅台
2022-09-30,11208.63,sh600519,贵州茅台
2022-10-10,10721.83,sh600519,贵州茅台
2022-10-11,10688.0,sh600519,贵州茅台
2022-10-12,10575.51,sh600519,贵州茅台
2022-10-13,10237.78,sh600519,贵州茅台
2022-10-14,10449.5,sh600519,贵州茅台
2022-10-17,10341.95,sh600519,贵州茅台
2022-10-18,10270.65,sh600519,贵州茅台
2022-10-19,9945.2,sh600519,贵州茅台
2022-10-20,9919.87,sh600519,贵州茅台
2022-10-21,9810.13,sh600519,贵州茅台
2022-10-24,9119.49,sh600519,贵州茅台
2022-10-25,8998.32,sh600519,贵州茅台
2022-10-26,8910.14,sh600519,贵州茅台
2022-10-27,8555.14,sh600519,贵州茅台
2022-10-28,8324.4,sh600519,贵州茅台
2022-10-31,8268.12,sh600519,贵州茅台
2022-11-01,8898.49,sh600519,贵州茅台
2022-11-02,8954.48,sh600519,贵州茅台
2022-11-03,8771.81,sh600519,贵州茅台
2022-11-04,9205.54,sh600519,贵州茅台
2022-11-07,9152.3,sh600519,贵州茅台
2022-11-08,9027.19,sh600519,贵州茅台
2022-11-09,8886.61,sh600519,贵州茅台
2022-11-10,8971.59,sh600519,贵州茅台
2022-11-11,9270.71,sh600519,贵州茅台
2022-11-14,9298.0,sh600519,贵州茅台
2022-11-15,9607.53,sh600519,贵州茅台
2022-11-16,9592.05,sh600519,贵州茅台
2022-11-17,9489.35,sh600519,贵州茅台
2022-11-18,9490.08,sh600519,贵州茅台
2022-11-21,9224.73,sh600519,贵州茅台
2022-11-22,9337.12,sh600519,贵州茅台
2022-11-23,9388.05,sh600519,贵州茅台
2022-11-24,9224.79,sh600519,贵州茅台
2022-11-25,9236.15,sh600519,贵州茅台
2022-11-28,9167.89,sh600519,贵州茅台
2022-11-29,9669.44,sh600519,贵州茅台
2022-11-30,9669.44,sh600519,贵州茅台
2022-12-01,9848.4,sh600519,贵州茅台
2022-12-02,9865.73,sh600519,贵州茅台
2022-12-05,10040.31,sh600519,贵州茅台
2022-12-06,10170.31,sh600519,贵州茅台
2022-12-07,10147.8,sh600519,贵州茅台
2022-12-08,10164.79,sh600519,贵州茅台
2022-12-09,10406.67,sh600519,贵州茅台
2022-12-12,10457.44,sh600519,贵州茅台
2022-12-13,10519.23,sh600519,贵州茅台
2022-12-14,10636.68,sh600519,贵州茅台
2022-12-15,10727.4,sh600519,贵州茅台
2022-12-16,10726.72,sh600519,贵州茅台
2022-12-19,10648.67,sh600519,贵州茅台
2022-12-20,10322.26,sh600519,贵州茅台
2022-12-21,10457.32,sh600519,贵州茅台
2022-12-22,10620.53,sh600519,贵州茅台
2022-12-23,10637.41,sh600519,贵州茅台
2022-12-26,10474.54,sh600519,贵州茅台
2022-12-27,10546.86,sh600519,贵州茅台
2022-12-28,10546.86,sh600519,贵州茅台
2022-12-29,10468.07,sh600519,贵州茅台
2022-12-30,10513.09,sh600519,贵州茅台
2023-01-03,10530.03,sh600519,贵州茅台
2023-01-04,10501.89,sh600519,贵州茅台
2023-01-05,10929.55,sh600519,贵州茅台
2023-01-06,10945.14,sh600519,贵州茅台
2023-01-09,11155.79,sh600519,贵州茅台
2023-01-10,11230.35,sh600519,贵州茅台
2023-01-11,11176.89,sh600519,贵州茅台
2023-01-12,11115.26,sh600519,贵州茅台
2023-01-13,11413.54,sh600519,贵州茅台
2023-01-16,11559.3,sh600519,贵州茅台
2023-01-17,11531.72,sh600519,贵州茅台
2023-01-18,11447.3,sh600519,贵州茅台
2023-01-19,11375.32,sh600519,贵州茅台
2023-01-20,11261.64,sh600519,贵州茅台
2023-01-30,11419.16,sh600519,贵州茅台
2023-01-31,11181.45,sh600519,贵州茅台
2023-02-01,11177.0,sh600519,贵州茅台
2023-02-02,11127.14,sh600519,贵州茅台
2023-02-03,11025.22,sh600519,贵州茅台
2023-02-06,10895.78,sh600519,贵州茅台
2023-02-07,10907.04,sh600519,贵州茅台
2023-02-08,10833.88,sh600519,贵州茅台
2023-02-09,11025.22,sh600519,贵州茅台
2023-02-10,10980.2,sh600519,贵州茅台
2023-02-13,11241.04,sh600519,贵州茅台
2023-02-14,11170.36,sh600519,贵州茅台
2023-02-15,11154.66,sh600519,贵州茅台
2023-02-16,11271.83,sh600519,贵州茅台
2023-02-17,11040.87,sh600519,贵州茅台
2023-02-20,11346.0,sh600519,贵州茅台
2023-02-21,11300.98,sh600519,贵州茅台
2023-02-22,11126.52,sh600519,贵州茅台
2023-02-23,11025.22,sh600519,贵州茅台
2023-02-24,10856.39,sh600519,贵州茅台
2023-02-27,10982.51,sh600519,贵州茅台
2023-02-28,11001.25,sh600519,贵州茅台
2023-03-01,11140.76,sh600519,贵州茅台
2023-03-02,11081.5,sh600519,贵州茅台
2023-03-03,11025.45,sh600519,贵州茅台
2023-03-06,10964.1,sh600519,贵州茅台
2023-03-07,10858.08,sh600519,贵州茅台
2023-03-08,10757.45,sh600519,贵州茅台
2023-03-09,10755.2,sh600519,贵州茅台
2023-03-10,10642.53,sh600519,贵州茅台
2023-03-13,10710.07,sh600519,贵州茅台
2023-03-14,10732.58,sh600519,贵州茅台
2023-03-15,10647.71,sh600519,贵州茅台
2023-03-16,10653.73,sh600519,贵州茅台
2023-03-17,10597.51,sh600519,贵州茅台
2023-03-20,10527.73,sh600519,贵州茅台
2023-03-21,10783.23,sh600519,贵州茅台
2023-03-22,10773.94,sh600519,贵州茅台
2023-03-23,10782.44,sh600519,贵州茅台
2023-03-24,10803.6,sh600519,贵州茅台
2023-03-27,10742.65,sh600519,贵州茅台
2023-03-28,10821.5,sh600519,贵州茅台
2023-03-29,10867.64,sh600519,贵州茅台
2023-03-30,10923.92,sh600519,贵州茅台
2023-03-31,11036.48,sh600519,贵州茅台
2023-04-03,10935.57,sh600519,贵州茅台
2023-04-04,11006.03,sh600519,贵州茅台
2023-04-06,10906.81,sh600519,贵州茅台
2023-04-07,10873.21,sh600519,贵州茅台
2023-04-10,10764.66,sh600519,贵州茅台
2023-04-11,10617.21,sh600519,贵州茅台
2023-04-12,10327.94,sh600519,贵州茅台
2023-04-13,10490.58,sh600519,贵州茅台
2023-04-14,10436.67,sh600519,贵州茅台
2023-04-17,10659.42,sh600519,贵州茅台
2023-04-18,10687.55,sh600519,贵州茅台
2023-04-19,10693.18,sh600519,贵州茅台
2023-04-20,10596.84,sh600519,贵州茅台
2023-04-21,10504.48,sh600519,贵州茅台
2023-04-24,10389.28,sh600519,贵州茅台
2023-04-25,10532.12,sh600519,贵州茅台
2023-04-26,10608.26,sh600519,贵州茅台
2023-04-27,10687.1,sh600519,贵州茅台
2023-04-28,10701.74,sh600519,贵州茅台
2023-05-04,10641.97,sh600519,贵州茅台
2023-05-05,10642.53,sh600519,贵州茅台
2023-05-08,10476.63,sh600519,贵州茅台
2023-05-09,10484.96,sh600519,贵州茅台
2023-05-10,10501.84,sh600519,贵州茅台
2023-05-11,10457.21,sh600519,贵州茅台
2023-05-12,10397.16,sh600519,贵州茅台
2023-05-15,10452.88,sh600519,贵州茅台
2023-05-16,10379.66,sh600519,贵州茅台
2023-05-17,10366.77,sh600519,贵州茅台
2023-05-18,10310.49,sh600519,贵州茅台
2023-05-19,10358.33,sh600519,贵州茅台
2023-05-22,10620.02,sh600519,贵州茅台
2023-05-23,10499.31,sh600519,贵州茅台
2023-05-24,10422.49,sh600519,贵州茅台
2023-05-25,10366.77,sh600519,贵州茅台
2023-05-26,10308.02,sh600519,贵州茅台
2023-05-29,10299.24,sh600519,贵州茅台
2023-05-30,10182.69,sh600519,贵州茅台
2023-05-31,9961.01,sh600519,贵州茅台
2023-06-01,10000.52,sh600519,贵州茅台
2023-06-02,10195.69,sh600519,贵州茅台
2023-06-05,10164.17,sh600519,贵州茅台
2023-06-06,10175.37,sh600519,贵州茅台
2023-06-07,10084.82,sh600519,贵州茅台
2023-06-08,10181.06,sh600519,贵州茅台
2023-06-09,10169.8,sh600519,贵州茅台
2023-06-12,10338.63,sh600519,贵州茅台
2023-06-13,10355.52,sh600519,贵州茅台
2023-06-14,10512.42,sh600519,贵州茅台
2023-06-15,10670.67,sh600519,贵州茅台
2023-06-16,10910.92,sh600519,贵州茅台
2023-06-19,10608.77,sh600519,贵州茅台
2023-06-20,10605.73,sh600519,贵州茅台
2023-06-21,10562.79,sh600519,贵州茅台
2023-06-26,10411.79,sh600519,贵州茅台
2023-06-27,10423.33,sh600519,贵州茅台
2023-06-28,10520.86,sh600519,贵州茅台
2023-06-29,10438.3,sh600519,贵州茅台
2023-06-30,10456.32,sh600519,贵州茅台
2023-07-03,10642.59,sh600519,贵州茅台
2023-07-04,10679.17,sh600519,贵州茅台
2023-07-05,10593.52,sh600519,贵州茅台
2023-07-06,10523.74,sh600519,贵州茅台
2023-07-07,10450.86,sh600519,贵州茅台
2023-07-10,10512.03,sh600519,贵州茅台
2023-07-11,10563.24,sh600519,贵州茅台
2023-07-12,10584.63,sh600519,贵州茅台
2023-07-13,10723.07,sh600519,贵州茅台
2023-07-14,10805.24,sh600519,贵州茅台
2023-07-17,10675.63,sh600519,贵州茅台
2023-07-18,10635.28,sh600519,贵州茅台
2023-07-19,10636.4,sh600519,贵州茅台
2023-07-20,10642.03,sh600519,贵州茅台
2023-07-21,10908.22,sh600519,贵州茅台
2023-07-24,10907.38,sh600519,贵州茅台
2023-07-25,11230.42,sh600519,贵州茅台
2023-07-26,11230.42,sh600519,贵州茅台
2023-07-27,11283.77,sh600519,贵州茅台
2023-07-28,11615.63,sh600519,贵州茅台
2023-07-31,11523.23,sh600519,贵州茅台
2023-08-01,11570.61,sh600519,贵州茅台
2023-08-02,11519.96,sh600519,贵州茅台
2023-08-03,11511.35,sh600519,贵州茅台
2023-08-04,11595.77,sh600519,贵州茅台
2023-08-07,11564.59,sh600519,贵州茅台
2023-08-08,11576.24,sh600519,贵州茅台
2023-08-09,11577.82,sh600519,贵州茅台
2023-08-10,11491.82,sh600519,贵州茅台
2023-08-11,11261.09,sh600519,贵州茅台
2023-08-14,11086.63,sh600519,贵州茅台
2023-08-15,11142.79,sh600519,贵州茅台
2023-08-16,11182.3,sh600519,贵州茅台
2023-08-17,11227.6,sh600519,贵州茅台
2023-08-18,11084.32,sh600519,贵州茅台
2023-08-21,11019.09,sh600519,贵州茅台
2023-08-22,11002.21,sh600519,贵州茅台
2023-08-23,10923.42,sh600519,贵州茅台
2023-08-24,11161.47,sh600519,贵州茅台
2023-08-25,11210.32,sh600519,贵州茅台
2023-08-28,11266.54,sh600519,贵州茅台
2023-08-29,11358.62,sh600519,贵州茅台
2023-08-30,11384.9,sh600519,贵州茅台
2023-08-31,11334.25,sh600519,贵州茅台
2023-09-01,11357.04,sh600519,贵州茅台
2023-09-04,11441.17,sh600519,贵州茅台
2023-09-05,11400.09,sh600519,贵州茅台
2023-09-06,11413.04,sh600519,贵州茅台
2023-09-07,11283.6,sh600519,贵州茅台
2023-09-08,11173.86,sh600519,贵州茅台
2023-09-11,11194.51,sh600519,贵州茅台
2023-09-12,11182.07,sh600519,贵州茅台
2023-09-13,11181.79,sh600519,贵州茅台
2023-09-14,11174.92,sh600519,贵州茅台
2023-09-15,10968.39,sh600519,贵州茅台
2023-09-18,11234.07,sh600519,贵州茅台
2023-09-19,11221.35,sh600519,贵州茅台
2023-09-20,11204.81,sh600519,贵州茅台
2023-09-21,11060.68,sh600519,贵州茅台
2023-09-22,11345.5,sh600519,贵州茅台
2023-09-25,11251.97,sh600519,贵州茅台
2023-09-26,11159.79,sh600519,贵州茅台
2023-09-27,11148.53,sh600519,贵州茅台
2023-09-28,11061.58,sh600519,贵州茅台
2023-10-09,10940.3,sh600519,贵州茅台
2023-10-10,10900.91,sh600519,贵州茅台
2023-10-11,10948.75,sh600519,贵州茅台
2023-10-12,10990.95,sh600519,贵州茅台
2023-10-13,10793.98,sh600519,贵州茅台
2023-10-16,10675.24,sh600519,贵州茅台
2023-10-17,10653.29,sh600519,贵州茅台
2023-10-18,10664.54,sh600519,贵州茅台
2023-10-19,10113.02,sh600519,贵州茅台
2023-10-20,10197.44,sh600519,贵州茅台
2023-10-23,10191.7,sh600519,贵州茅台
2023-10-24,10185.9,sh600519,贵州茅台
2023-10-25,10380.34,sh600519,贵州茅台
2023-10-26,10350.68,sh600519,贵州茅台
2023-10-27,10375.89,sh600519,贵州茅台
2023-10-30,10400.04,sh600519,贵州茅台
2023-10-31,10420.19,sh600519,贵州茅台
2023-11-01,10962.76,sh600519,贵州茅台
2023-11-02,10954.37,sh600519,贵州茅台
2023-11-03,11133.0,sh600519,贵州茅台
2023-11-06,11137.28,sh600519,贵州茅台
2023-11-07,11020.05,sh600519,贵州茅台
2023-11-08,11060.4,sh600519,贵州茅台
2023-11-09,11036.59,sh600519,贵州茅台
2023-11-10,10933.78,sh600519,贵州茅台
2023-11-13,10867.14,sh600519,贵州茅台
2023-11-14,10874.29,sh600519,贵州茅台
2023-11-15,10917.4,sh600519,贵州茅台
2023-11-16,10844.91,sh600519,贵州茅台
2023-11-17,10807.6,sh600519,贵州茅台
2023-11-20,10858.7,sh600519,贵州茅台
2023-11-21,11013.46,sh600519,贵州茅台
2023-11-22,10965.68,sh600519,贵州茅台
2023-11-23,10990.95,sh600519,贵州茅台
2023-11-24,10940.3,sh600519,贵州茅台
2023-11-27,10861.51,sh600519,贵州茅台
2023-11-28,10895.51,sh600519,贵州茅台
2023-11-29,10927.42,sh600519,贵州茅台
2023-11-30,11021.91,sh600519,贵州茅台
2023-12-01,10846.21,sh600519,贵州茅台
2023-12-04,10792.35,sh600519,贵州茅台
2023-12-05,10557.62,sh600519,贵州茅台
2023-12-06,10523.85,sh600519,贵州茅台
2023-12-07,10506.96,sh600519,贵州茅台
2023-12-08,10534.65,sh600519,贵州茅台
2023-12-11,10495.71,sh600519,贵州茅台
2023-12-12,10563.19,sh600519,贵州茅台
2023-12-13,10281.85,sh600519,贵州茅台
2023-12-14,10146.23,sh600519,贵州茅台
2023-12-15,10197.44,sh600519,贵州茅台
2023-12-18,10293.11,sh600519,贵州茅台
2023-12-19,10366.27,sh600519,贵州茅台
2023-12-20,10331.92,sh600519,贵州茅台
2023-12-21,10445.66,sh600519,贵州茅台
2023-12-22,10449.31,sh600519,贵州茅台
2023-12-25,10456.91,sh600519,贵州茅台
2023-12-26,10445.66,sh600519,贵州茅台
2023-12-27,10429.11,sh600519,贵州茅台
2023-12-28,10755.13,sh600519,贵州茅台
2023-12-29,10760.81,sh600519,贵州茅台
2024-01-02,10530.13,sh600519,贵州茅台
2024-01-03,10580.72,sh600519,贵州茅台
2024-01-04,10440.03,sh600519,贵州茅台
2024-01-05,10408.29,sh600519,贵州茅台
2024-01-08,10299.28,sh600519,贵州茅台
2024-01-09,10282.45,sh600519,贵州茅台
2024-01-10,10285.26,sh600519,贵州茅台
2024-01-11,10313.8,sh600519,贵州茅台
2024-01-12,10294.04,sh600519,贵州茅台
2024-01-15,10276.82,sh600519,贵州茅台
2024-01-16,10273.62,sh600519,贵州茅台
2024-01-17,9922.27,sh600519,贵州茅台
2024-01-18,10112.89,sh600519,贵州茅台
2024-01-19,10248.68,sh600519,贵州茅台
2024-01-22,10288.08,sh600519,贵州茅台
2024-01-23,10158.64,sh600519,贵州茅台
2024-01-24,10198.04,sh600519,贵州茅台
2024-01-25,10265.57,sh600519,贵州茅台
2024-01-26,10261.74,sh600519,贵州茅台
2024-01-29,10333.1,sh600519,贵州茅台
2024-01-30,10124.87,sh600519,贵州茅台
2024-01-31,10079.34,sh600519,贵州茅台
2024-02-01,10108.16,sh600519,贵州茅台
2024-02-02,10029.2,sh600519,贵州茅台
2024-02-05,10220.6,sh600519,贵州茅台
2024-02-06,10479.42,sh600519,贵州茅台
2024-02-07,10676.34,sh600519,贵州茅台
2024-02-08,10648.26,sh600519,贵州茅台
2024-02-19,10588.77,sh600519,贵州茅台
2024-02-20,10445.66,sh600519,贵州茅台
2024-02-21,10713.88,sh600519,贵州茅台
2024-02-22,10717.93,sh600519,贵州茅台
2024-02-23,10693.78,sh600519,贵州茅台
2024-02-26,10586.24,sh600519,贵州茅台
2024-02-27,10555.4,sh600519,贵州茅台
2024-02-28,10510.66,sh600519,贵州茅台
2024-02-29,10586.35,sh600519,贵州茅台
2024-03-01,10530.41,sh600519,贵州茅台
2024-03-04,10481.11,sh600519,贵州茅台
2024-03-05,10586.91,sh600519,贵州茅台
2024-03-06,10505.03,sh600519,贵州茅台
2024-03-07,10522.36,sh600519,贵州茅台
2024-03-08,10453.7,sh600519,贵州茅台
2024-03-11,10583.48,sh600519,贵州茅台
2024-03-12,10867.74,sh600519,贵州茅台
2024-03-13,10768.97,sh600519,贵州茅台
2024-03-14,10708.08,sh600519,贵州茅台
2024-03-15,10712.92,sh600519,贵州茅台
2024-03-18,10660.97,sh600519,贵州茅台
2024-03-19,10659.62,sh600519,贵州茅台
2024-03-20,10668.52,sh600519,贵州茅台
2024-03-21,10665.14,sh600519,贵州茅台
2024-03-22,10622.09,sh600519,贵州茅台
2024-03-25,10552.64,sh600519,贵州茅台
2024-03-26,10666.77,sh600519,贵州茅台
2024-03-27,10620.12,sh600519,贵州茅台
2024-03-28,10623.72,sh600519,贵州茅台
2024-03-29,10630.81,sh600519,贵州茅台
2024-04-01,10734.53,sh600519,贵州茅台
2024-04-02,10693.22,sh600519,贵州茅台
2024-04-03,10699.52,sh600519,贵州茅台
2024-04-08,10426.86,sh600519,贵州茅台
2024-04-09,10401.87,sh600519,贵州茅台
2024-04-10,10321.73,sh600519,贵州茅台
2024-04-11,10321.85,sh600519,贵州茅台
2024-04-12,10243.23,sh600519,贵州茅台
2024-04-15,10462.43,sh600519,贵州茅台
2024-04-16,10445.66,sh600519,贵州茅台
2024-04-17,10428.77,sh600519,贵州茅台
2024-04-18,10450.05,sh600519,贵州茅台
2024-04-19,10314.19,sh600519,贵州茅台
2024-04-22,10474.13,sh600519,贵州茅台
2024-04-23,10571.04,sh600519,贵州茅台
2024-04-24,10578.47,sh600519,贵州茅台
2024-04-25,10575.32,sh600519,贵州茅台
2024-04-26,10667.56,sh600519,贵州茅台
2024-04-29,10637.0,sh600519,贵州茅台
2024-04-30,10642.63,sh600519,贵州茅台
2024-05-06,10953.28,sh600519,贵州茅台
2024-05-07,11008.43,sh600519,贵州茅台
2024-05-08,10974.5,sh600519,贵州茅台
2024-05-09,10929.64,sh600519,贵州茅台
2024-05-10,10833.86,sh600519,贵州茅台
2024-05-13,10648.26,sh600519,贵州茅台
2024-05-14,10625.63,sh600519,贵州茅台
2024-05-15,10614.49,sh600519,贵州茅台
2024-05-16,10639.81,sh600519,贵州茅台
2024-05-17,10698.91,sh600519,贵州茅台
2024-05-20,10665.14,sh600519,贵州茅台
2024-05-21,10642.63,sh600519,贵州茅台
2024-05-22,10601.6,sh600519,贵州茅台
2024-05-23,10569.52,sh600519,贵州茅台
2024-05-24,10485.5,sh600519,贵州茅台
2024-05-27,10446.33,sh600519,贵州茅台
2024-05-28,10415.49,sh600519,贵州茅台
2024-05-29,10468.17,sh600519,贵州茅台
2024-05-30,10327.47,sh600519,贵州茅台
2024-05-31,10324.38,sh600519,贵州茅台
2024-06-03,10273.39,sh600519,贵州茅台
2024-06-04,10351.11,sh600519,贵州茅台
2024-06-05,10299.33,sh600519,贵州茅台
2024-06-06,10275.75,sh600519,贵州茅台
2024-06-07,10159.65,sh600519,贵州茅台
2024-06-11,9877.25,sh600519,贵州茅台
2024-06-12,9892.33,sh600519,贵州茅台
2024-06-13,9798.52,sh600519,贵州茅台
2024-06-14,9798.46,sh600519,贵州茅台
2024-06-17,9722.49,sh600519,贵州茅台
2024-06-18,9609.93,sh600519,贵州茅台
2024-06-19,9668.33,sh600519,贵州茅台
2024-06-20,9663.26,sh600519,贵州茅台
2024-06-21,9499.49,sh600519,贵州茅台
2024-06-24,9530.73,sh600519,贵州茅台
2024-06-25,9587.57,sh600519,贵州茅台
2024-06-26,9602.03,sh600519,贵州茅台
2024-06-27,9609.18,sh600519,贵州茅台
2024-06-28,9479.18,sh600519,贵州茅台
2024-07-01,9327.17,sh600519,贵州茅台
2024-07-02,9610.36,sh600519,贵州茅台
2024-07-03,9662.7,sh600519,贵州茅台
2024-07-04,9582.45,sh600519,贵州茅台
2024-07-05,9398.19,sh600519,贵州茅台
2024-07-08,9212.48,sh600519,贵州茅台
2024-07-09,9313.95,sh600519,贵州茅台
2024-07-10,9311.47,sh600519,贵州茅台
2024-07-11,9449.35,sh600519,贵州茅台
2024-07-12,9543.5,sh600519,贵州茅台
2024-07-15,9521.44,sh600519,贵州茅台
2024-07-16,9527.63,sh600519,贵州茅台
2024-07-17,9670.58,sh600519,贵州茅台
2024-07-18,9648.69,sh600519,贵州茅台
2024-07-19,9806.88,sh600519,贵州茅台
2024-07-22,9657.07,sh600519,贵州茅台
2024-07-23,9409.45,sh600519,贵州茅台
2024-07-24,9325.15,sh600519,贵州茅台
2024-07-25,9271.51,sh600519,贵州茅台
2024-07-26,9224.8,sh600519,贵州茅台
2024-07-29,9088.78,sh600519,贵州茅台
2024-07-30,8987.31,sh600519,贵州茅台
2024-07-31,9219.68,sh600519,贵州茅台
2024-08-01,9022.03,sh600519,贵州茅台
2024-08-02,9018.04,sh600519,贵州茅台
2024-08-05,9156.26,sh600519,贵州茅台
2024-08-06,9126.37,sh600519,贵州茅台
2024-08-07,9187.15,sh600519,贵州茅台
2024-08-08,9272.64,sh600519,贵州茅台
2024-08-09,9307.02,sh600519,贵州茅台
2024-08-12,9303.09,sh600519,贵州茅台
2024-08-13,9229.42,sh600519,贵州茅台
2024-08-14,9174.77,sh600519,贵州茅台
2024-08-15,9251.25,sh600519,贵州茅台
2024-08-16,9275.51,sh600519,贵州茅台
2024-08-19,9243.09,sh600519,贵州茅台
2024-08-20,9227.79,sh600519,贵州茅台
2024-08-21,9198.86,sh600519,贵州茅台
2024-08-22,9156.48,sh600519,贵州茅台
2024-08-23,9184.28,sh600519,贵州茅台
2024-08-26,9167.46,sh600519,贵州茅台
2024-08-27,9122.83,sh600519,贵州茅台
2024-08-28,9038.02,sh600519,贵州茅台
2024-08-29,9174.77,sh600519,贵州茅台
2024-08-30,9342.99,sh600519,贵州茅台
2024-09-02,9071.78,sh600519,贵州茅台
2024-09-03,9156.2,sh600519,贵州茅台
2024-09-04,9099.92,sh600519,贵州茅台
2024-09-05,9127.39,sh600519,贵州茅台
2024-09-06,9088.67,sh600519,贵州茅台
2024-09-09,8959.23,sh600519,贵州茅台
2024-09-10,8976.11,sh600519,贵州茅台
2024-09-11,8987.37,sh600519,贵州茅台
2024-09-12,8734.46,sh600519,贵州茅台
2024-09-13,8560.39,sh600519,贵州茅台
2024-09-18,8350.87,sh600519,贵州茅台
2024-09-19,8317.66,sh600519,贵州茅台
2024-09-20,8334.1,sh600519,贵州茅台
2024-09-23,8320.7,sh600519,贵州茅台
2024-09-24,8945.72,sh600519,贵州茅台
2024-09-25,9094.29,sh600519,贵州茅台
2024-09-26,9825.9,sh600519,贵州茅台
2024-09-27,10389.81,sh600519,贵州茅台
2024-09-30,11058.38,sh600519,贵州茅台
2024-10-08,10917.69,sh600519,贵州茅台
2024-10-09,10198.18,sh600519,贵州茅台
2024-10-10,10450.59,sh600519,贵州茅台
2024-10-11,10253.56,sh600519,贵州茅台
2024-10-14,10236.67,sh600519,贵州茅台
2024-10-15,9968.0,sh600519,贵州茅台
2024-10-16,9789.32,sh600519,贵州茅台
2024-10-17,9632.31,sh600519,贵州茅台
2024-10-18,9893.44,sh600519,贵州茅台
2024-10-21,9824.78,sh600519,贵州茅台
2024-10-22,9904.69,sh600519,贵州茅台
2024-10-23,10042.57,sh600519,贵州茅台
2024-10-24,9956.47,sh600519,贵州茅台
2024-10-25,9993.89,sh600519,贵州茅台
2024-10-28,10028.5,sh600519,贵州茅台
2024-10-29,9840.65,sh600519,贵州茅台
2024-10-30,9842.79,sh600519,贵州茅台
2024-10-31,9819.09,sh600519,贵州茅台
2024-11-01,9852.64,sh600519,贵州茅台
2024-11-04,9933.96,sh600519,贵州茅台
2024-11-05,10095.98,sh600519,贵州茅台
2024-11-06,10062.27,sh600519,贵州茅台
2024-11-07,10502.02,sh600519,贵州茅台
2024-11-08,10281.59,sh600519,贵州茅台
2024-11-11,10214.28,sh600519,贵州茅台
2024-11-12,10097.16,sh600519,贵州茅台
2024-11-13,10104.48,sh600519,贵州茅台
2024-11-14,10078.03,sh600519,贵州茅台
2024-11-15,9994.74,sh600519,贵州茅台
2024-11-18,9994.74,sh600519,贵州茅台
2024-11-19,9898.62,sh600519,贵州茅台
2024-11-20,9914.88,sh600519,贵州茅台
2024-11-21,9916.68,sh600519,贵州茅台
2024-11-22,9706.71,sh600519,贵州茅台
2024-11-25,9654.65,sh600519,贵州茅台
2024-11-26,9713.35,sh600519,贵州茅台
2024-11-27,9769.91,sh600519,贵州茅台
2024-11-28,9764.0,sh600519,贵州茅台
2024-11-29,9807.56,sh600519,贵州茅台
2024-12-02,9803.39,sh600519,贵州茅台
2024-12-03,9813.19,sh600519,贵州茅台
2024-12-04,9775.25,sh600519,贵州茅台
2024-12-05,9724.6,sh600519,贵州茅台
2024-12-06,9780.94,sh600519,贵州茅台
2024-12-09,9768.5,sh600519,贵州茅台
2024-12-10,9924.9,sh600519,贵州茅台
2024-12-11,9863.05,sh600519,贵州茅台
2024-12-12,10033.01,sh600519,贵州茅台
2024-12-13,9769.63,sh600519,贵州茅台
2024-12-16,9815.77,sh600519,贵州茅台
2024-12-17,9989.11,sh600519,贵州茅台
2024-12-18,10065.08,sh600519,贵州茅台
2024-12-19,9949.77,sh600519,贵州茅台
2024-12-20,9920.91,sh600519,贵州茅台
2024-12-23,9945.96,sh600519,贵州茅台
2024-12-24,10015.57,sh600519,贵州茅台
2024-12-25,9965.93,sh600519,贵州茅台
2024-12-26,9953.5,sh600519,贵州茅台
2024-12-27,9960.14,sh600519,贵州茅台
2024-12-30,9937.8,sh600519,贵州茅台
2024-12-31,9932.17,sh600519,贵州茅台
2025-01-02,9729.57,sh600519,贵州茅台
2025-01-03,9656.41,sh600519,贵州茅台
2025-01-06,9459.44,sh600519,贵州茅台
2025-01-07,9460.56,sh600519,贵州茅台
2025-01-08,9473.5,sh600519,贵州茅台
2025-01-09,9481.95,sh600519,贵州茅台
2025-01-10,9436.92,sh600519,贵州茅台
2025-01-13,9481.83,sh600519,贵州茅台
2025-01-14,9642.34,sh600519,贵州茅台
2025-01-15,9635.42,sh600519,贵州茅台
2025-01-16,9495.34,sh600519,贵州茅台
2025-01-17,9542.45,sh600519,贵州茅台
2025-01-20,9655.28,sh600519,贵州茅台
2025-01-21,9617.86,sh600519,贵州茅台
2025-01-22,9465.06,sh600519,贵州茅台
2025-01-23,9476.32,sh600519,贵州茅台
2025-01-24,9436.92,sh600519,贵州茅台
2025-01-27,9431.24,sh600519,贵州茅台
2025-02-05,9255.71,sh600519,贵州茅台
2025-02-06,9306.59,sh600519,贵州茅台
2025-02-07,9436.92,sh600519,贵州茅台
2025-02-10,9411.66,sh600519,贵州茅台
2025-02-11,9335.62,sh600519,贵州茅台
2025-02-12,9476.32,sh600519,贵州茅台
2025-02-13,9600.47,sh600519,贵州茅台
2025-02-14,9656.41,sh600519,贵州茅台
2025-02-17,9637.39,sh600519,贵州茅台
2025-02-18,9656.41,sh600519,贵州茅台
2025-02-19,9746.45,sh600519,贵州茅台
2025-02-20,9650.78,sh600519,贵州茅台
2025-02-21,9730.75,sh600519,贵州茅台
2025-02-24,9679.31,sh600519,贵州茅台
2025-02-25,9538.22,sh600519,贵州茅台
2025-02-26,9572.05,sh600519,贵州茅台
2025-02-27,9715.84,sh600519,贵州茅台
2025-02-28,9801.55,sh600519,贵州茅台
2025-03-03,9724.05,sh600519,贵州茅台
2025-03-04,9628.89,sh600519,贵州茅台
2025-03-05,9607.84,sh600519,贵州茅台
2025-03-06,9830.76,sh600519,贵州茅台
2025-03-07,9915.28,sh600519,贵州茅台
2025-03-10,9925.98,sh600519,贵州茅台
2025-03-11,10071.06,sh600519,贵州茅台
2025-03-12,10036.73,sh600519,贵州茅台
2025-03-13,10009.66,sh600519,贵州茅台
2025-03-14,10517.51,sh600519,贵州茅台
2025-03-17,10572.95,sh600519,贵州茅台
2025-03-18,10494.94,sh600519,贵州茅台
2025-03-19,10560.85,sh600519,贵州茅台
2025-03-20,10382.39,sh600519,贵州茅台
2025-03-21,10212.15,sh600519,贵州茅台
2025-03-24,10264.21,sh600519,贵州茅台
2025-03-25,10222.0,sh600519,贵州茅台
2025-03-26,10224.81,sh600519,贵州茅台
2025-03-27,10297.97,sh600519,贵州茅台
2025-03-28,10276.64,sh600519,贵州茅台
2025-03-31,10140.4,sh600519,贵州茅台
2025-04-01,10112.37,sh600519,贵州茅台
2025-04-02,10072.97,sh600519,贵州茅台
2025-04-03,10184.74,sh600519,贵州茅台
2025-04-07,9797.1,sh600519,贵州茅台
2025-04-08,10050.35,sh600519,贵州茅台
2025-04-09,10028.06,sh600519,贵州茅台
2025-04-10,10072.86,sh600519,贵州茅台
2025-04-11,10185.3,sh600519,贵州茅台
2025-04-14,10089.69,sh600519,贵州茅台
2025-04-15,10123.51,sh600519,贵州茅台
2025-04-16,10130.1,sh600519,贵州茅台
2025-04-17,10191.04,sh600519,贵州茅台
2025-04-18,10168.2,sh600519,贵州茅台
2025-04-21,10084.12,sh600519,贵州茅台
2025-04-22,10071.74,sh600519,贵州茅台
2025-04-23,10089.75,sh600519,贵州茅台
2025-04-24,10091.15,sh600519,贵州茅台
2025-04-25,10078.49,sh600519,贵州茅台
2025-04-28,10078.49,sh600519,贵州茅台
2025-04-29,10044.72,sh600519,贵州茅台
2025-04-30,10061.61,sh600519,贵州茅台
2025-05-06,10079.62,sh600519,贵州茅台
2025-05-07,10106.63,sh600519,贵州茅台
2025-05-08,10237.14,sh600519,贵州茅台
2025-05-09,10310.24,sh600519,贵州茅台
2025-05-12,10385.2,sh600519,贵州茅台
2025-05-13,10305.29,sh600519,贵州茅台
2025-05-14,10556.79,sh600519,贵州茅台
2025-05-15,10540.02,sh600519,贵州茅台
2025-05-16,10439.4,sh600519,贵州茅台
2025-05-19,10241.58,sh600519,贵州茅台
2025-05-20,10281.09,sh600519,贵州茅台
2025-05-21,10252.78,sh600519,贵州茅台
2025-05-22,10247.32,sh600519,贵州茅台
2025-05-23,10205.68,sh600519,贵州茅台
2025-05-26,10081.3,sh600519,贵州茅台
2025-05-27,10044.16,sh600519,贵州茅台
2025-05-28,10005.33,sh600519,贵州茅台
2025-05-29,10022.21,sh600519,贵州茅台
2025-05-30,9920.91,sh600519,贵州茅台
2025-06-03,9847.75,sh600519,贵州茅台
2025-06-04,9853.15,sh600519,贵州茅台
2025-06-05,9875.89,sh600519,贵州茅台
2025-06-06,9833.06,sh600519,贵州茅台
2025-06-09,9718.93,sh600519,贵州茅台
2025-06-10,9656.46,sh600519,贵州茅台
2025-06-11,9684.55,sh600519,贵州茅台
2025-06-12,9566.36,sh600519,贵州茅台
2025-06-13,9385.99,sh600519,贵州茅台
2025-06-16,9359.77,sh600519,贵州茅台
2025-06-17,9386.27,sh600519,贵州茅台
2025-06-18,9375.02,sh600519,贵州茅台
2025-06-19,9380.65,sh600519,贵州茅台
2025-06-20,9395.62,sh600519,贵州茅台
2025-06-23,9346.88,sh600519,贵州茅台
2025-06-24,9443.68,sh600519,贵州茅台
2025-06-25,9436.14,sh600519,贵州茅台
2025-06-26,9502.21,sh600519,贵州茅台
2025-06-27,9407.04,sh600519,贵州茅台
2025-06-30,9443.23,sh600519,贵州茅台
2025-07-01,9418.35,sh600519,贵州茅台
2025-07-02,9443.68,sh600519,贵州茅台
2025-07-03,9477.44,sh600519,贵州茅台
2025-07-04,9514.7,sh600519,贵州茅台
2025-07-07,9449.87,sh600519,贵州茅台
2025-07-08,9480.31,sh600519,贵州茅台
2025-07-09,9495.9,sh600519,贵州茅台
2025-07-10,9538.79,sh600519,贵州茅台
2025-07-11,9541.6,sh600519,贵州茅台
2025-07-14,9522.47,sh600519,贵州茅台
2025-07-15,9451.56,sh600519,贵州茅台
2025-07-16,9451.73,sh600519,贵州茅台
2025-07-17,9481.67,sh600519,贵州茅台
2025-07-18,9597.88,sh600519,贵州茅台
2025-07-21,9631.64,sh600519,贵州茅台
2025-07-22,9755.34,sh600519,贵州茅台
2025-07-23,9814.55,sh600519,贵州茅台
2025-07-24,9904.59,sh600519,贵州茅台
2025-07-25,9699.18,sh600519,贵州茅台
2025-07-28,9607.22,sh600519,贵州茅台
2025-07-29,9609.13,sh600519,贵州茅台
2025-07-30,9667.89,sh600519,贵州茅台
2025-07-31,9511.6,sh600519,贵州茅台
2025-08-01,9485.32,sh600519,贵州茅台
2025-08-04,9496.58,sh600519,贵州茅台
2025-08-05,9545.77,sh600519,贵州茅台
2025-08-06,9524.04,sh600519,贵州茅台
2025-08-07,9515.43,sh600519,贵州茅台
2025-08-08,9507.67,sh600519,贵州茅台
2025-08-11,9642.9,sh600519,贵州茅台
2025-08-12,9598.1,sh600519,贵州茅台
2025-08-13,9502.49,sh600519,贵州茅台
2025-08-14,9541.54,sh600519,贵州茅台
2025-08-15,9513.91,sh600519,贵州茅台
2025-08-18,9550.04,sh600519,贵州茅台
2025-08-19,9603.51,sh600519,贵州茅台
2025-08-20,9671.04,sh600519,贵州茅台
2025-08-21,9661.19,sh600519,贵州茅台
2025-08-22,9749.55,sh600519,贵州茅台
2025-08-25,9898.01,sh600519,贵州茅台
2025-08-26,9848.93,sh600519,贵州茅台
2025-08-27,9659.78,sh600519,贵州茅台
2025-08-28,9649.09,sh600519,贵州茅台
2025-08-29,9839.87,sh600519,贵州茅台
2025-09-01,9817.92,sh600519,贵州茅台
2025-09-02,9903.47,sh600519,贵州茅台
2025-09-03,9842.97,sh600519,贵州茅台
2025-09-04,9798.56,sh600519,贵州茅台
2025-09-05,9856.76,sh600519,贵州茅台
2025-09-08,9959.35,sh600519,贵州茅台
2025-09-09,9980.57,sh600519,贵州茅台
2025-09-10,10076.29,sh600519,贵州茅台
2025-09-11,10084.68,sh600519,贵州茅台
2025-09-12,10042.47,sh600519,贵州茅台
2025-09-15,10037.41,sh600519,贵州茅台
2025-09-16,9952.32,sh600519,贵州茅台
2025-09-17,9913.03,sh600519,贵州茅台
2025-09-18,9772.11,sh600519,贵州茅台
2025-09-19,9772.17,sh600519,贵州茅台
2025-09-22,9689.89,sh600519,贵州茅台
2025-09-23,9656.52,sh600519,贵州茅台
2025-09-24,9626.02,sh600519,贵州茅台
2025-09-25,9609.13,sh600519,贵州茅台
2025-09-26,9586.62,sh600519,贵州茅台
2025-09-29,9732.16,sh600519,贵州茅台
2025-09-30,9637.22,sh600519,贵州茅台
2025-10-09,9596.64,sh600519,贵州茅台
2025-10-10,9558.48,sh600519,贵州茅台
2025-10-13,9497.7,sh600519,贵州茅台
2025-10-14,9676.78,sh600519,贵州茅台
2025-10-15,9738.57,sh600519,贵州茅台
2025-10-16,9867.5,sh600519,贵州茅台
2025-10-17,9699.18,sh600519,贵州茅台
2025-10-20,9715.67,sh600519,贵州茅台
2025-10-21,9740.04,sh600519,贵州茅台
2025-10-22,9720.0,sh600519,贵州茅台
2025-10-23,9772.23,sh600519,贵州茅台
2025-10-24,9671.04,sh600519,贵州茅台
2025-10-27,9617.07,sh600519,贵州茅台
2025-10-28,9642.9,sh600519,贵州茅台
2025-10-29,9569.18,sh600519,贵州茅台
2025-10-30,9540.14,sh600519,贵州茅台
2025-10-31,9558.54,sh600519,贵州茅台
2025-11-03,9586.62,sh600519,贵州茅台
2025-11-04,9552.86,sh600519,贵州茅台
2025-11-05,9502.66,sh600519,贵州茅台
2025-11-06,9587.35,sh600519,贵州茅台
2025-11-07,9577.22,sh600519,贵州茅台
2025-11-10,9740.26,sh600519,贵州茅台
2025-11-11,9721.63,sh600519,贵州茅台
2025-11-12,9756.3,sh600519,贵州茅台
2025-11-13,9785.73,sh600519,贵州茅台
2025-11-14,9708.18,sh600519,贵州茅台
2025-11-17,9789.22,sh600519,贵州茅台
2025-11-18,9817.36,sh600519,贵州茅台
2025-11-19,9789.28,sh600519,贵州茅台
2025-11-20,9767.33,sh600519,贵州茅台
2025-11-21,9764.46,sh600519,贵州茅台
2025-11-24,9682.29,sh600519,贵州茅台
2025-11-25,9640.93,sh600519,贵州茅台
2025-11-26,9666.26,sh600519,贵州茅台
2025-11-27,9655.84,sh600519,贵州茅台
2025-11-28,9673.85,sh600519,贵州茅台
2025-12-01,9659.78,sh600519,贵州茅台
2025-12-02,9592.42,sh600519,贵州茅台
2025-12-03,9553.42,sh600519,贵州茅台
2025-12-04,9524.6,sh600519,贵州茅台
2025-12-05,9558.54,sh600519,贵州茅台
2025-12-08,9492.19,sh600519,贵州茅台
2025-12-09,9395.34,sh600519,贵州茅台
2025-12-10,9405.41,sh600519,贵州茅台
2025-12-11,9457.13,sh600519,贵州茅台
2025-12-12,9505.86,sh600519,贵州茅台
2025-12-15,9535.97,sh600519,贵州茅台
2025-12-16,9513.46,sh600519,贵州茅台
2025-12-17,9575.93,sh600519,贵州茅台
2025-12-18,9564.11,sh600519,贵州茅台
2025-12-19,9580.75,sh600519,贵州茅台
2025-12-22,9570.96,sh600519,贵州茅台
2025-12-23,9568.71,sh600519,贵州茅台
2025-12-24,9529.54,sh600519,贵州茅台
2025-12-25,9604.22,sh600519,贵州茅台
2025-12-26,9604.0,sh600519,贵州茅台
2025-12-29,9535.73,sh600519,贵州茅台
2025-12-30,9466.62,sh600519,贵州茅台
2025-12-31,9396.05,sh600519,贵州茅台
2018-01-02,1186.46,sz000858,五粮液
2018-01-03,1190.9,sz000858,五粮液
2018-01-04,1219.91,sz000858,五粮液
2018-01-05,1215.61,sz000858,五粮液
2018-01-08,1208.95,sz000858,五粮液
2018-01-09,1263.08,sz000858,五粮液
2018-01-10,1301.94,sz000858,五粮液
2018-01-11,1288.89,sz000858,五粮液
2018-01-12,1336.22,sz000858,五粮液
2018-01-15,1341.49,sz000858,五粮液
2018-01-16,1328.58,sz000858,五粮液
2018-01-17,1261.83,sz000858,五粮液
2018-01-18,1267.24,sz000858,五粮液
2018-01-19,1250.17,sz000858,五粮液
2018-01-22,1323.03,sz000858,五粮液
2018-01-23,1313.18,sz000858,五粮液
2018-01-24,1280.42,sz000858,五粮液
2018-01-25,1261.69,sz000858,五粮液
2018-01-26,1273.35,sz000858,五粮液
2018-01-29,1207.28,sz000858,五粮液
2018-01-30,1197.84,sz000858,五粮液
2018-01-31,1239.2,sz000858,五粮液
2018-02-01,1219.77,sz000858,五粮液
2018-02-02,1210.06,sz000858,五粮液
2018-02-05,1148.85,sz000858,五粮液
2018-02-06,1129.0,sz000858,五粮液
2018-02-07,1053.78,sz000858,五粮液
2018-02-08,1067.66,sz000858,五粮液
2018-02-09,1056.28,sz000858,五粮液
2018-02-12,1100.69,sz000858,五粮液
2018-02-13,1110.41,sz000858,五粮液
2018-02-14,1131.22,sz000858,五粮液
2018-02-22,1179.8,sz000858,五粮液
2018-02-23,1173.42,sz000858,五粮液
2018-02-26,1157.87,sz000858,五粮液
2018-02-27,1124.29,sz000858,五粮液
2018-02-28,1099.03,sz000858,五粮液
2018-03-01,1099.58,sz000858,五粮液
2018-03-02,1087.09,sz000858,五粮液
2018-03-05,1068.63,sz000858,五粮液
2018-03-06,1084.59,sz000858,五粮液
2018-03-07,1085.15,sz000858,五粮液
2018-03-08,1135.39,sz000858,五粮液
2018-03-09,1138.16,sz000858,五粮液
2018-03-12,1124.98,sz000858,五粮液
2018-03-13,1103.61,sz000858,五粮液
2018-03-14,1116.65,sz000858,五粮液
2018-03-15,1150.66,sz000858,五粮液
2018-03-16,1134.97,sz000858,五粮液
2018-03-19,1146.63,sz000858,五粮液
2018-03-20,1118.04,sz000858,五粮液
2018-03-21,1102.36,sz000858,五粮液
2018-03-22,1069.19,sz000858,五粮液
2018-03-23,1058.64,sz000858,五粮液
2018-03-26,1039.48,sz000858,五粮液
2018-03-27,1018.39,sz000858,五粮液
2018-03-28,966.62,sz000858,五粮液
2018-03-29,1004.93,sz000858,五粮液
2018-03-30,989.1,sz000858,五粮液
2018-04-02,990.08,sz000858,五粮液
2018-04-03,999.65,sz000858,五粮液
2018-04-04,1038.24,sz000858,五粮液
2018-04-09,1036.15,sz000858,五粮液
2018-04-10,1044.9,sz000858,五粮液
2018-04-11,1043.93,sz000858,五粮液
2018-04-12,1028.52,sz000858,五粮液
2018-04-13,1011.59,sz000858,五粮液
2018-04-16,1011.45,sz000858,五粮液
2018-04-17,997.99,sz000858,五粮液
2018-04-18,988.69,sz000858,五粮液
2018-04-19,1044.76,sz000858,五粮液
2018-04-20,1034.49,sz000858,五粮液
2018-04-23,1035.32,sz000858,五粮液
2018-04-24,1073.35,sz000858,五粮液
2018-04-25,1072.1,sz000858,五粮液
2018-04-26,1027.13,sz000858,五粮液
2018-04-27,1011.59,sz000858,五粮液
2018-05-02,1056.56,sz000858,五粮液
2018-05-03,1092.36,sz000858,五粮液
2018-05-04,1079.87,sz000858,五粮液
2018-05-07,1122.9,sz000858,五粮液
2018-05-08,1123.45,sz000858,五粮液
2018-05-09,1126.37,sz000858,五粮液
2018-05-10,1150.38,sz000858,五粮液
2018-05-11,1137.61,sz000858,五粮液
2018-05-14,1155.1,sz000858,五粮液
2018-05-15,1169.81,sz000858,五粮液
2018-05-16,1166.89,sz000858,五粮液
2018-05-17,1137.75,sz000858,五粮液
2018-05-18,1144.96,sz000858,五粮液
2018-05-21,1139.27,sz000858,五粮液
2018-05-22,1145.8,sz000858,五粮液
2018-05-23,1129.0,sz000858,五粮液
2018-05-24,1095.42,sz000858,五粮液
2018-05-25,1099.3,sz000858,五粮液
2018-05-28,1143.02,sz000858,五粮液
2018-05-29,1127.62,sz000858,五粮液
2018-05-30,1134.0,sz000858,五粮液
2018-05-31,1164.26,sz000858,五粮液
2018-06-01,1159.26,sz000858,五粮液
2018-06-04,1203.4,sz000858,五粮液
2018-06-05,1217.27,sz000858,五粮液
2018-06-06,1207.7,sz000858,五粮液
2018-06-07,1190.21,sz000858,五粮液
2018-06-08,1183.83,sz000858,五粮液
2018-06-11,1212.83,sz000858,五粮液
2018-06-12,1261.69,sz000858,五粮液
2018-06-13,1254.33,sz000858,五粮液
2018-06-14,1239.62,sz000858,五粮液
2018-06-15,1223.52,sz000858,五粮液
2018-06-19,1176.75,sz000858,五粮液
2018-06-20,1207.0,sz000858,五粮液
2018-06-21,1190.63,sz000858,五粮液
2018-06-22,1180.91,sz000858,五粮液
2018-06-25,1207.7,sz000858,五粮液
2018-06-26,1198.95,sz000858,五粮液
2018-06-27,1130.53,sz000858,五粮液
2018-06-28,1090.28,sz000858,五粮液
2018-06-29,1122.9,sz000858,五粮液
2018-07-02,1099.03,sz000858,五粮液
2018-07-03,1072.66,sz000858,五粮液
2018-07-04,1049.34,sz000858,五粮液
2018-07-05,1051.0,sz000858,五粮液
2018-07-06,1066.27,sz000858,五粮液
2018-07-09,1106.8,sz000858,五粮液
2018-07-10,1104.44,sz000858,五粮液
2018-07-11,1086.53,sz000858,五粮液
2018-07-12,1111.79,sz000858,五粮液
2018-07-13,1137.47,sz000858,五粮液
2018-07-16,1132.89,sz000858,五粮液
2018-07-17,1113.74,sz000858,五粮液
2018-07-18,1103.61,sz000858,五粮液
2018-07-19,1104.58,sz000858,五粮液
2018-07-20,1105.27,sz000858,五粮液
2018-07-23,1087.09,sz000858,五粮液
2018-07-24,1127.48,sz000858,五粮液
2018-07-25,1127.06,sz000858,五粮液
2018-07-26,1115.82,sz000858,五粮液
2018-07-27,1115.82,sz000858,五粮液
2018-07-30,1093.75,sz000858,五粮液
2018-07-31,1087.51,sz000858,五粮液
2018-08-01,1057.94,sz000858,五粮液
2018-08-02,1028.8,sz000858,五粮液
2018-08-03,997.57,sz000858,五粮液
2018-08-06,979.11,sz000858,五粮液
2018-08-07,1008.81,sz000858,五粮液
2018-08-08,980.5,sz000858,五粮液
2018-08-09,1007.15,sz000858,五粮液
2018-08-10,1002.84,sz000858,五粮液
2018-08-13,980.08,sz000858,五粮液
2018-08-14,989.66,sz000858,五粮液
2018-08-15,965.09,sz000858,五粮液
2018-08-16,934.84,sz000858,五粮液
2018-08-17,927.34,sz000858,五粮液
2018-08-20,947.05,sz000858,五粮液
2018-08-21,978.97,sz000858,五粮液
2018-08-22,970.09,sz000858,五粮液
2018-08-23,976.47,sz000858,五粮液
2018-08-24,959.96,sz000858,五粮液
2018-08-27,992.57,sz000858,五粮液
2018-08-28,978.56,sz000858,五粮液
2018-08-29,969.95,sz000858,五粮液
2018-08-30,966.06,sz000858,五粮液
2018-08-31,945.25,sz000858,五粮液
2018-09-03,946.22,sz000858,五粮液
2018-09-04,957.32,sz000858,五粮液
2018-09-05,931.37,sz000858,五粮液
2018-09-06,914.85,sz000858,五粮液
2018-09-07,929.56,sz000858,五粮液
2018-09-10,924.15,sz000858,五粮液
2018-09-11,932.75,sz000858,五粮液
2018-09-12,914.02,sz000858,五粮液
2018-09-13,918.6,sz000858,五粮液
2018-09-14,940.11,sz000858,五粮液
2018-09-17,944.69,sz000858,五粮液
2018-09-18,963.43,sz000858,五粮液
2018-09-19,980.5,sz000858,五粮液
2018-09-20,979.8,sz000858,五粮液
2018-09-21,1007.98,sz000858,五粮液
2018-09-25,992.43,sz000858,五粮液
2018-09-26,1018.8,sz000858,五粮液
2018-09-27,1021.16,sz000858,五粮液
2018-09-28,1029.21,sz000858,五粮液
2018-10-08,967.17,sz000858,五粮液
2018-10-09,965.51,sz000858,五粮液
2018-10-10,930.12,sz000858,五粮液
2018-10-11,901.11,sz000858,五粮液
2018-10-12,921.79,sz000858,五粮液
2018-10-15,901.67,sz000858,五粮液
2018-10-16,904.58,sz000858,五粮液
2018-10-17,910.55,sz000858,五粮液
2018-10-18,891.12,sz000858,五粮液
2018-10-19,911.8,sz000858,五粮液
2018-10-22,953.3,sz000858,五粮液
2018-10-23,891.12,sz000858,五粮液
2018-10-24,867.38,sz000858,五粮液
2018-10-25,846.7,sz000858,五粮液
2018-10-26,839.77,sz000858,五粮液
2018-10-29,764.4,sz000858,五粮液
2018-10-30,745.25,sz000858,五粮液
2018-10-31,754.41,sz000858,五粮液
2018-11-01,775.23,sz000858,五粮液
2018-11-02,831.3,sz000858,五粮液
2018-11-05,804.37,sz000858,五粮液
2018-11-06,791.19,sz000858,五粮液
2018-11-07,787.03,sz000858,五粮液
2018-11-08,789.66,sz000858,五粮液
2018-11-09,780.22,sz000858,五粮液
2018-11-12,780.78,sz000858,五粮液
2018-11-13,797.43,sz000858,五粮液
2018-11-14,782.45,sz000858,五粮液
2018-11-15,788.27,sz000858,五粮液
2018-11-16,789.66,sz000858,五粮液
2018-11-19,803.54,sz000858,五粮液
2018-11-20,788.55,sz000858,五粮液
2018-11-21,795.77,sz000858,五粮液
2018-11-22,793.83,sz000858,五粮液
2018-11-23,780.36,sz000858,五粮液
2018-11-26,781.33,sz000858,五粮液
2018-11-27,777.03,sz000858,五粮液
2018-11-28,783.42,sz000858,五粮液
2018-11-29,786.05,sz000858,五粮液
2018-11-30,813.26,sz000858,五粮液
2018-12-03,850.73,sz000858,五粮液
2018-12-04,848.79,sz000858,五粮液
2018-12-05,848.23,sz000858,五粮液
2018-12-06,821.72,sz000858,五粮液
2018-12-07,824.5,sz000858,五粮液
2018-12-10,812.42,sz000858,五粮液
2018-12-11,819.22,sz000858,五粮液
2018-12-12,824.08,sz000858,五粮液
2018-12-13,835.74,sz000858,五粮液
2018-12-14,821.58,sz000858,五粮液
2018-12-17,819.22,sz000858,五粮液
2018-12-18,820.89,sz000858,五粮液
2018-12-19,815.62,sz000858,五粮液
2018-12-20,805.9,sz000858,五粮液
2018-12-21,788.41,sz000858,五粮液
2018-12-24,793.41,sz000858,五粮液
2018-12-25,792.02,sz000858,五粮液
2018-12-26,785.78,sz000858,五粮液
2018-12-27,782.17,sz000858,五粮液
2018-12-28,792.3,sz000858,五粮液
2019-01-02,779.25,sz000858,五粮液
2019-01-03,765.65,sz000858,五粮液
2019-01-04,773.7,sz000858,五粮液
2019-01-07,770.51,sz000858,五粮液
2019-01-08,766.48,sz000858,五粮液
2019-01-09,780.5,sz000858,五粮液
2019-01-10,778.14,sz000858,五粮液
2019-01-11,789.66,sz000858,五粮液
2019-01-14,774.4,sz000858,五粮液
2019-01-15,821.31,sz000858,五粮液
2019-01-16,810.62,sz000858,五粮液
2019-01-17,806.73,sz000858,五粮液
2019-01-18,833.94,sz000858,五粮液
2019-01-21,863.36,sz000858,五粮液
2019-01-22,852.4,sz000858,五粮液
2019-01-23,850.45,sz000858,五粮液
2019-01-24,852.26,sz000858,五粮液
2019-01-25,852.95,sz000858,五粮液
2019-01-28,883.76,sz000858,五粮液
2019-01-29,899.17,sz000858,五粮液
2019-01-30,881.12,sz000858,五粮液
2019-01-31,923.04,sz000858,五粮液
2019-02-01,935.25,sz000858,五粮液
2019-02-11,984.11,sz000858,五粮液
2019-02-12,984.8,sz000858,五粮液
2019-02-13,1003.12,sz000858,五粮液
2019-02-14,1029.35,sz000858,五粮液
2019-02-15,1007.7,sz000858,五粮液
2019-02-18,1055.86,sz000858,五粮液
2019-02-19,1053.09,sz000858,五粮液
2019-02-20,1043.93,sz000858,五粮液
2019-02-21,1030.6,sz000858,五粮液
2019-02-22,1036.85,sz000858,五粮液
2019-02-25,1075.15,sz000858,五粮液
2019-02-26,1042.68,sz000858,五粮液
2019-02-27,1058.5,sz000858,五粮液
2019-02-28,1078.48,sz000858,五粮液
2019-03-01,1139.55,sz000858,五粮液
2019-03-04,1158.29,sz000858,五粮液
2019-03-05,1165.51,sz000858,五粮液
2019-03-06,1154.68,sz000858,五粮液
2019-03-07,1112.77,sz000858,五粮液
2019-03-08,1077.65,sz000858,五粮液
2019-03-11,1140.94,sz000858,五粮液
2019-03-12,1131.22,sz000858,五粮液
2019-03-13,1147.88,sz000858,五粮液
2019-03-14,1156.9,sz000858,五粮液
2019-03-15,1179.52,sz000858,五粮液
2019-03-18,1288.89,sz000858,五粮液
2019-03-19,1279.73,sz000858,五粮液
2019-03-20,1275.57,sz000858,五粮液
2019-03-21,1264.46,sz000858,五粮液
2019-03-22,1280.42,sz000858,五粮液
2019-03-25,1235.46,sz000858,五粮液
2019-03-26,1258.49,sz000858,五粮液
2019-03-27,1307.21,sz000858,五粮液
2019-03-28,1339.41,sz000858,五粮液
2019-03-29,1404.64,sz000858,五粮液
2019-04-01,1426.43,sz000858,五粮液
2019-04-02,1419.35,sz000858,五粮液
2019-04-03,1410.19,sz000858,五粮液
2019-04-04,1477.23,sz000858,五粮液
2019-04-08,1501.79,sz000858,五粮液
2019-04-09,1613.1,sz000858,五粮液
2019-04-10,1571.19,sz000858,五粮液
2019-04-11,1471.26,sz000858,五粮液
2019-04-12,1468.76,sz000858,五粮液
2019-04-15,1482.36,sz000858,五粮液
2019-04-16,1504.71,sz000858,五粮液
2019-04-17,1524.28,sz000858,五粮液
2019-04-18,1506.51,sz000858,五粮液
2019-04-19,1497.08,sz000858,五粮液
2019-04-22,1489.72,sz000858,五粮液
2019-04-23,1533.85,sz000858,五粮液
2019-04-24,1522.61,sz000858,五粮液
2019-04-25,1482.36,sz000858,五粮液
2019-04-26,1505.54,sz000858,五粮液
2019-04-29,1505.82,sz000858,五粮液
2019-04-30,1506.79,sz000858,五粮液
2019-05-06,1364.67,sz000858,五粮液
2019-05-07,1417.96,sz000858,五粮液
2019-05-08,1416.85,sz000858,五粮液
2019-05-09,1360.37,sz000858,五粮液
2019-05-10,1462.93,sz000858,五粮液
2019-05-13,1524.0,sz000858,五粮液
2019-05-14,1508.46,sz000858,五粮液
2019-05-15,1611.44,sz000858,五粮液
2019-05-16,1612.55,sz000858,五粮液
2019-05-17,1563.69,sz000858,五粮液
2019-05-20,1529.55,sz000858,五粮液
2019-05-21,1532.33,sz000858,五粮液
2019-05-22,1519.98,sz000858,五粮液
2019-05-23,1471.68,sz000858,五粮液
2019-05-24,1488.19,sz000858,五粮液
2019-05-27,1501.79,sz000858,五粮液
2019-05-28,1517.06,sz000858,五粮液
2019-05-29,1537.19,sz000858,五粮液
2019-05-30,1517.48,sz000858,五粮液
2019-05-31,1491.38,sz000858,五粮液
2019-06-03,1494.3,sz000858,五粮液
2019-06-04,1462.79,sz000858,五粮液
2019-06-05,1460.85,sz000858,五粮液
2019-06-06,1460.02,sz000858,五粮液
2019-06-10,1503.74,sz000858,五粮液
2019-06-11,1621.85,sz000858,五粮液
2019-06-12,1603.25,sz000858,五粮液
2019-06-13,1592.01,sz000858,五粮液
2019-06-14,1566.47,sz000858,五粮液
2019-06-17,1548.98,sz000858,五粮液
2019-06-18,1554.26,sz000858,五粮液
2019-06-19,1579.52,sz000858,五粮液
2019-06-20,1677.64,sz000858,五粮液
2019-06-21,1677.78,sz000858,五粮液
2019-06-24,1706.65,sz000858,五粮液
2019-06-25,1704.43,sz000858,五粮液
2019-06-26,1689.44,sz000858,五粮液
2019-06-27,1737.74,sz000858,五粮液
2019-06-28,1746.76,sz000858,五粮液
2019-07-01,1858.48,sz000858,五粮液
2019-07-02,1886.24,sz000858,五粮液
2019-07-03,1829.48,sz000858,五粮液
2019-07-04,1818.1,sz000858,五粮液
2019-07-05,1911.36,sz000858,五粮液
2019-07-08,1872.78,sz000858,五粮液
2019-07-09,1858.48,sz000858,五粮液
2019-07-10,1864.45,sz000858,五粮液
2019-07-11,1823.79,sz000858,五粮液
2019-07-12,1852.66,sz000858,五粮液
2019-07-15,1845.85,sz000858,五粮液
2019-07-16,1824.9,sz000858,五粮液
2019-07-17,1825.17,sz000858,五粮液
2019-07-18,1789.09,sz000858,五粮液
2019-07-19,1804.91,sz000858,五粮液
2019-07-22,1823.09,sz000858,五粮液
2019-07-23,1775.9,sz000858,五粮液
2019-07-24,1768.27,sz000858,五粮液
2019-07-25,1798.53,sz000858,五粮液
2019-07-26,1792.56,sz000858,五粮液
2019-07-29,1827.26,sz000858,五粮液
2019-07-30,1815.46,sz000858,五粮液
2019-07-31,1785.06,sz000858,五粮液
2019-08-01,1761.75,sz000858,五粮液
2019-08-02,1749.12,sz000858,五粮液
2019-08-05,1732.88,sz000858,五粮液
2019-08-06,1792.98,sz000858,五粮液
2019-08-07,1759.67,sz000858,五粮液
2019-08-08,1782.43,sz000858,五粮液
2019-08-09,1747.73,sz000858,五粮液
2019-08-12,1814.63,sz000858,五粮液
2019-08-13,1807.13,sz000858,五粮液
2019-08-14,1856.4,sz000858,五粮液
2019-08-15,1858.21,sz000858,五粮液
2019-08-16,1862.65,sz000858,五粮液
2019-08-19,1884.85,sz000858,五粮液
2019-08-20,1908.31,sz000858,五粮液
2019-08-21,1884.16,sz000858,五粮液
2019-08-22,1920.94,sz000858,五粮液
2019-08-23,1915.39,sz000858,五粮液
2019-08-26,1878.19,sz000858,五粮液
2019-08-27,1947.03,sz000858,五粮液
2019-08-28,1968.41,sz000858,五粮液
2019-08-29,2011.15,sz000858,五粮液
2019-08-30,2073.61,sz000858,五粮液
2019-09-02,2079.02,sz000858,五粮液
2019-09-03,2073.61,sz000858,五粮液
2019-09-04,2029.33,sz000858,五粮液
2019-09-05,2037.52,sz000858,五粮液
2019-09-06,2052.93,sz000858,五粮液
2019-09-09,2041.69,sz000858,五粮液
2019-09-10,2014.62,sz000858,五粮液
2019-09-11,1903.73,sz000858,五粮液
2019-09-12,1935.51,sz000858,五粮液
2019-09-16,1926.77,sz000858,五粮液
2019-09-17,1935.37,sz000858,五粮液
2019-09-18,1991.17,sz000858,五粮液
2019-09-19,1982.28,sz000858,五粮液
2019-09-20,2008.93,sz000858,五粮液
2019-09-23,1981.31,sz000858,五粮液
2019-09-24,2004.35,sz000858,五粮液
2019-09-25,2004.77,sz000858,五粮液
2019-09-26,1970.9,sz000858,五粮液
2019-09-27,1966.74,sz000858,五粮液
2019-09-30,1911.22,sz000858,五粮液
2019-10-08,1952.31,sz000858,五粮液
2019-10-09,1939.12,sz000858,五粮液
2019-10-10,1927.74,sz000858,五粮液
2019-10-11,1931.35,sz000858,五粮液
2019-10-14,1925.94,sz000858,五粮液
2019-10-15,1951.33,sz000858,五粮液
2019-10-16,1915.8,sz000858,五粮液
2019-10-17,1918.16,sz000858,五粮液
2019-10-18,1876.53,sz000858,五粮液
2019-10-21,1887.91,sz000858,五粮液
2019-10-22,1900.12,sz000858,五粮液
2019-10-23,1876.8,sz000858,五粮液
2019-10-24,1838.08,sz000858,五粮液
2019-10-25,1889.02,sz000858,五粮液
2019-10-28,1914.69,sz000858,五粮液
2019-10-29,1934.82,sz000858,五粮液
2019-10-30,1927.19,sz000858,五粮液
2019-10-31,1942.87,sz000858,五粮液
2019-11-01,1965.35,sz000858,五粮液
2019-11-04,1969.38,sz000858,五粮液
2019-11-05,1973.4,sz000858,五粮液
2019-11-06,1950.5,sz000858,五粮液
2019-11-07,1958.0,sz000858,五粮液
2019-11-08,1977.71,sz000858,五粮液
2019-11-11,1951.75,sz000858,五粮液
2019-11-12,1960.77,sz000858,五粮液
2019-11-13,1978.12,sz000858,五粮液
2019-11-14,1977.15,sz000858,五粮液
2019-11-15,1960.22,sz000858,五粮液
2019-11-18,1955.64,sz000858,五粮液
2019-11-19,1962.58,sz000858,五粮液
2019-11-20,1969.52,sz000858,五粮液
2019-11-21,1964.8,sz000858,五粮液
2019-11-22,1899.71,sz000858,五粮液
2019-11-25,1895.96,sz000858,五粮液
2019-11-26,1923.99,sz000858,五粮液
2019-11-27,1934.68,sz000858,五粮液
2019-11-28,1925.24,sz000858,五粮液
2019-11-29,1880.0,sz000858,五粮液
2019-12-02,1872.36,sz000858,五粮液
2019-12-03,1859.04,sz000858,五粮液
2019-12-04,1892.49,sz000858,五粮液
2019-12-05,1888.46,sz000858,五粮液
2019-12-06,1927.6,sz000858,五粮液
2019-12-09,1920.8,sz000858,五粮液
2019-12-10,1925.94,sz000858,五粮液
2019-12-11,1897.62,sz000858,五粮液
2019-12-12,1883.19,sz000858,五粮液
2019-12-13,1907.34,sz000858,五粮液
2019-12-16,1897.76,sz000858,五粮液
2019-12-17,1917.47,sz000858,五粮液
2019-12-18,1927.05,sz000858,五粮液
2019-12-19,1912.06,sz000858,五粮液
2019-12-20,1901.51,sz000858,五粮液
2019-12-23,1888.19,sz000858,五粮液
2019-12-24,1895.96,sz000858,五粮液
2019-12-25,1887.63,sz000858,五粮液
2019-12-26,1888.32,sz000858,五粮液
2019-12-27,1900.12,sz000858,五粮液
2019-12-30,1953.14,sz000858,五粮液
2019-12-31,1955.78,sz000858,五粮液
2020-01-02,1942.87,sz000858,五粮液
2020-01-03,1921.63,sz000858,五粮液
2020-01-06,1902.9,sz000858,五粮液
2020-01-07,1905.26,sz000858,五粮液
2020-01-08,1898.59,sz000858,五粮液
2020-01-09,1924.69,sz000858,五粮液
2020-01-10,1964.24,sz000858,五粮液
2020-01-13,2048.07,sz000858,五粮液
2020-01-14,2032.8,sz000858,五粮液
2020-01-15,2063.89,sz000858,五粮液
2020-01-16,2061.95,sz000858,五粮液
2020-01-17,2032.67,sz000858,五粮液
2020-01-20,2018.93,sz000858,五粮液
2020-01-21,1950.36,sz000858,五粮液
2020-01-22,1937.59,sz000858,五粮液
2020-01-23,1860.71,sz000858,五粮液
2020-02-03,1685.55,sz000858,五粮液
2020-02-04,1698.88,sz000858,五粮液
2020-02-05,1740.65,sz000858,五粮液
2020-02-06,1763.41,sz000858,五粮液
2020-02-07,1783.26,sz000858,五粮液
2020-02-10,1790.89,sz000858,五粮液
2020-02-11,1841.69,sz000858,五粮液
2020-02-12,1837.53,sz000858,五粮液
2020-02-13,1832.67,sz000858,五粮液
2020-02-14,1822.82,sz000858,五粮液
2020-02-17,1834.89,sz000858,五粮液
2020-02-18,1822.26,sz000858,五粮液
2020-02-19,1858.48,sz000858,五粮液
2020-02-20,1916.08,sz000858,五粮液
2020-02-21,1914.0,sz000858,五粮液
2020-02-24,1873.75,sz000858,五粮液
2020-02-25,1848.77,sz000858,五粮液
2020-02-26,1832.11,sz000858,五粮液
2020-02-27,1862.65,sz000858,五粮液
2020-02-28,1783.54,sz000858,五粮液
2020-03-02,1811.99,sz000858,五粮液
2020-03-03,1835.86,sz000858,五粮液
2020-03-04,1848.35,sz000858,五粮液
2020-03-05,1958.41,sz000858,五粮液
2020-03-06,1914.97,sz000858,五粮液
2020-03-09,1862.65,sz000858,五粮液
2020-03-10,1923.99,sz000858,五粮液
2020-03-11,1912.61,sz000858,五粮液
2020-03-12,1859.04,sz000858,五粮液
2020-03-13,1811.3,sz000858,五粮液
2020-03-16,1712.75,sz000858,五粮液
2020-03-17,1669.17,sz000858,五粮液
2020-03-18,1602.97,sz000858,五粮液
2020-03-19,1526.91,sz000858,五粮液
2020-03-20,1615.74,sz000858,五粮液
2020-03-23,1560.22,sz000858,五粮液
2020-03-24,1623.24,sz000858,五粮液
2020-03-25,1691.94,sz000858,五粮液
2020-03-26,1690.41,sz000858,五粮液
2020-03-27,1717.06,sz000858,五粮液
2020-03-30,1681.25,sz000858,五粮液
2020-03-31,1708.59,sz000858,五粮液
2020-04-01,1705.82,sz000858,五粮液
2020-04-02,1736.21,sz000858,五粮液
2020-04-03,1740.79,sz000858,五粮液
2020-04-07,1832.67,sz000858,五粮液
2020-04-08,1848.49,sz000858,五粮液
2020-04-09,1844.33,sz000858,五粮液
2020-04-10,1865.7,sz000858,五粮液
2020-04-13,1844.61,sz000858,五粮液
2020-04-14,1892.49,sz000858,五粮液
2020-04-15,1884.99,sz000858,五粮液
2020-04-16,1859.87,sz000858,五粮液
2020-04-17,1897.62,sz000858,五粮液
2020-04-20,1904.42,sz000858,五粮液
2020-04-21,1865.01,sz000858,五粮液
2020-04-22,1918.16,sz000858,五粮液
2020-04-23,1929.13,sz000858,五粮液
2020-04-24,1933.43,sz000858,五粮液
2020-04-27,1951.47,sz000858,五粮液
2020-04-28,2038.91,sz000858,五粮液
2020-04-29,1990.33,sz000858,五粮液
2020-04-30,1994.08,sz000858,五粮液
2020-05-06,2027.95,sz000858,五粮液
2020-05-07,2079.3,sz000858,五粮液
2020-05-08,2093.04,sz000858,五粮液
2020-05-11,2078.47,sz000858,五粮液
2020-05-12,2093.04,sz000858,五粮液
2020-05-13,2136.06,sz000858,五粮液
2020-05-14,2140.23,sz000858,五粮液
2020-05-15,2125.24,sz000858,五粮液
2020-05-18,2208.1,sz000858,五粮液
2020-05-19,2211.29,sz000858,五粮液
2020-05-20,2203.38,sz000858,五粮液
2020-05-21,2214.9,sz000858,五粮液
2020-05-22,2111.78,sz000858,五粮液
2020-05-25,2150.36,sz000858,五粮液
2020-05-26,2161.19,sz000858,五粮液
2020-05-27,2138.28,sz000858,五粮液
2020-05-28,2138.28,sz000858,五粮液
2020-05-29,2166.6,sz000858,五粮液
2020-06-01,2310.8,sz000858,五粮液
2020-06-02,2313.3,sz000858,五粮液
2020-06-03,2305.94,sz000858,五粮液
2020-06-04,2314.41,sz000858,五粮液
2020-06-05,2331.62,sz000858,五粮液
2020-06-08,2338.84,sz000858,五粮液
2020-06-09,2366.59,sz000858,五粮液
2020-06-10,2365.62,sz000858,五粮液
2020-06-11,2331.34,sz000858,五粮液
2020-06-12,2351.19,sz000858,五粮液
2020-06-15,2288.73,sz000858,五粮液
2020-06-16,2298.17,sz000858,五粮液
2020-06-17,2273.19,sz000858,五粮液
2020-06-18,2307.61,sz000858,五粮液
2020-06-19,2407.68,sz000858,五粮液
2020-06-22,2402.54,sz000858,五粮液
2020-06-23,2471.66,sz000858,五粮液
2020-06-24,2480.4,sz000858,五粮液
2020-06-29,2465.0,sz000858,五粮液
2020-06-30,2515.24,sz000858,五粮液
2020-07-01,2665.96,sz000858,五粮液
2020-07-02,2770.2,sz000858,五粮液
2020-07-03,2759.51,sz000858,五粮液
2020-07-06,2816.41,sz000858,五粮液
2020-07-07,2942.3,sz000858,五粮液
2020-07-08,2962.7,sz000858,五粮液
2020-07-09,2967.69,sz000858,五粮液
2020-07-10,3013.22,sz000858,五粮液
2020-07-13,3168.66,sz000858,五粮液
2020-07-14,3206.14,sz000858,五粮液
2020-07-15,3248.47,sz000858,五粮液
2020-07-16,2937.72,sz000858,五粮液
2020-07-17,2990.87,sz000858,五粮液
2020-07-20,2939.38,sz000858,五粮液
2020-07-21,2993.51,sz000858,五粮液
2020-07-22,3039.59,sz000858,五粮液
2020-07-23,3055.83,sz000858,五粮液
2020-07-24,2935.36,sz000858,五粮液
2020-07-27,2972.97,sz000858,五粮液
2020-07-28,3110.37,sz000858,五粮液
2020-07-29,3123.97,sz000858,五粮液
2020-07-30,3142.57,sz000858,五粮液
2020-07-31,3158.95,sz000858,五粮液
2020-08-03,3162.0,sz000858,五粮液
2020-08-04,3135.35,sz000858,五粮液
2020-08-05,3158.67,sz000858,五粮液
2020-08-06,3069.01,sz000858,五粮液
2020-08-07,3016.83,sz000858,五粮液
2020-08-10,2998.51,sz000858,五粮液
2020-08-11,3040.98,sz000858,五粮液
2020-08-12,3005.86,sz000858,五粮液
2020-08-13,3011.83,sz000858,五粮液
2020-08-14,3095.1,sz000858,五粮液
2020-08-17,3193.51,sz000858,五粮液
2020-08-18,3201.56,sz000858,五粮液
2020-08-19,3224.18,sz000858,五粮液
2020-08-20,3144.24,sz000858,五粮液
2020-08-21,3171.44,sz000858,五粮液
2020-08-24,3263.04,sz000858,五粮液
2020-08-25,3410.16,sz000858,五粮液
2020-08-26,3424.73,sz000858,五粮液
2020-08-27,3444.58,sz000858,五粮液
2020-08-28,3478.16,sz000858,五粮液
2020-08-31,3471.22,sz000858,五粮液
2020-09-01,3419.04,sz000858,五粮液
2020-09-02,3401.83,sz000858,五粮液
2020-09-03,3452.35,sz000858,五粮液
2020-09-04,3335.49,sz000858,五粮液
2020-09-07,3289.27,sz000858,五粮液
2020-09-08,3220.43,sz000858,五粮液
2020-09-09,3152.01,sz000858,五粮液
2020-09-10,3238.06,sz000858,五粮液
2020-09-11,3303.01,sz000858,五粮液
2020-09-14,3333.54,sz000858,五粮液
2020-09-15,3337.01,sz000858,五粮液
2020-09-16,3277.2,sz000858,五粮液
2020-09-17,3230.42,sz000858,五粮液
2020-09-18,3325.77,sz000858,五粮液
2020-09-21,3261.65,sz000858,五粮液
2020-09-22,3233.89,sz000858,五粮液
2020-09-23,3184.21,sz000858,五粮液
2020-09-24,3142.29,sz000858,五粮液
2020-09-25,3154.78,sz000858,五粮液
2020-09-28,3195.45,sz000858,五粮液
2020-09-29,3189.9,sz000858,五粮液
2020-09-30,3207.52,sz000858,五粮液
2020-10-09,3298.71,sz000858,五粮液
2020-10-12,3495.51,sz000858,五粮液
2020-10-13,3502.73,sz000858,五粮液
2020-10-14,3462.9,sz000858,五粮液
2020-10-15,3456.1,sz000858,五粮液
2020-10-16,3427.92,sz000858,五粮液
2020-10-19,3418.21,sz000858,五粮液
2020-10-20,3484.83,sz000858,五粮液
2020-10-21,3495.79,sz000858,五粮液
2020-10-22,3495.37,sz000858,五粮液
2020-10-23,3424.45,sz000858,五粮液
2020-10-26,3368.66,sz000858,五粮液
2020-10-27,3381.01,sz000858,五粮液
2020-10-28,3470.95,sz000858,五粮液
2020-10-29,3610.01,sz000858,五粮液
2020-10-30,3531.6,sz000858,五粮液
2020-11-02,3550.33,sz000858,五粮液
2020-11-03,3615.57,sz000858,五粮液
2020-11-04,3651.65,sz000858,五粮液
2020-11-05,3740.62,sz000858,五粮液
2020-11-06,3739.09,sz000858,五粮液
2020-11-09,3887.59,sz000858,五粮液
2020-11-10,3926.46,sz000858,五粮液
2020-11-11,3872.33,sz000858,五粮液
2020-11-12,3854.98,sz000858,五粮液
2020-11-13,3818.2,sz000858,五粮液
2020-11-16,3929.23,sz000858,五粮液
2020-11-17,3875.1,sz000858,五粮液
2020-11-18,3800.43,sz000858,五粮液
2020-11-19,3814.04,sz000858,五粮液
2020-11-20,3866.36,sz000858,五粮液
2020-11-23,3923.4,sz000858,五粮液
2020-11-24,3912.44,sz000858,五粮液
2020-11-25,3790.03,sz000858,五粮液
2020-11-26,3756.85,sz000858,五粮液
2020-11-27,3780.73,sz000858,五粮液
2020-11-30,3665.53,sz000858,五粮液
2020-12-01,3720.91,sz000858,五粮液
2020-12-02,3756.44,sz000858,五粮液
2020-12-03,3771.43,sz000858,五粮液
2020-12-04,3848.59,sz000858,五粮液
2020-12-07,3890.93,sz000858,五粮液
2020-12-08,3915.35,sz000858,五粮液
2020-12-09,3883.71,sz000858,五粮液
2020-12-10,3855.26,sz000858,五粮液
2020-12-11,3853.17,sz000858,五粮液
2020-12-14,3931.31,sz000858,五粮液
2020-12-15,3898.7,sz000858,五粮液
2020-12-16,3947.69,sz000858,五粮液
2020-12-17,3995.99,sz000858,五粮液
2020-12-18,3982.8,sz000858,五粮液
2020-12-21,4052.89,sz000858,五粮液
2020-12-22,4059.42,sz000858,五粮液
2020-12-23,4002.65,sz000858,五粮液
2020-12-24,3961.43,sz000858,五粮液
2020-12-25,3969.76,sz000858,五粮液
2020-12-28,4108.96,sz000858,五粮液
2020-12-29,4040.26,sz000858,五粮液
2020-12-30,4121.87,sz000858,五粮液
2020-12-31,4190.85,sz000858,五粮液
2021-01-04,4276.9,sz000858,五粮液
2021-01-05,4581.27,sz000858,五粮液
2021-01-06,4696.74,sz000858,五粮液
2021-01-07,4720.33,sz000858,五粮液
2021-01-08,4539.91,sz000858,五粮液
2021-01-11,4320.62,sz000858,五粮液
2021-01-12,4442.75,sz000858,五粮液
2021-01-13,4377.94,sz000858,五粮液
2021-01-14,4156.85,sz000858,五粮液
2021-01-15,4133.25,sz000858,五粮液
2021-01-18,4089.53,sz000858,五粮液
2021-01-19,4047.2,sz000858,五粮液
2021-01-20,4093.7,sz000858,五粮液
2021-01-21,4261.63,sz000858,五粮液
2021-01-22,4242.34,sz000858,五粮液
2021-01-25,4521.73,sz000858,五粮液
2021-01-26,4384.19,sz000858,五粮液
2021-01-27,4200.98,sz000858,五粮液
2021-01-28,4109.66,sz000858,五粮液
2021-01-29,4181.0,sz000858,五粮液
2021-02-01,4196.96,sz000858,五粮液
2021-02-02,4361.15,sz000858,五粮液
2021-02-03,4425.41,sz000858,五粮液
2021-02-04,4492.72,sz000858,五粮液
2021-02-05,4578.21,sz000858,五粮液
2021-02-08,4581.54,sz000858,五粮液
2021-02-09,4713.4,sz000858,五粮液
2021-02-10,4895.9,sz000858,五粮液
2021-02-18,4768.91,sz000858,五粮液
2021-02-19,4920.19,sz000858,五粮液
2021-02-22,4485.22,sz000858,五粮液
2021-02-23,4512.15,sz000858,五粮液
2021-02-24,4207.92,sz000858,五粮液
2021-02-25,4149.91,sz000858,五粮液
2021-02-26,4026.38,sz000858,五粮液
2021-03-01,4151.57,sz000858,五粮液
2021-03-02,4036.1,sz000858,五粮液
2021-03-03,4099.94,sz000858,五粮液
2021-03-04,3836.38,sz000858,五粮液
2021-03-05,3839.02,sz000858,五粮液
2021-03-08,3533.68,sz000858,五粮液
2021-03-09,3505.92,sz000858,五粮液
2021-03-10,3646.1,sz000858,五粮液
2021-03-11,3818.75,sz000858,五粮液
2021-03-12,3810.57,sz000858,五粮液
2021-03-15,3624.03,sz000858,五粮液
2021-03-16,3782.25,sz000858,五粮液
2021-03-17,3808.62,sz000858,五粮液
2021-03-18,3893.01,sz000858,五粮液
2021-03-19,3759.77,sz000858,五粮液
2021-03-22,3741.87,sz000858,五粮液
2021-03-23,3780.03,sz000858,五粮液
2021-03-24,3759.91,sz000858,五粮液
2021-03-25,3693.01,sz000858,五粮液
2021-03-26,3831.38,sz000858,五粮液
2021-03-29,3916.6,sz000858,五粮液
2021-03-30,3935.62,sz000858,五粮液
2021-03-31,3859.56,sz000858,五粮液
2021-04-01,3930.34,sz000858,五粮液
2021-04-02,4089.67,sz000858,五粮液
2021-04-06,4092.45,sz000858,五粮液
2021-04-07,3899.39,sz000858,五粮液
2021-04-08,3930.34,sz000858,五粮液
2021-04-09,3822.36,sz000858,五粮液
2021-04-12,3762.54,sz000858,五粮液
2021-04-13,3789.05,sz000858,五粮液
2021-04-14,3801.27,sz000858,五粮液
2021-04-15,3690.51,sz000858,五粮液
2021-04-16,3773.79,sz000858,五粮液
2021-04-19,3827.5,sz000858,五粮液
2021-04-20,3856.37,sz000858,五粮液
2021-04-21,3899.39,sz000858,五粮液
2021-04-22,3904.11,sz000858,五粮液
2021-04-23,4026.38,sz000858,五粮液
2021-04-26,3956.99,sz000858,五粮液
2021-04-27,4051.64,sz000858,五粮液
2021-04-28,4104.11,sz000858,五粮液
2021-04-29,4158.23,sz000858,五粮液
2021-04-30,4095.78,sz000858,五粮液
2021-05-06,3976.98,sz000858,五粮液
2021-05-07,3916.74,sz000858,五粮液
2021-05-10,3804.32,sz000858,五粮液
2021-05-11,3963.24,sz000858,五粮液
2021-05-12,3991.83,sz000858,五粮液
2021-05-13,3970.87,sz000858,五粮液
2021-05-14,4123.54,sz000858,五粮液
2021-05-17,4264.96,sz000858,五粮液
2021-05-18,4297.02,sz000858,五粮液
2021-05-19,4342.69,sz000858,五粮液
2021-05-20,4352.68,sz000858,五粮液
2021-05-21,4256.78,sz000858,五粮液
2021-05-24,4373.5,sz000858,五粮液
2021-05-25,4623.6,sz000858,五粮液
2021-05-26,4567.67,sz000858,五粮液
2021-05-27,4556.28,sz000858,五粮液
2021-05-28,4538.52,sz000858,五粮液
2021-05-31,4513.81,sz000858,五粮液
2021-06-01,4521.86,sz000858,五粮液
2021-06-02,4468.29,sz000858,五粮液
2021-06-03,4492.86,sz000858,五粮液
2021-06-04,4516.31,sz000858,五粮液
2021-06-07,4483.14,sz000858,五粮液
2021-06-08,4275.51,sz000858,五粮液
2021-06-09,4255.39,sz000858,五粮液
2021-06-10,4346.3,sz000858,五粮液
2021-06-11,4325.75,sz000858,五粮液
2021-06-15,4293.69,sz000858,五粮液
2021-06-16,4197.37,sz000858,五粮液
2021-06-17,4223.74,sz000858,五粮液
2021-06-18,4179.05,sz000858,五粮液
2021-06-21,4260.52,sz000858,五粮液
2021-06-22,4302.44,sz000858,五粮液
2021-06-23,4178.22,sz000858,五粮液
2021-06-24,4202.65,sz000858,五粮液
2021-06-25,4302.85,sz000858,五粮液
2021-06-28,4391.54,sz000858,五粮液
2021-06-29,4283.84,sz000858,五粮液
2021-06-30,4274.68,sz000858,五粮液
2021-07-01,4278.98,sz000858,五粮液
2021-07-02,4110.07,sz000858,五粮液
2021-07-05,4041.65,sz000858,五粮液
2021-07-06,3988.22,sz000858,五粮液
2021-07-07,4090.09,sz000858,五粮液
2021-07-08,3885.37,sz000858,五粮液
2021-07-09,3885.65,sz000858,五粮液
2021-07-12,3936.59,sz000858,五粮液
2021-07-13,4006.68,sz000858,五粮液
2021-07-14,3996.96,sz000858,五粮液
2021-07-15,4073.71,sz000858,五粮液
2021-07-16,4027.77,sz000858,五粮液
2021-07-19,4074.54,sz000858,五粮液
2021-07-20,4094.11,sz000858,五粮液
2021-07-21,4079.12,sz000858,五粮液
2021-07-22,4063.58,sz000858,五粮液
2021-07-23,3940.2,sz000858,五粮液
2021-07-26,3639.44,sz000858,五粮液
2021-07-27,3384.2,sz000858,五粮液
2021-07-28,3460.95,sz000858,五粮液
2021-07-29,3438.33,sz000858,五粮液
2021-07-30,3239.86,sz000858,五粮液
2021-08-02,3430.0,sz000858,五粮液
2021-08-03,3507.73,sz000858,五粮液
2021-08-04,3430.7,sz000858,五粮液
2021-08-05,3328.96,sz000858,五粮液
2021-08-06,3312.73,sz000858,五粮液
2021-08-09,3368.38,sz000858,五粮液
2021-08-10,3630.56,sz000858,五粮液
2021-08-11,3593.08,sz000858,五粮液
2021-08-12,3478.16,sz000858,五粮液
2021-08-13,3518.14,sz000858,五粮液
2021-08-16,3516.75,sz000858,五粮液
2021-08-17,3367.55,sz000858,五粮液
2021-08-18,3354.36,sz000858,五粮液
2021-08-19,3266.23,sz000858,五粮液
2021-08-20,3040.42,sz000858,五粮液
2021-08-23,3035.7,sz000858,五粮液
2021-08-24,3090.66,sz000858,五粮液
2021-08-25,3194.75,sz000858,五粮液
2021-08-26,3051.38,sz000858,五粮液
2021-08-27,3030.7,sz000858,五粮液
2021-08-30,3049.03,sz000858,五粮液
2021-08-31,2975.33,sz000858,五粮液
2021-09-01,3058.88,sz000858,五粮液
2021-09-02,2968.94,sz000858,五粮液
2021-09-03,3033.62,sz000858,五粮液
2021-09-06,3110.93,sz000858,五粮液
2021-09-07,3118.0,sz000858,五粮液
2021-09-08,3059.02,sz000858,五粮液
2021-09-09,3053.61,sz000858,五粮液
2021-09-10,3142.01,sz000858,五粮液
2021-09-13,3059.99,sz000858,五粮液
2021-09-14,3031.4,sz000858,五粮液
2021-09-15,2931.05,sz000858,五粮液
2021-09-16,2910.24,sz000858,五粮液
2021-09-17,2978.94,sz000858,五粮液
2021-09-22,2867.63,sz000858,五粮液
2021-09-23,2874.43,sz000858,五粮液
2021-09-24,2959.09,sz000858,五粮液
2021-09-27,3237.36,sz000858,五粮液
2021-09-28,3186.98,sz000858,五粮液
2021-09-29,3211.13,sz000858,五粮液
2021-09-30,3220.99,sz000858,五粮液
2021-10-08,3343.54,sz000858,五粮液
2021-10-11,3337.71,sz000858,五粮液
2021-10-12,3359.08,sz000858,五粮液
2021-10-13,3499.95,sz000858,五粮液
2021-10-14,3507.03,sz000858,五粮液
2021-10-15,3428.2,sz000858,五粮液
2021-10-18,3164.5,sz000858,五粮液
2021-10-19,3215.16,sz000858,五粮液
2021-10-20,3228.62,sz000858,五粮液
2021-10-21,3243.19,sz000858,五粮液
2021-10-22,3299.26,sz000858,五粮液
2021-10-25,3234.45,sz000858,五粮液
2021-10-26,3238.61,sz000858,五粮液
2021-10-27,3173.94,sz000858,五粮液
2021-10-28,3164.08,sz000858,五粮液
2021-10-29,3181.01,sz000858,五粮液
2021-11-01,3020.43,sz000858,五粮液
2021-11-02,2970.19,sz000858,五粮液
2021-11-03,2939.8,sz000858,五粮液
2021-11-04,3046.53,sz000858,五粮液
2021-11-05,3094.96,sz000858,五粮液
2021-11-08,3104.4,sz000858,五粮液
2021-11-09,3073.59,sz000858,五粮液
2021-11-10,3030.98,sz000858,五粮液
2021-11-11,3042.22,sz000858,五粮液
2021-11-12,3005.31,sz000858,五粮液
2021-11-15,3017.1,sz000858,五粮液
2021-11-16,3118.42,sz000858,五粮液
2021-11-17,3111.62,sz000858,五粮液
2021-11-18,3071.51,sz000858,五粮液
2021-11-19,3126.75,sz000858,五粮液
2021-11-22,3173.52,sz000858,五粮液
2021-11-23,3157.28,sz000858,五粮液
2021-11-24,3290.8,sz000858,五粮液
2021-11-25,3270.4,sz000858,五粮液
2021-11-26,3269.15,sz000858,五粮液
2021-11-29,3295.1,sz000858,五粮液
2021-11-30,3201.69,sz000858,五粮液
2021-12-01,3237.22,sz000858,五粮液
2021-12-02,3267.62,sz000858,五粮液
2021-12-03,3360.61,sz000858,五粮液
2021-12-06,3400.16,sz000858,五粮液
2021-12-07,3423.76,sz000858,五粮液
2021-12-08,3562.55,sz000858,五粮液
2021-12-09,3659.7,sz000858,五粮液
2021-12-10,3604.19,sz000858,五粮液
2021-12-13,3645.54,sz000858,五粮液
2021-12-14,3645.82,sz000858,五粮液
2021-12-15,3559.77,sz000858,五粮液
2021-12-16,3555.61,sz000858,五粮液
2021-12-17,3439.86,sz000858,五粮液
2021-12-20,3451.52,sz000858,五粮液
2021-12-21,3391.14,sz000858,五粮液
2021-12-22,3397.67,sz000858,五粮液
2021-12-23,3465.53,sz000858,五粮液
2021-12-24,3533.96,sz000858,五粮液
2021-12-27,3454.43,sz000858,五粮液
2021-12-28,3473.45,sz000858,五粮液
2021-12-29,3308.56,sz000858,五粮液
2021-12-30,3305.79,sz000858,五粮液
2021-12-31,3266.37,sz000858,五粮液
2022-01-04,3278.86,sz000858,五粮液
2022-01-05,3281.5,sz000858,五粮液
2022-01-06,3222.24,sz000858,五粮液
2022-01-07,3196.98,sz000858,五粮液
2022-01-10,3159.5,sz000858,五粮液
2022-01-11,3137.3,sz000858,五粮液
2022-01-12,3200.58,sz000858,五粮液
2022-01-13,3075.4,sz000858,五粮液
2022-01-14,3051.8,sz000858,五粮液
2022-01-17,3074.56,sz000858,五粮液
2022-01-18,3111.34,sz000858,五粮液
2022-01-19,3101.77,sz000858,五粮液
2022-01-20,3135.35,sz000858,五粮液
2022-01-21,3191.42,sz000858,五粮液
2022-01-24,3161.03,sz000858,五粮液
2022-01-25,3067.9,sz000858,五粮液
2022-01-26,3035.84,sz000858,五粮液
2022-01-27,2999.06,sz000858,五粮液
2022-01-28,2929.39,sz000858,五粮液
2022-02-07,2891.08,sz000858,五粮液
2022-02-08,2813.08,sz000858,五粮液
2022-02-09,2896.08,sz000858,五粮液
2022-02-10,2855.27,sz000858,五粮液
2022-02-11,2872.35,sz000858,五粮液
2022-02-14,2924.25,sz000858,五粮液
2022-02-15,2949.1,sz000858,五粮液
2022-02-16,2943.68,sz000858,五粮液
2022-02-17,2916.34,sz000858,五粮液
2022-02-18,2937.99,sz000858,五粮液
2022-02-21,2940.77,sz000858,五粮液
2022-02-22,2860.27,sz000858,五粮液
2022-02-23,2899.13,sz000858,五粮液
2022-02-24,2794.9,sz000858,五粮液
2022-02-25,2819.74,sz000858,五粮液
2022-02-28,2813.08,sz000858,五粮液
2022-03-01,2857.36,sz000858,五粮液
2022-03-02,2801.98,sz000858,五粮液
2022-03-03,2703.02,sz000858,五粮液
2022-03-04,2623.91,sz000858,五粮液
2022-03-07,2479.99,sz000858,五粮液
2022-03-08,2483.46,sz000858,五粮液
2022-03-09,2436.68,sz000858,五粮液
2022-03-10,2565.34,sz000858,五粮液
2022-03-11,2560.07,sz000858,五粮液
2022-03-14,2483.73,sz000858,五粮液
2022-03-15,2357.16,sz000858,五粮液
2022-03-16,2463.33,sz000858,五粮液
2022-03-17,2511.08,sz000858,五粮液
2022-03-18,2506.36,sz000858,五粮液
2022-03-21,2475.96,sz000858,五粮液
2022-03-22,2456.39,sz000858,五粮液
2022-03-23,2479.15,sz000858,五粮液
2022-03-24,2415.59,sz000858,五粮液
2022-03-25,2357.71,sz000858,五粮液
2022-03-28,2274.58,sz000858,五粮液
2022-03-29,2246.54,sz000858,五粮液
2022-03-30,2354.38,sz000858,五粮液
2022-03-31,2328.15,sz000858,五粮液
2022-04-01,2395.32,sz000858,五粮液
2022-04-06,2396.85,sz000858,五粮液
2022-04-07,2402.96,sz000858,五粮液
2022-04-08,2404.9,sz000858,五粮液
2022-04-11,2308.72,sz000858,五粮液
2022-04-12,2450.56,sz000858,五粮液
2022-04-13,2428.91,sz000858,五粮液
2022-04-14,2557.29,sz000858,五粮液
2022-04-15,2534.11,sz000858,五粮液
2022-04-18,2496.36,sz000858,五粮液
2022-04-19,2466.11,sz000858,五粮液
2022-04-20,2478.6,sz000858,五粮液
2022-04-21,2432.52,sz000858,五粮液
2022-04-22,2472.08,sz000858,五粮液
2022-04-25,2327.32,sz000858,五粮液
2022-04-26,2375.89,sz000858,五粮液
2022-04-27,2416.0,sz000858,五粮液
2022-04-28,2477.9,sz000858,五粮液
2022-04-29,2426.27,sz000858,五粮液
2022-05-05,2418.09,sz000858,五粮液
2022-05-06,2355.91,sz000858,五粮液
2022-05-09,2324.26,sz000858,五粮液
2022-05-10,2331.9,sz000858,五粮液
2022-05-11,2362.15,sz000858,五粮液
2022-05-12,2370.06,sz000858,五粮液
2022-05-13,2354.24,sz000858,五粮液
2022-05-16,2329.82,sz000858,五粮液
2022-05-17,2343.28,sz000858,五粮液
2022-05-18,2321.49,sz000858,五粮液
2022-05-19,2306.78,sz000858,五粮液
2022-05-20,2430.99,sz000858,五粮液
2022-05-23,2388.8,sz000858,五粮液
2022-05-24,2349.11,sz000858,五粮液
2022-05-25,2361.32,sz000858,五粮液
2022-05-26,2358.13,sz000858,五粮液
2022-05-27,2368.26,sz000858,五粮液
2022-05-30,2482.48,sz000858,五粮液
2022-05-31,2554.93,sz000858,五粮液
2022-06-01,2541.19,sz000858,五粮液
2022-06-02,2532.03,sz000858,五粮液
2022-06-06,2576.31,sz000858,五粮液
2022-06-07,2592.68,sz000858,五粮液
2022-06-08,2648.34,sz000858,五粮液
2022-06-09,2618.91,sz000858,五粮液
2022-06-10,2638.48,sz000858,五粮液
2022-06-13,2570.34,sz000858,五粮液
2022-06-14,2588.24,sz000858,五粮液
2022-06-15,2636.54,sz000858,五粮液
2022-06-16,2640.98,sz000858,五粮液
2022-06-17,2690.67,sz000858,五粮液
2022-06-20,2722.73,sz000858,五粮液
2022-06-21,2697.33,sz000858,五粮液
2022-06-22,2647.51,sz000858,五粮液
2022-06-23,2679.84,sz000858,五粮液
2022-06-24,2743.69,sz000858,五粮液
2022-06-27,2854.72,sz000858,五粮液
2022-06-28,2947.01,sz000858,五粮液
2022-06-29,2882.8,sz000858,五粮液
2022-06-30,3020.61,sz000858,五粮液
2022-07-01,3035.47,sz000858,五粮液
2022-07-04,3008.26,sz000858,五粮液
2022-07-05,2974.54,sz000858,五粮液
2022-07-06,2920.82,sz000858,五粮液
2022-07-07,2877.11,sz000858,五粮液
2022-07-08,2892.51,sz000858,五粮液
2022-07-11,2846.43,sz000858,五粮液
2022-07-12,2855.04,sz000858,五粮液
2022-07-13,2898.06,sz000858,五粮液
2022-07-14,2856.84,sz000858,五粮液
2022-07-15,2853.65,sz000858,五粮液
2022-07-18,2817.98,sz000858,五粮液
2022-07-19,2839.77,sz000858,五粮液
2022-07-20,2842.69,sz000858,五粮液
2022-07-21,2809.24,sz000858,五粮液
2022-07-22,2798.27,sz000858,五粮液
2022-07-25,2828.39,sz000858,五粮液
2022-07-26,2868.78,sz000858,五粮液
2022-07-27,2828.67,sz000858,五粮液
2022-07-28,2815.07,sz000858,五粮液
2022-07-29,2694.04,sz000858,五粮液
2022-08-01,2696.54,sz000858,五粮液
2022-08-02,2656.01,sz000858,五粮液
2022-08-03,2641.16,sz000858,五粮液
2022-08-04,2671.56,sz000858,五粮液
2022-08-05,2704.87,sz000858,五粮液
2022-08-08,2687.24,sz000858,五粮液
2022-08-09,2674.33,sz000858,五粮液
2022-08-10,2632.97,sz000858,五粮液
2022-08-11,2687.24,sz000858,五粮液
2022-08-12,2698.21,sz000858,五粮液
2022-08-15,2660.73,sz000858,五粮液
2022-08-16,2650.05,sz000858,五粮液
2022-08-17,2663.51,sz000858,五粮液
2022-08-18,2625.06,sz000858,五粮液
2022-08-19,2628.26,sz000858,五粮液
2022-08-22,2598.28,sz000858,五粮液
2022-08-23,2549.7,sz000858,五粮液
2022-08-24,2539.15,sz000858,五粮液
2022-08-25,2569.27,sz000858,五粮液
2022-08-26,2578.85,sz000858,五粮液
2022-08-29,2512.92,sz000858,五粮液
2022-08-30,2494.6,sz000858,五粮液
2022-08-31,2538.46,sz000858,五粮液
2022-09-01,2488.08,sz000858,五粮液
2022-09-02,2464.21,sz000858,五粮液
2022-09-05,2425.07,sz000858,五粮液
2022-09-06,2446.02,sz000858,五粮液
2022-09-07,2423.96,sz000858,五粮液
2022-09-08,2425.76,sz000858,五粮液
2022-09-09,2458.93,sz000858,五粮液
2022-09-13,2489.05,sz000858,五粮液
2022-09-14,2471.98,sz000858,五粮液
2022-09-15,2499.74,sz000858,五粮液
2022-09-16,2453.66,sz000858,五粮液
2022-09-19,2480.58,sz000858,五粮液
2022-09-20,2519.03,sz000858,五粮液
2022-09-21,2486.55,sz000858,五粮液
2022-09-22,2423.4,sz000858,五粮液
2022-09-23,2426.59,sz000858,五粮液
2022-09-26,2467.95,sz000858,五粮液
2022-09-27,2588.98,sz000858,五粮液
2022-09-28,2571.91,sz000858,五粮液
2022-09-29,2556.78,sz000858,五粮液
2022-09-30,2566.77,sz000858,五粮液
2022-10-10,2423.4,sz000858,五粮液
2022-10-11,2419.1,sz000858,五粮液
2022-10-12,2391.48,sz000858,五粮液
2022-10-13,2349.43,sz000858,五粮液
2022-10-14,2426.45,sz000858,五粮液
2022-10-17,2406.05,sz000858,五粮液
2022-10-18,2420.63,sz000858,五粮液
2022-10-19,2362.33,sz000858,五粮液
2022-10-20,2357.48,sz000858,五粮液
2022-10-21,2329.72,sz000858,五粮液
2022-10-24,2205.92,sz000858,五粮液
2022-10-25,2190.51,sz000858,五粮液
2022-10-26,2208.28,sz000858,五粮液
2022-10-27,2120.84,sz000858,五粮液
2022-10-28,2126.39,sz000858,五粮液
2022-10-31,2070.87,sz000858,五粮液
2022-11-01,2196.9,sz000858,五粮液
2022-11-02,2211.33,sz000858,五粮液
2022-11-03,2173.86,sz000858,五粮液
2022-11-04,2299.88,sz000858,五粮液
2022-11-07,2315.7,sz000858,五粮液
2022-11-08,2265.04,sz000858,五粮液
2022-11-09,2236.03,sz000858,五粮液
2022-11-10,2241.03,sz000858,五粮液
2022-11-11,2300.16,sz000858,五粮液
2022-11-14,2304.04,sz000858,五粮液
2022-11-15,2357.48,sz000858,五粮液
2022-11-16,2358.31,sz000858,五粮液
2022-11-17,2335.96,sz000858,五粮液
2022-11-18,2349.98,sz000858,五粮液
2022-11-21,2285.03,sz000858,五粮液
2022-11-22,2303.07,sz000858,五粮液
2022-11-23,2296.69,sz000858,五粮液
2022-11-24,2269.48,sz000858,五粮液
2022-11-25,2263.52,sz000858,五粮液
2022-11-28,2267.26,sz000858,五粮液
2022-11-29,2369.97,sz000858,五粮液
2022-11-30,2395.09,sz000858,五粮液
2022-12-01,2502.37,sz000858,五粮液
2022-12-02,2481.14,sz000858,五粮液
2022-12-05,2556.78,sz000858,五粮液
2022-12-06,2652.4,sz000858,五粮液
2022-12-07,2628.53,sz000858,五粮液
2022-12-08,2643.52,sz000858,五粮液
2022-12-09,2761.63,sz000858,五粮液
2022-12-12,2693.35,sz000858,五粮液
2022-12-13,2708.89,sz000858,五粮液
2022-12-14,2772.87,sz000858,五粮液
2022-12-15,2743.45,sz000858,五粮液
2022-12-16,2751.22,sz000858,五粮液
2022-12-19,2715.55,sz000858,五粮液
2022-12-20,2612.29,sz000858,五粮液
2022-12-21,2639.77,sz000858,五粮液
2022-12-22,2709.31,sz000858,五粮液
2022-12-23,2720.27,sz000858,五粮液
2022-12-26,2696.82,sz000858,五粮液
2022-12-27,2730.82,sz000858,五粮液
2022-12-28,2718.75,sz000858,五粮液
2022-12-29,2698.9,sz000858,五粮液
2022-12-30,2725.82,sz000858,五粮液
2023-01-03,2691.27,sz000858,五粮液
2023-01-04,2697.1,sz000858,五粮液
2023-01-05,2841.16,sz000858,五粮液
2023-01-06,2861.42,sz000858,五粮液
2023-01-09,2936.65,sz000858,五粮液
2023-01-10,2927.76,sz000858,五粮液
2023-01-11,2911.94,sz000858,五粮液
2023-01-12,2902.09,sz000858,五粮液
2023-01-13,2974.12,sz000858,五粮液
2023-01-16,3084.32,sz000858,五粮液
2023-01-17,3033.52,sz000858,五粮液
2023-01-18,3074.33,sz000858,五粮液
2023-01-19,3067.39,sz000858,五粮液
2023-01-20,3114.85,sz000858,五粮液
2023-01-30,3238.1,sz000858,五粮液
2023-01-31,3118.74,sz000858,五粮液
2023-02-01,3133.45,sz000858,五粮液
2023-02-02,3167.45,sz000858,五粮液
2023-02-03,3132.62,sz000858,五粮液
2023-02-06,3017.42,sz000858,五粮液
2023-02-07,3037.82,sz000858,五粮液
2023-02-08,2987.58,sz000858,五粮液
2023-02-09,3096.39,sz000858,五粮液
2023-02-10,3059.06,sz000858,五粮液
2023-02-13,3165.93,sz000858,五粮液
2023-02-14,3122.07,sz000858,五粮液
2023-02-15,3146.5,sz000858,五粮液
2023-02-16,3143.58,sz000858,五粮液
2023-02-17,3106.94,sz000858,五粮液
2023-02-20,3173.56,sz000858,五粮液
2023-02-21,3133.73,sz000858,五粮液
2023-02-22,3097.92,sz000858,五粮液
2023-02-23,3064.61,sz000858,五粮液
2023-02-24,3009.1,sz000858,五粮液
2023-02-27,3060.59,sz000858,五粮液
2023-02-28,3055.17,sz000858,五粮液
2023-03-01,3096.26,sz000858,五粮液
2023-03-02,3080.43,sz000858,五粮液
2023-03-03,3073.77,sz000858,五粮液
2023-03-06,3057.39,sz000858,五粮液
2023-03-07,3000.07,sz000858,五粮液
2023-03-08,2984.11,sz000858,五粮液
2023-03-09,2966.07,sz000858,五粮液
2023-03-10,2927.76,sz000858,五粮液
2023-03-13,2974.4,sz000858,五粮液
2023-03-14,2928.32,sz000858,五粮液
2023-03-15,2887.24,sz000858,五粮液
2023-03-16,2871.69,sz000858,五粮液
2023-03-17,2834.22,sz000858,五粮液
2023-03-20,2798.13,sz000858,五粮液
2023-03-21,2886.13,sz000858,五粮液
2023-03-22,2879.6,sz000858,五粮液
2023-03-23,2918.6,sz000858,五粮液
2023-03-24,2896.95,sz000858,五粮液
2023-03-27,2860.73,sz000858,五粮液
2023-03-28,2889.74,sz000858,五粮液
2023-03-29,2928.32,sz000858,五粮液
2023-03-30,2971.48,sz000858,五粮液
2023-03-31,2952.19,sz000858,五粮液
2023-04-03,2927.07,sz000858,五粮液
2023-04-04,2940.39,sz000858,五粮液
2023-04-06,2862.53,sz000858,五粮液
2023-04-07,2841.99,sz000858,五粮液
2023-04-10,2780.79,sz000858,五粮液
2023-04-11,2723.6,sz000858,五粮液
2023-04-12,2658.23,sz000858,五粮液
2023-04-13,2686.82,sz000858,五粮液
2023-04-14,2655.04,sz000858,五粮液
2023-04-17,2690.99,sz000858,五粮液
2023-04-18,2692.93,sz000858,五粮液
2023-04-19,2664.76,sz000858,五粮液
2023-04-20,2626.03,sz000858,五粮液
2023-04-21,2605.22,sz000858,五粮液
2023-04-24,2549.7,sz000858,五粮液
2023-04-25,2574.68,sz000858,五粮液
2023-04-26,2558.17,sz000858,五粮液
2023-04-27,2565.94,sz000858,五粮液
2023-04-28,2563.58,sz000858,五粮液
2023-05-04,2562.89,sz000858,五粮液
2023-05-05,2628.95,sz000858,五粮液
2023-05-08,2596.89,sz000858,五粮液
2023-05-09,2643.66,sz000858,五粮液
2023-05-10,2623.54,sz000858,五粮液
2023-05-11,2613.13,sz000858,五粮液
2023-05-12,2568.71,sz000858,五粮液
2023-05-15,2611.32,sz000858,五粮液
2023-05-16,2584.26,sz000858,五粮液
2023-05-17,2568.3,sz000858,五粮液
2023-05-18,2558.86,sz000858,五粮液
2023-05-19,2588.56,sz000858,五粮液
2023-05-22,2683.08,sz000858,五粮液
2023-05-23,2632.97,sz000858,五粮液
2023-05-24,2582.32,sz000858,五粮液
2023-05-25,2552.48,sz000858,五粮液
2023-05-26,2578.85,sz000858,五粮液
2023-05-29,2553.31,sz000858,五粮液
2023-05-30,2510.42,sz000858,五粮液
2023-05-31,2455.05,sz000858,五粮液
2023-06-01,2484.75,sz000858,五粮液
2023-06-02,2548.31,sz000858,五粮液
2023-06-05,2510.84,sz000858,五粮液
2023-06-06,2516.67,sz000858,五粮液
2023-06-07,2494.18,sz000858,五粮液
2023-06-08,2505.56,sz000858,五粮液
2023-06-09,2502.37,sz000858,五粮液
2023-06-12,2583.15,sz000858,五粮液
2023-06-13,2620.21,sz000858,五粮液
2023-06-14,2684.05,sz000858,五粮液
2023-06-15,2744.01,sz000858,五粮液
2023-06-16,2772.87,sz000858,五粮液
2023-06-19,2682.11,sz000858,五粮液
2023-06-20,2633.11,sz000858,五粮液
2023-06-21,2596.89,sz000858,五粮液
2023-06-26,2531.1,sz000858,五粮液
2023-06-27,2576.1,sz000858,五粮液
2023-06-28,2583.73,sz000858,五粮液
2023-06-29,2544.04,sz000858,五粮液
2023-06-30,2540.71,sz000858,五粮液
2023-07-03,2593.31,sz000858,五粮液
2023-07-04,2605.24,sz000858,五粮液
2023-07-05,2565.83,sz000858,五粮液
2023-07-06,2550.84,sz000858,五粮液
2023-07-07,2541.96,sz000858,五粮液
2023-07-10,2555.0,sz000858,五粮液
2023-07-11,2562.5,sz000858,五粮液
2023-07-12,2566.94,sz000858,五粮液
2023-07-13,2666.73,sz000858,五粮液
2023-07-14,2657.57,sz000858,五粮液
2023-07-17,2625.23,sz000858,五粮液
2023-07-18,2607.74,sz000858,五粮液
2023-07-19,2606.63,sz000858,五粮液
2023-07-20,2609.96,sz000858,五粮液
2023-07-21,2647.58,sz000858,五粮液
2023-07-24,2621.07,sz000858,五粮液
2023-07-25,2761.8,sz000858,五粮液
2023-07-26,2738.2,sz000858,五粮液
2023-07-27,2747.37,sz000858,五粮液
2023-07-28,2785.12,sz000858,五粮液
2023-07-31,2782.62,sz000858,五粮液
2023-08-01,2767.07,sz000858,五粮液
2023-08-02,2740.7,sz000858,五粮液
2023-08-03,2749.31,sz000858,五粮液
2023-08-04,2758.75,sz000858,五粮液
2023-08-07,2731.4,sz000858,五粮液
2023-08-08,2725.44,sz000858,五粮液
2023-08-09,2729.6,sz000858,五粮液
2023-08-10,2717.53,sz000858,五粮液
2023-08-11,2662.7,sz000858,五粮液
2023-08-14,2610.8,sz000858,五粮液
2023-08-15,2581.37,sz000858,五粮液
2023-08-16,2584.15,sz000858,五粮液
2023-08-17,2608.3,sz000858,五粮液
2023-08-18,2540.15,sz000858,五粮液
2023-08-21,2518.5,sz000858,五粮液
2023-08-22,2521.0,sz000858,五粮液
2023-08-23,2491.3,sz000858,五粮液
2023-08-24,2522.53,sz000858,五粮液
2023-08-25,2512.67,sz000858,五粮液
2023-08-28,2456.32,sz000858,五粮液
2023-08-29,2482.83,sz000858,五粮液
2023-08-30,2460.9,sz000858,五粮液
2023-08-31,2434.39,sz000858,五粮液
2023-09-01,2487.55,sz000858,五粮液
2023-09-04,2601.22,sz000858,五粮液
2023-09-05,2570.55,sz000858,五粮液
2023-09-06,2570.13,sz000858,五粮液
2023-09-07,2534.18,sz000858,五粮液
2023-09-08,2517.81,sz000858,五粮液
2023-09-11,2551.53,sz000858,五粮液
2023-09-12,2532.52,sz000858,五粮液
2023-09-13,2541.82,sz000858,五粮液
2023-09-14,2518.92,sz000858,五粮液
2023-09-15,2487.13,sz000858,五粮液
2023-09-18,2530.02,sz000858,五粮液
2023-09-19,2503.79,sz000858,五粮液
2023-09-20,2488.94,sz000858,五粮液
2023-09-21,2458.68,sz000858,五粮液
2023-09-22,2490.05,sz000858,五粮液
2023-09-25,2475.89,sz000858,五粮液
2023-09-26,2444.66,sz000858,五粮液
2023-09-27,2443.83,sz000858,五粮液
2023-09-28,2437.03,sz000858,五粮液
2023-10-09,2411.63,sz000858,五粮液
2023-10-10,2399.7,sz000858,五粮液
2023-10-11,2403.72,sz000858,五粮液
2023-10-12,2431.9,sz000858,五粮液
2023-10-13,2402.75,sz000858,五粮液
2023-10-16,2354.31,sz000858,五粮液
2023-10-17,2358.06,sz000858,五粮液
2023-10-18,2341.82,sz000858,五粮液
2023-10-19,2272.56,sz000858,五粮液
2023-10-20,2264.93,sz000858,五粮液
2023-10-23,2265.62,sz000858,五粮液
2023-10-24,2269.79,sz000858,五粮液
2023-10-25,2343.21,sz000858,五粮液
2023-10-26,2366.94,sz000858,五粮液
2023-10-27,2393.87,sz000858,五粮液
2023-10-30,2443.97,sz000858,五粮液
2023-10-31,2435.64,sz000858,五粮液
2023-11-01,2491.16,sz000858,五粮液
2023-11-02,2462.01,sz000858,五粮液
2023-11-03,2486.58,sz000858,五粮液
2023-11-06,2488.94,sz000858,五粮液
2023-11-07,2481.58,sz000858,五粮液
2023-11-08,2472.14,sz000858,五粮液
2023-11-09,2471.03,sz000858,五粮液
2023-11-10,2448.13,sz000858,五粮液
2023-11-13,2420.1,sz000858,五粮液
2023-11-14,2434.25,sz000858,五粮液
2023-11-15,2452.99,sz000858,五粮液
2023-11-16,2440.78,sz000858,五粮液
2023-11-17,2421.76,sz000858,五粮液
2023-11-20,2413.44,sz000858,五粮液
2023-11-21,2425.93,sz000858,五粮液
2023-11-22,2401.08,sz000858,五粮液
2023-11-23,2394.98,sz000858,五粮液
2023-11-24,2397.2,sz000858,五粮液
2023-11-27,2341.96,sz000858,五粮液
2023-11-28,2335.02,sz000858,五粮液
2023-11-29,2328.77,sz000858,五粮液
2023-11-30,2340.57,sz000858,五粮液
2023-12-01,2313.65,sz000858,五粮液
2023-12-04,2294.77,sz000858,五粮液
2023-12-05,2250.64,sz000858,五粮液
2023-12-06,2270.48,sz000858,五粮液
2023-12-07,2248.55,sz000858,五粮液
2023-12-08,2254.24,sz000858,五粮液
2023-12-11,2202.48,sz000858,五粮液
2023-12-12,2203.86,sz000858,五粮液
2023-12-13,2127.25,sz000858,五粮液
2023-12-14,2111.57,sz000858,五粮液
2023-12-15,2126.14,sz000858,五粮液
2023-12-18,2130.3,sz000858,五粮液
2023-12-19,2121.01,sz000858,五粮液
2023-12-20,2104.35,sz000858,五粮液
2023-12-21,2131.69,sz000858,五粮液
2023-12-22,2122.25,sz000858,五粮液
2023-12-25,2137.94,sz000858,五粮液
2023-12-26,2134.75,sz000858,五粮液
2023-12-27,2127.95,sz000858,五粮液
2023-12-28,2214.97,sz000858,五粮液
2023-12-29,2217.88,sz000858,五粮液
2024-01-02,2158.06,sz000858,五粮液
2024-01-03,2142.52,sz000858,五粮液
2024-01-04,2106.99,sz000858,五粮液
2024-01-05,2092.0,sz000858,五粮液
2024-01-08,2048.42,sz000858,五粮液
2024-01-09,2044.39,sz000858,五粮液
2024-01-10,2058.13,sz000858,五粮液
2024-01-11,2069.51,sz000858,五粮液
2024-01-12,2057.44,sz000858,五粮液
2024-01-15,2056.47,sz000858,五粮液
2024-01-16,2052.72,sz000858,五粮液
2024-01-17,2007.34,sz000858,五粮液
2024-01-18,2045.64,sz000858,五粮液
2024-01-19,2059.38,sz000858,五粮液
2024-01-22,2033.15,sz000858,五粮液
2024-01-23,2038.43,sz000858,五粮液
2024-01-24,2047.72,sz000858,五粮液
2024-01-25,2090.19,sz000858,五粮液
2024-01-26,2088.67,sz000858,五粮液
2024-01-29,2099.49,sz000858,五粮液
2024-01-30,2043.01,sz000858,五粮液
2024-01-31,2023.44,sz000858,五粮液
2024-02-01,2026.21,sz000858,五粮液
2024-02-02,1989.02,sz000858,五粮液
2024-02-05,2027.18,sz000858,五粮液
2024-02-06,2116.29,sz000858,五粮液
2024-02-07,2128.5,sz000858,五粮液
2024-02-08,2124.61,sz000858,五粮液
2024-02-19,2160.14,sz000858,五粮液
2024-02-20,2135.58,sz000858,五粮液
2024-02-21,2227.74,sz000858,五粮液
2024-02-22,2228.85,sz000858,五粮液
2024-02-23,2237.31,sz000858,五粮液
2024-02-26,2210.25,sz000858,五粮液
2024-02-27,2210.25,sz000858,五粮液
2024-02-28,2207.06,sz000858,五粮液
2024-02-29,2244.81,sz000858,五粮液
2024-03-01,2249.53,sz000858,五粮液
2024-03-04,2218.16,sz000858,五粮液
2024-03-05,2235.65,sz000858,五粮液
2024-03-06,2200.53,sz000858,五粮液
2024-03-07,2189.29,sz000858,五粮液
2024-03-08,2191.65,sz000858,五粮液
2024-03-11,2229.68,sz000858,五粮液
2024-03-12,2328.91,sz000858,五粮液
2024-03-13,2321.28,sz000858,五粮液
2024-03-14,2346.26,sz000858,五粮液
2024-03-15,2386.93,sz000858,五粮液
2024-03-18,2400.95,sz000858,五粮液
2024-03-19,2454.66,sz000858,五粮液
2024-03-20,2448.83,sz000858,五粮液
2024-03-21,2444.11,sz000858,五粮液
2024-03-22,2399.97,sz000858,五粮液
2024-03-25,2376.24,sz000858,五粮液
2024-03-26,2424.82,sz000858,五粮液
2024-03-27,2389.29,sz000858,五粮液
2024-03-28,2395.39,sz000858,五粮液
2024-03-29,2401.08,sz000858,五粮液
2024-04-01,2453.41,sz000858,五粮液
2024-04-02,2428.7,sz000858,五粮液
2024-04-03,2416.21,sz000858,五粮液
2024-04-08,2314.76,sz000858,五粮液
2024-04-09,2303.51,sz000858,五粮液
2024-04-10,2256.88,sz000858,五粮液
2024-04-11,2246.06,sz000858,五粮液
2024-04-12,2220.38,sz000858,五粮液
2024-04-15,2315.17,sz000858,五粮液
2024-04-16,2282.56,sz000858,五粮液
2024-04-17,2287.14,sz000858,五粮液
2024-04-18,2282.7,sz000858,五粮液
2024-04-19,2253.83,sz000858,五粮液
2024-04-22,2276.87,sz000858,五粮液
2024-04-23,2311.15,sz000858,五粮液
2024-04-24,2338.21,sz000858,五粮液
2024-04-25,2338.21,sz000858,五粮液
2024-04-26,2383.6,sz000858,五粮液
2024-04-29,2376.66,sz000858,五粮液
2024-04-30,2358.34,sz000858,五粮液
2024-05-06,2421.9,sz000858,五粮液
2024-05-07,2434.81,sz000858,五粮液
2024-05-08,2421.76,sz000858,五粮液
2024-05-09,2419.54,sz000858,五粮液
2024-05-10,2413.85,sz000858,五粮液
2024-05-13,2367.64,sz000858,五粮液
2024-05-14,2370.97,sz000858,五粮液
2024-05-15,2371.38,sz000858,五粮液
2024-05-16,2408.58,sz000858,五粮液
2024-05-17,2441.33,sz000858,五粮液
2024-05-20,2453.69,sz000858,五粮液
2024-05-21,2443.14,sz000858,五粮液
2024-05-22,2423.43,sz000858,五粮液
2024-05-23,2402.33,sz000858,五粮液
2024-05-24,2368.33,sz000858,五粮液
2024-05-27,2374.3,sz000858,五粮液
2024-05-28,2352.78,sz000858,五粮液
2024-05-29,2341.4,sz000858,五粮液
2024-05-30,2300.46,sz000858,五粮液
2024-05-31,2306.57,sz000858,五粮液
2024-06-03,2296.58,sz000858,五粮液
2024-06-04,2321.56,sz000858,五粮液
2024-06-05,2293.52,sz000858,五粮液
2024-06-06,2281.59,sz000858,五粮液
2024-06-07,2246.06,sz000858,五粮液
2024-06-11,2192.48,sz000858,五粮液
2024-06-12,2184.43,sz000858,五粮液
2024-06-13,2138.08,sz000858,五粮液
2024-06-14,2153.62,sz000858,五粮液
2024-06-17,2154.32,sz000858,五粮液
2024-06-18,2128.78,sz000858,五粮液
2024-06-19,2133.36,sz000858,五粮液
2024-06-20,2105.32,sz000858,五粮液
2024-06-21,2077.56,sz000858,五粮液
2024-06-24,2089.08,sz000858,五粮液
2024-06-25,2095.75,sz000858,五粮液
2024-06-26,2092.83,sz000858,五粮液
2024-06-27,2069.93,sz000858,五粮液
2024-06-28,2047.59,sz000858,五粮液
2024-07-01,2051.19,sz000858,五粮液
2024-07-02,2096.44,sz000858,五粮液
2024-07-03,2088.67,sz000858,五粮液
2024-07-04,2082.98,sz000858,五粮液
2024-07-05,2060.22,sz000858,五粮液
2024-07-08,2018.02,sz000858,五粮液
2024-07-09,2034.12,sz000858,五粮液
2024-07-10,2026.77,sz000858,五粮液
2024-07-11,2081.45,sz000858,五粮液
2024-07-12,2103.52,sz000858,五粮液
2024-07-15,2104.91,sz000858,五粮液
2024-07-16,2104.63,sz000858,五粮液
2024-07-17,2150.15,sz000858,五粮液
2024-07-18,2154.87,sz000858,五粮液
2024-07-19,2187.07,sz000858,五粮液
2024-07-22,2156.54,sz000858,五粮液
2024-07-23,2095.19,sz000858,五粮液
2024-07-24,2084.92,sz000858,五粮液
2024-07-25,2081.03,sz000858,五粮液
2024-07-26,2086.86,sz000858,五粮液
2024-07-29,2057.72,sz000858,五粮液
2024-07-30,2046.48,sz000858,五粮液
2024-07-31,2096.02,sz000858,五粮液
2024-08-01,2056.33,sz000858,五粮液
2024-08-02,2052.17,sz000858,五粮液
2024-08-05,2084.09,sz000858,五粮液
2024-08-06,2082.7,sz000858,五粮液
2024-08-07,2097.97,sz000858,五粮液
2024-08-08,2116.7,sz000858,五粮液
2024-08-09,2112.96,sz000858,五粮液
2024-08-12,2107.82,sz000858,五粮液
2024-08-13,2078.54,sz000858,五粮液
2024-08-14,2060.91,sz000858,五粮液
2024-08-15,2069.51,sz000858,五粮液
2024-08-16,2070.35,sz000858,五粮液
2024-08-19,2055.64,sz000858,五粮液
2024-08-20,2044.53,sz000858,五粮液
2024-08-21,2031.35,sz000858,五粮液
2024-08-22,2014.55,sz000858,五粮液
2024-08-23,2016.22,sz000858,五粮液
2024-08-26,1974.72,sz000858,五粮液
2024-08-27,1968.89,sz000858,五粮液
2024-08-28,1917.54,sz000858,五粮液
2024-08-29,1983.88,sz000858,五粮液
2024-08-30,2042.87,sz000858,五粮液
2024-09-02,1986.93,sz000858,五粮液
2024-09-03,2005.25,sz000858,五粮液
2024-09-04,1988.46,sz000858,五粮液
2024-09-05,1994.57,sz000858,五粮液
2024-09-06,1966.53,sz000858,五粮液
2024-09-09,1948.35,sz000858,五粮液
2024-09-10,1951.27,sz000858,五粮液
2024-09-11,1945.44,sz000858,五粮液
2024-09-12,1908.66,sz000858,五粮液
2024-09-13,1850.92,sz000858,五粮液
2024-09-18,1829.96,sz000858,五粮液
2024-09-19,1874.51,sz000858,五粮液
2024-09-20,1865.91,sz000858,五粮液
2024-09-23,1893.81,sz000858,五粮液
2024-09-24,2005.81,sz000858,五粮液
2024-09-25,2029.96,sz000858,五粮液
2024-09-26,2199.42,sz000858,五粮液
2024-09-27,2385.82,sz000858,五粮液
2024-09-30,2590.81,sz000858,五粮液
2024-10-08,2612.18,sz000858,五粮液
2024-10-09,2384.98,sz000858,五粮液
2024-10-10,2444.66,sz000858,五粮液
2024-10-11,2412.33,sz000858,五粮液
2024-10-14,2413.85,sz000858,五粮液
2024-10-15,2333.91,sz000858,五粮液
2024-10-16,2301.29,sz000858,五粮液
2024-10-17,2249.94,sz000858,五粮液
2024-10-18,2320.03,sz000858,五粮液
2024-10-21,2320.17,sz000858,五粮液
2024-10-22,2353.9,sz000858,五粮液
2024-10-23,2396.78,sz000858,五粮液
2024-10-24,2368.05,sz000858,五粮液
2024-10-25,2390.95,sz000858,五粮液
2024-10-28,2472.28,sz000858,五粮液
2024-10-29,2428.29,sz000858,五粮液
2024-10-30,2400.53,sz000858,五粮液
2024-10-31,2373.19,sz000858,五粮液
2024-11-01,2388.32,sz000858,五粮液
2024-11-04,2397.75,sz000858,五粮液
2024-11-05,2456.04,sz000858,五粮液
2024-11-06,2434.53,sz000858,五粮液
2024-11-07,2587.06,sz000858,五粮液
2024-11-08,2506.98,sz000858,五粮液
2024-11-11,2484.08,sz000858,五粮液
2024-11-12,2476.86,sz000858,五粮液
2024-11-13,2471.87,sz000858,五粮液
2024-11-14,2465.62,sz000858,五粮液
2024-11-15,2435.09,sz000858,五粮液
2024-11-18,2407.88,sz000858,五粮液
2024-11-19,2395.67,sz000858,五粮液
2024-11-20,2411.63,sz000858,五粮液
2024-11-21,2410.24,sz000858,五粮液
2024-11-22,2346.26,sz000858,五粮液
2024-11-25,2331.13,sz000858,五粮液
2024-11-26,2345.01,sz000858,五粮液
2024-11-27,2376.24,sz000858,五粮液
2024-11-28,2333.91,sz000858,五粮液
2024-11-29,2372.35,sz000858,五粮液
2024-12-02,2381.1,sz000858,五粮液
2024-12-03,2375.41,sz000858,五粮液
2024-12-04,2357.92,sz000858,五粮液
2024-12-05,2348.2,sz000858,五粮液
2024-12-06,2367.77,sz000858,五粮液
2024-12-09,2358.34,sz000858,五粮液
2024-12-10,2404.69,sz000858,五粮液
2024-12-11,2408.86,sz000858,五粮液
2024-12-12,2442.44,sz000858,五粮液
2024-12-13,2389.98,sz000858,五粮液
2024-12-16,2342.1,sz000858,五粮液
2024-12-17,2346.26,sz000858,五粮液
2024-12-18,2350.56,sz000858,五粮液
2024-12-19,2327.66,sz000858,五粮液
2024-12-20,2322.95,sz000858,五粮液
2024-12-23,2312.4,sz000858,五粮液
2024-12-24,2326.69,sz000858,五粮液
2024-12-25,2321.14,sz000858,五粮液
2024-12-26,2312.95,sz000858,五粮液
2024-12-27,2313.37,sz000858,五粮液
2024-12-30,2295.19,sz000858,五粮液
2024-12-31,2278.95,sz000858,五粮液
2025-01-02,2236.62,sz000858,五粮液
2025-01-03,2214.55,sz000858,五粮液
2025-01-06,2151.12,sz000858,五粮液
2025-01-07,2151.4,sz000858,五粮液
2025-01-08,2135.44,sz000858,五粮液
2025-01-09,2147.65,sz000858,五粮液
2025-01-10,2120.17,sz000858,五粮液
2025-01-13,2128.5,sz000858,五粮液
2025-01-14,2181.52,sz000858,五粮液
2025-01-15,2178.05,sz000858,五粮液
2025-01-16,2160.14,sz000858,五粮液
2025-01-17,2171.53,sz000858,五粮液
2025-01-20,2199.28,sz000858,五粮液
2025-01-21,2186.65,sz000858,五粮液
2025-01-22,2144.46,sz000858,五粮液
2025-01-23,2156.62,sz000858,五粮液
2025-01-24,2143.71,sz000858,五粮液
2025-01-27,2136.49,sz000858,五粮液
2025-02-05,2106.1,sz000858,五粮液
2025-02-06,2118.45,sz000858,五粮液
2025-02-07,2142.46,sz000858,五粮液
2025-02-10,2141.07,sz000858,五粮液
2025-02-11,2123.45,sz000858,五粮液
2025-02-12,2143.43,sz000858,五粮液
2025-02-13,2196.31,sz000858,五粮液
2025-02-14,2192.43,sz000858,五粮液
2025-02-17,2196.87,sz000858,五粮液
2025-02-18,2178.13,sz000858,五粮液
2025-02-19,2190.76,sz000858,五粮液
2025-02-20,2182.3,sz000858,五粮液
2025-02-21,2190.9,sz000858,五粮液
2025-02-24,2201.73,sz000858,五粮液
2025-02-25,2158.01,sz000858,五粮液
2025-02-26,2172.58,sz000858,五粮液
2025-02-27,2213.52,sz000858,五粮液
2025-02-28,2197.28,sz000858,五粮液
2025-03-03,2187.01,sz000858,五粮液
2025-03-04,2171.89,sz000858,五粮液
2025-03-05,2156.06,sz000858,五粮液
2025-03-06,2198.67,sz000858,五粮液
2025-03-07,2241.98,sz000858,五粮液
2025-03-10,2212.69,sz000858,五粮液
2025-03-11,2247.53,sz000858,五粮液
2025-03-12,2216.58,sz000858,五粮液
2025-03-13,2208.53,sz000858,五粮液
2025-03-14,2325.25,sz000858,五粮液
2025-03-17,2311.93,sz000858,五粮液
2025-03-18,2307.9,sz000858,五粮液
2025-03-19,2299.16,sz000858,五粮液
2025-03-20,2258.49,sz000858,五粮液
2025-03-21,2239.2,sz000858,五粮液
2025-03-24,2235.17,sz000858,五粮液
2025-03-25,2224.76,sz000858,五粮液
2025-03-26,2221.85,sz000858,五粮液
2025-03-27,2229.48,sz000858,五粮液
2025-03-28,2220.18,sz000858,五粮液
2025-03-31,2194.09,sz000858,五粮液
2025-04-01,2200.2,sz000858,五粮液
2025-04-02,2191.32,sz000858,五粮液
2025-04-03,2203.11,sz000858,五粮液
2025-04-07,2130.67,sz000858,五粮液
2025-04-08,2185.9,sz000858,五粮液
2025-04-09,2206.58,sz000858,五粮液
2025-04-10,2219.07,sz000858,五粮液
2025-04-11,2197.56,sz000858,五粮液
2025-04-14,2189.79,sz000858,五粮液
2025-04-15,2194.09,sz000858,五粮液
2025-04-16,2207.28,sz000858,五粮液
2025-04-17,2210.47,sz000858,五粮液
2025-04-18,2199.64,sz000858,五粮液
2025-04-21,2180.07,sz000858,五粮液
2025-04-22,2176.74,sz000858,五粮液
2025-04-23,2174.94,sz000858,五粮液
2025-04-24,2162.31,sz000858,五粮液
2025-04-25,2162.17,sz000858,五粮液
2025-04-28,2187.15,sz000858,五粮液
2025-04-29,2169.11,sz000858,五粮液
2025-04-30,2157.31,sz000858,五粮液
2025-05-06,2168.28,sz000858,五粮液
2025-05-07,2175.22,sz000858,五粮液
2025-05-08,2200.34,sz000858,五粮液
2025-05-09,2197.28,sz000858,五粮液
2025-05-12,2216.58,sz000858,五粮液
2025-05-13,2216.85,sz000858,五粮液
2025-05-14,2248.36,sz000858,五粮液
2025-05-15,2226.29,sz000858,五粮液
2025-05-16,2190.35,sz000858,五粮液
2025-05-19,2165.64,sz000858,五粮液
2025-05-20,2163.28,sz000858,五粮液
2025-05-21,2165.09,sz000858,五粮液
2025-05-22,2162.73,sz000858,五粮液
2025-05-23,2149.68,sz000858,五粮液
2025-05-26,2125.53,sz000858,五粮液
2025-05-27,2122.06,sz000858,五粮液
2025-05-28,2132.61,sz000858,五粮液
2025-05-29,2138.16,sz000858,五粮液
2025-05-30,2125.95,sz000858,五粮液
2025-06-03,2101.52,sz000858,五粮液
2025-06-04,2099.72,sz000858,五粮液
2025-06-05,2106.38,sz000858,五粮液
2025-06-06,2107.21,sz000858,五粮液
2025-06-09,2105.41,sz000858,五粮液
2025-06-10,2097.49,sz000858,五粮液
2025-06-11,2101.8,sz000858,五粮液
2025-06-12,2071.26,sz000858,五粮液
2025-06-13,2024.35,sz000858,五粮液
2025-06-16,2012.56,sz000858,五粮液
2025-06-17,2004.78,sz000858,五粮液
2025-06-18,2013.39,sz000858,五粮液
2025-06-19,1998.81,sz000858,五粮液
2025-06-20,2030.46,sz000858,五粮液
2025-06-23,2012.69,sz000858,五粮液
2025-06-24,2033.1,sz000858,五粮液
2025-06-25,2039.06,sz000858,五粮液
2025-06-26,2032.82,sz000858,五粮液
2025-06-27,2025.18,sz000858,五粮液
2025-06-30,2021.3,sz000858,五粮液
2025-07-01,2017.55,sz000858,五粮液
2025-07-02,2025.18,sz000858,五粮液
2025-07-03,2031.29,sz000858,五粮液
2025-07-04,2041.98,sz000858,五粮液
2025-07-07,2035.32,sz000858,五粮液
2025-07-08,2047.39,sz000858,五粮液
2025-07-09,2058.77,sz000858,五粮液
2025-07-10,2072.37,sz000858,五粮液
2025-07-11,2096.25,sz000858,五粮液
2025-07-14,2111.65,sz000858,五粮液
2025-07-15,2105.96,sz000858,五粮液
2025-07-16,2109.85,sz000858,五粮液
2025-07-17,2117.34,sz000858,五粮液
2025-07-18,2133.01,sz000858,五粮液
2025-07-21,2116.08,sz000858,五粮液
2025-07-22,2157.3,sz000858,五粮液
2025-07-23,2152.72,sz000858,五粮液
2025-07-24,2157.58,sz000858,五粮液
2025-07-25,2129.68,sz000858,五粮液
2025-07-28,2136.9,sz000858,五粮液
2025-07-29,2129.4,sz000858,五粮液
2025-07-30,2143.28,sz000858,五粮液
2025-07-31,2096.51,sz000858,五粮液
2025-08-01,2094.43,sz000858,五粮液
2025-08-04,2093.32,sz000858,五粮液
2025-08-05,2107.61,sz000858,五粮液
2025-08-06,2110.53,sz000858,五粮液
2025-08-07,2115.94,sz000858,五粮液
2025-08-08,2111.36,sz000858,五粮液
2025-08-11,2135.23,sz000858,五粮液
2025-08-12,2124.82,sz000858,五粮液
2025-08-13,2124.82,sz000858,五粮液
2025-08-14,2119.96,sz000858,五粮液
2025-08-15,2123.57,sz000858,五粮液
2025-08-18,2132.59,sz000858,五粮液
2025-08-19,2141.75,sz000858,五粮液
2025-08-20,2160.77,sz000858,五粮液
2025-08-21,2156.19,sz000858,五粮液
2025-08-22,2160.91,sz000858,五粮液
2025-08-25,2218.37,sz000858,五粮液
2025-08-26,2215.73,sz000858,五粮液
2025-08-27,2172.43,sz000858,五粮液
2025-08-28,2156.47,sz000858,五粮液
2025-08-29,2212.82,sz000858,五粮液
2025-09-01,2203.66,sz000858,五粮液
2025-09-02,2199.35,sz000858,五粮液
2025-09-03,2172.43,sz000858,五粮液
2025-09-04,2157.02,sz000858,五粮液
2025-09-05,2175.06,sz000858,五粮液
2025-09-08,2206.71,sz000858,五粮液
2025-09-09,2202.68,sz000858,五粮液
2025-09-10,2192.41,sz000858,五粮液
2025-09-11,2198.8,sz000858,五粮液
2025-09-12,2180.34,sz000858,五粮液
2025-09-15,2172.84,sz000858,五粮液
2025-09-16,2161.05,sz000858,五粮液
2025-09-17,2163.27,sz000858,五粮液
2025-09-18,2135.23,sz000858,五粮液
2025-09-19,2137.17,sz000858,五粮液
2025-09-22,2115.25,sz000858,五粮液
2025-09-23,2110.94,sz000858,五粮液
2025-09-24,2113.44,sz000858,五粮液
2025-09-25,2101.64,sz000858,五粮液
2025-09-26,2082.91,sz000858,五粮液
2025-09-29,2107.2,sz000858,五粮液
2025-09-30,2101.09,sz000858,五粮液
2025-10-09,2096.65,sz000858,五粮液
2025-10-10,2090.68,sz000858,五粮液
2025-10-13,2078.47,sz000858,五粮液
2025-10-14,2109.28,sz000858,五粮液
2025-10-15,2109.28,sz000858,五粮液
2025-10-16,2118.58,sz000858,五粮液
2025-10-17,2095.4,sz000858,五粮液
2025-10-20,2086.93,sz000858,五粮液
2025-10-21,2087.77,sz000858,五粮液
2025-10-22,2081.94,sz000858,五粮液
2025-10-23,2099.01,sz000858,五粮液
2025-10-24,2084.57,sz000858,五粮液
2025-10-27,2084.57,sz000858,五粮液
2025-10-28,2081.94,sz000858,五粮液
2025-10-29,2064.31,sz000858,五粮液
2025-10-30,2059.31,sz000858,五粮液
2025-10-31,2066.53,sz000858,五粮液
2025-11-03,2066.39,sz000858,五粮液
2025-11-04,2041.13,sz000858,五粮液
2025-11-05,2027.53,sz000858,五粮液
2025-11-06,2027.39,sz000858,五粮液
2025-11-07,2035.44,sz000858,五粮液
2025-11-10,2091.65,sz000858,五粮液
2025-11-11,2091.37,sz000858,五粮液
2025-11-12,2085.82,sz000858,五粮液
2025-11-13,2097.2,sz000858,五粮液
2025-11-14,2083.46,sz000858,五粮液
2025-11-17,2082.63,sz000858,五粮液
2025-11-18,2085.54,sz000858,五粮液
2025-11-19,2079.02,sz000858,五粮液
2025-11-20,2084.02,sz000858,五粮液
2025-11-21,2076.11,sz000858,五粮液
2025-11-24,2060.01,sz000858,五粮液
2025-11-25,2059.87,sz000858,五粮液
2025-11-26,2056.4,sz000858,五粮液
2025-11-27,2051.96,sz000858,五粮液
2025-11-28,2050.71,sz000858,五粮液
2025-12-01,2047.93,sz000858,五粮液
2025-12-02,2032.94,sz000858,五粮液
2025-12-03,2019.48,sz000858,五粮液
2025-12-04,2003.52,sz000858,五粮液
2025-12-05,2010.6,sz000858,五粮液
2025-12-08,1987.14,sz000858,五粮液
2025-12-09,1953.97,sz000858,五粮液
2025-12-10,1964.24,sz000858,五粮液
2025-12-11,1968.13,sz000858,五粮液
2025-12-12,1963.96,sz000858,五粮液
2025-12-15,1975.76,sz000858,五粮液
2025-12-16,1983.4,sz000858,五粮液
2025-12-17,1988.95,sz000858,五粮液
2025-12-18,1983.51,sz000858,五粮液
2025-12-19,1984.89,sz000858,五粮液
2025-12-22,1982.12,sz000858,五粮液
2025-12-23,1973.65,sz000858,五粮液
2025-12-24,1967.55,sz000858,五粮液
2025-12-25,1985.87,sz000858,五粮液
2025-12-26,1974.48,sz000858,五粮液
2025-12-29,1950.61,sz000858,五粮液
2025-12-30,1940.9,sz000858,五粮液
2025-12-31,1921.19,sz000858,五粮液
2018-01-02,222.68,sz000333,美的集团
2018-01-03,220.5,sz000333,美的集团
2018-01-04,226.09,sz000333,美的集团
2018-01-05,228.6,sz000333,美的集团
2018-01-08,227.48,sz000333,美的集团
2018-01-09,234.3,sz000333,美的集团
2018-01-10,238.35,sz000333,美的集团
2018-01-11,234.83,sz000333,美的集团
2018-01-12,239.25,sz000333,美的集团
2018-01-15,240.6,sz000333,美的集团
2018-01-16,240.34,sz000333,美的集团
2018-01-17,231.56,sz000333,美的集团
2018-01-18,232.31,sz000333,美的集团
2018-01-19,229.39,sz000333,美的集团
2018-01-22,241.61,sz000333,美的集团
2018-01-23,244.2,sz000333,美的集团
2018-01-24,237.79,sz000333,美的集团
2018-01-25,241.13,sz000333,美的集团
2018-01-26,243.75,sz000333,美的集团
2018-01-29,235.76,sz000333,美的集团
2018-01-30,231.6,sz000333,美的集团
2018-01-31,235.58,sz000333,美的集团
2018-02-01,233.78,sz000333,美的集团
2018-02-02,235.88,sz000333,美的集团
2018-02-05,226.2,sz000333,美的集团
2018-02-06,219.38,sz000333,美的集团
2018-02-07,209.21,sz000333,美的集团
2018-02-08,212.89,sz000333,美的集团
2018-02-09,206.18,sz000333,美的集团
2018-02-12,215.33,sz000333,美的集团
2018-02-13,218.66,sz000333,美的集团
2018-02-14,224.7,sz000333,美的集团
2018-02-22,229.28,sz000333,美的集团
2018-02-23,227.06,sz000333,美的集团
2018-02-26,227.63,sz000333,美的集团
2018-02-27,216.0,sz000333,美的集团
2018-02-28,217.31,sz000333,美的集团
2018-03-01,219.75,sz000333,美的集团
2018-03-02,222.08,sz000333,美的集团
2018-03-05,221.33,sz000333,美的集团
2018-03-06,222.0,sz000333,美的集团
2018-03-07,222.23,sz000333,美的集团
2018-03-08,233.14,sz000333,美的集团
2018-03-09,235.91,sz000333,美的集团
2018-03-12,238.99,sz000333,美的集团
2018-03-13,240.23,sz000333,美的集团
2018-03-14,237.75,sz000333,美的集团
2018-03-15,241.54,sz000333,美的集团
2018-03-16,235.09,sz000333,美的集团
2018-03-19,234.64,sz000333,美的集团
2018-03-20,233.78,sz000333,美的集团
2018-03-21,229.8,sz000333,美的集团
2018-03-22,224.63,sz000333,美的集团
2018-03-23,222.15,sz000333,美的集团
2018-03-26,218.51,sz000333,美的集团
2018-03-27,216.04,sz000333,美的集团
2018-03-28,210.45,sz000333,美的集团
2018-03-29,218.63,sz000333,美的集团
2018-03-30,215.74,sz000333,美的集团
2018-04-02,209.4,sz000333,美的集团
2018-04-03,208.2,sz000333,美的集团
2018-04-04,210.04,sz000333,美的集团
2018-04-09,203.63,sz000333,美的集团
2018-04-10,209.14,sz000333,美的集团
2018-04-11,209.93,sz000333,美的集团
2018-04-12,205.76,sz000333,美的集团
2018-04-13,203.7,sz000333,美的集团
2018-04-16,197.96,sz000333,美的集团
2018-04-17,198.34,sz000333,美的集团
2018-04-18,193.99,sz000333,美的集团
2018-04-19,204.64,sz000333,美的集团
2018-04-20,204.0,sz000333,美的集团
2018-04-23,206.44,sz000333,美的集团
2018-04-24,212.06,sz000333,美的集团
2018-04-25,208.58,sz000333,美的集团
2018-04-26,204.0,sz000333,美的集团
2018-04-27,205.05,sz000333,美的集团
2018-05-02,203.81,sz000333,美的集团
2018-05-03,210.75,sz000333,美的集团
2018-05-04,207.38,sz000333,美的集团
2018-05-07,212.25,sz000333,美的集团
2018-05-08,217.88,sz000333,美的集团
2018-05-09,218.06,sz000333,美的集团
2018-05-10,219.68,sz000333,美的集团
2018-05-11,217.31,sz000333,美的集团
2018-05-14,222.9,sz000333,美的集团
2018-05-15,222.83,sz000333,美的集团
2018-05-16,219.75,sz000333,美的集团
2018-05-17,214.95,sz000333,美的集团
2018-05-18,217.84,sz000333,美的集团
2018-05-21,218.06,sz000333,美的集团
2018-05-22,213.11,sz000333,美的集团
2018-05-23,210.0,sz000333,美的集团
2018-05-24,206.63,sz000333,美的集团
2018-05-25,205.46,sz000333,美的集团
2018-05-28,210.53,sz000333,美的集团
2018-05-29,208.84,sz000333,美的集团
2018-05-30,205.91,sz000333,美的集团
2018-05-31,214.16,sz000333,美的集团
2018-06-01,211.31,sz000333,美的集团
2018-06-04,218.21,sz000333,美的集团
2018-06-05,221.89,sz000333,美的集团
2018-06-06,221.03,sz000333,美的集团
2018-06-07,219.38,sz000333,美的集团
2018-06-08,220.73,sz000333,美的集团
2018-06-11,226.95,sz000333,美的集团
2018-06-12,230.21,sz000333,美的集团
2018-06-13,229.46,sz000333,美的集团
2018-06-14,224.93,sz000333,美的集团
2018-06-15,226.8,sz000333,美的集团
2018-06-19,220.58,sz000333,美的集团
2018-06-20,222.6,sz000333,美的集团
2018-06-21,219.08,sz000333,美的集团
2018-06-22,216.94,sz000333,美的集团
2018-06-25,214.13,sz000333,美的集团
2018-06-26,211.99,sz000333,美的集团
2018-06-27,205.05,sz000333,美的集团
2018-06-28,203.63,sz000333,美的集团
2018-06-29,211.58,sz000333,美的集团
2018-07-02,198.3,sz000333,美的集团
2018-07-03,194.85,sz000333,美的集团
2018-07-04,184.91,sz000333,美的集团
2018-07-05,188.44,sz000333,美的集团
2018-07-06,193.5,sz000333,美的集团
2018-07-09,199.69,sz000333,美的集团
2018-07-10,197.63,sz000333,美的集团
2018-07-11,192.75,sz000333,美的集团
2018-07-12,195.11,sz000333,美的集团
2018-07-13,195.15,sz000333,美的集团
2018-07-16,193.43,sz000333,美的集团
2018-07-17,190.01,sz000333,美的集团
2018-07-18,187.88,sz000333,美的集团
2018-07-19,189.56,sz000333,美的集团
2018-07-20,190.39,sz000333,美的集团
2018-07-23,190.43,sz000333,美的集团
2018-07-24,197.18,sz000333,美的集团
2018-07-25,194.55,sz000333,美的集团
2018-07-26,195.15,sz000333,美的集团
2018-07-27,192.71,sz000333,美的集团
2018-07-30,193.73,sz000333,美的集团
2018-07-31,194.29,sz000333,美的集团
2018-08-01,189.3,sz000333,美的集团
2018-08-02,181.05,sz000333,美的集团
2018-08-03,172.8,sz000333,美的集团
2018-08-06,174.38,sz000333,美的集团
2018-08-07,183.23,sz000333,美的集团
2018-08-08,181.31,sz000333,美的集团
2018-08-09,185.03,sz000333,美的集团
2018-08-10,184.43,sz000333,美的集团
2018-08-13,182.96,sz000333,美的集团
2018-08-14,179.44,sz000333,美的集团
2018-08-15,173.33,sz000333,美的集团
2018-08-16,174.45,sz000333,美的集团
2018-08-17,169.95,sz000333,美的集团
2018-08-20,172.13,sz000333,美的集团
2018-08-21,175.35,sz000333,美的集团
2018-08-22,172.16,sz000333,美的集团
2018-08-23,170.33,sz000333,美的集团
2018-08-24,170.93,sz000333,美的集团
2018-08-27,176.66,sz000333,美的集团
2018-08-28,178.16,sz000333,美的集团
2018-08-29,175.16,sz000333,美的集团
2018-08-30,172.5,sz000333,美的集团
2018-08-31,171.75,sz000333,美的集团
2018-09-03,172.24,sz000333,美的集团
2018-09-04,174.3,sz000333,美的集团
2018-09-05,169.5,sz000333,美的集团
2018-09-06,167.03,sz000333,美的集团
2018-09-07,166.88,sz000333,美的集团
2018-10-29,151.76,sz000333,美的集团
2018-10-30,151.99,sz000333,美的集团
2018-10-31,154.65,sz000333,美的集团
2018-11-01,160.58,sz000333,美的集团
2018-11-02,169.43,sz000333,美的集团
2018-11-05,170.55,sz000333,美的集团
2018-11-06,166.43,sz000333,美的集团
2018-11-07,168.68,sz000333,美的集团
2018-11-08,168.11,sz000333,美的集团
2018-11-09,164.89,sz000333,美的集团
2018-11-12,166.28,sz000333,美的集团
2018-11-13,170.63,sz000333,美的集团
2018-11-14,168.94,sz000333,美的集团
2018-11-15,169.91,sz000333,美的集团
2018-11-16,173.25,sz000333,美的集团
2018-11-19,174.38,sz000333,美的集团
2018-11-20,168.75,sz000333,美的集团
2018-11-21,166.95,sz000333,美的集团
2018-11-22,168.11,sz000333,美的集团
2018-11-23,165.3,sz000333,美的集团
2018-11-26,165.83,sz000333,美的集团
2018-11-27,164.48,sz000333,美的集团
2018-11-28,165.83,sz000333,美的集团
2018-11-29,161.25,sz000333,美的集团
2018-11-30,160.84,sz000333,美的集团
2018-12-03,168.86,sz000333,美的集团
2018-12-04,167.78,sz000333,美的集团
2018-12-05,165.75,sz000333,美的集团
2018-12-06,161.85,sz000333,美的集团
2018-12-07,160.05,sz000333,美的集团
2018-12-10,154.73,sz000333,美的集团
2018-12-11,154.65,sz000333,美的集团
2018-12-12,157.28,sz000333,美的集团
2018-12-13,166.2,sz000333,美的集团
2018-12-14,164.81,sz000333,美的集团
2018-12-17,163.73,sz000333,美的集团
2018-12-18,161.29,sz000333,美的集团
2018-12-19,159.19,sz000333,美的集团
2018-12-20,159.49,sz000333,美的集团
2018-12-21,157.95,sz000333,美的集团
2018-12-24,157.28,sz000333,美的集团
2018-12-25,155.93,sz000333,美的集团
2018-12-26,154.99,sz000333,美的集团
2018-12-27,153.75,sz000333,美的集团
2018-12-28,153.98,sz000333,美的集团
2019-01-02,152.4,sz000333,美的集团
2019-01-03,151.5,sz000333,美的集团
2019-01-04,154.46,sz000333,美的集团
2019-01-07,154.46,sz000333,美的集团
2019-01-08,153.98,sz000333,美的集团
2019-01-09,162.0,sz000333,美的集团
2019-01-10,163.09,sz000333,美的集团
2019-01-11,165.15,sz000333,美的集团
2019-01-14,163.69,sz000333,美的集团
2019-01-15,169.5,sz000333,美的集团
2019-01-16,170.25,sz000333,美的集团
2019-01-17,169.16,sz000333,美的集团
2019-01-18,173.55,sz000333,美的集团
2019-01-21,173.59,sz000333,美的集团
2019-01-22,170.63,sz000333,美的集团
2019-01-23,171.23,sz000333,美的集团
2019-01-24,171.71,sz000333,美的集团
2019-01-25,172.88,sz000333,美的集团
2019-01-28,172.65,sz000333,美的集团
2019-01-29,177.0,sz000333,美的集团
2019-01-30,173.63,sz000333,美的集团
2019-01-31,178.99,sz000333,美的集团
2019-02-01,181.73,sz000333,美的集团
2019-02-11,188.55,sz000333,美的集团
2019-02-12,190.09,sz000333,美的集团
2019-02-13,191.25,sz000333,美的集团
2019-02-14,192.56,sz000333,美的集团
2019-02-15,185.51,sz000333,美的集团
2019-02-18,189.75,sz000333,美的集团
2019-02-19,188.55,sz000333,美的集团
2019-02-21,187.73,sz000333,美的集团
2019-02-22,186.79,sz000333,美的集团
2019-02-25,200.14,sz000333,美的集团
2019-02-26,193.35,sz000333,美的集团
2019-02-27,194.4,sz000333,美的集团
2019-02-28,194.93,sz000333,美的集团
2019-03-01,197.89,sz000333,美的集团
2019-03-04,199.35,sz000333,美的集团
2019-03-05,199.5,sz000333,美的集团
2019-03-06,199.88,sz000333,美的集团
2019-03-07,194.1,sz000333,美的集团
2019-03-08,187.5,sz000333,美的集团
2019-03-11,190.43,sz000333,美的集团
2019-03-12,188.85,sz000333,美的集团
2019-03-13,189.11,sz000333,美的集团
2019-03-14,189.79,sz000333,美的集团
2019-03-15,195.49,sz000333,美的集团
2019-03-18,200.7,sz000333,美的集团
2019-03-19,200.44,sz000333,美的集团
2019-03-20,199.13,sz000333,美的集团
2019-03-21,196.65,sz000333,美的集团
2019-03-22,198.0,sz000333,美的集团
2019-03-25,190.84,sz000333,美的集团
2019-03-26,190.39,sz000333,美的集团
2019-03-27,194.14,sz000333,美的集团
2019-03-28,192.53,sz000333,美的集团
2019-03-29,198.49,sz000333,美的集团
2019-04-01,214.24,sz000333,美的集团
2019-04-02,210.38,sz000333,美的集团
2019-04-03,211.5,sz000333,美的集团
2019-04-04,216.94,sz000333,美的集团
2019-04-08,218.93,sz000333,美的集团
2019-04-09,222.04,sz000333,美的集团
2019-04-10,220.95,sz000333,美的集团
2019-04-11,212.4,sz000333,美的集团
2019-04-12,208.09,sz000333,美的集团
2019-04-15,208.88,sz000333,美的集团
2019-04-16,214.05,sz000333,美的集团
2019-04-17,214.5,sz000333,美的集团
2019-04-18,216.08,sz000333,美的集团
2019-04-19,222.3,sz000333,美的集团
2019-04-22,213.71,sz000333,美的集团
2019-04-23,211.76,sz000333,美的集团
2019-04-24,213.0,sz000333,美的集团
2019-04-25,208.54,sz000333,美的集团
2019-04-26,200.89,sz000333,美的集团
2019-04-29,208.16,sz000333,美的集团
2019-04-30,212.25,sz000333,美的集团
2019-05-06,199.76,sz000333,美的集团
2019-05-07,206.06,sz000333,美的集团
2019-05-22,208.54,sz000333,美的集团
2019-05-23,201.41,sz000333,美的集团
2019-05-24,202.58,sz000333,美的集团
2019-05-27,202.31,sz000333,美的集团
2019-05-28,205.16,sz000333,美的集团
2019-05-29,204.68,sz000333,美的集团
2019-05-30,206.06,sz000333,美的集团
2019-05-31,206.63,sz000333,美的集团
2019-06-03,208.58,sz000333,美的集团
2019-06-04,207.0,sz000333,美的集团
2019-06-05,206.29,sz000333,美的集团
2019-06-06,204.83,sz000333,美的集团
2019-06-10,207.23,sz000333,美的集团
2019-06-11,213.64,sz000333,美的集团
2019-06-12,213.79,sz000333,美的集团
2019-06-13,211.99,sz000333,美的集团
2019-06-14,210.26,sz000333,美的集团
2019-06-17,211.09,sz000333,美的集团
2019-06-18,211.54,sz000333,美的集团
2019-06-19,215.66,sz000333,美的集团
2019-06-20,220.46,sz000333,美的集团
2019-06-21,216.04,sz000333,美的集团
2019-06-24,216.3,sz000333,美的集团
2019-06-25,213.53,sz000333,美的集团
2019-06-26,213.79,sz000333,美的集团
2019-06-27,214.76,sz000333,美的集团
2019-06-28,215.1,sz000333,美的集团
2019-07-01,223.46,sz000333,美的集团
2019-07-02,226.16,sz000333,美的集团
2019-07-03,223.46,sz000333,美的集团
2019-07-04,224.63,sz000333,美的集团
2019-07-05,227.89,sz000333,美的集团
2019-07-08,224.59,sz000333,美的集团
2019-07-09,222.53,sz000333,美的集团
2019-07-10,222.75,sz000333,美的集团
2019-07-11,224.59,sz000333,美的集团
2019-07-12,226.05,sz000333,美的集团
2019-07-15,225.64,sz000333,美的集团
2019-07-16,221.33,sz000333,美的集团
2019-07-17,218.33,sz000333,美的集团
2019-07-18,218.21,sz000333,美的集团
2019-07-19,217.84,sz000333,美的集团
2019-07-22,218.63,sz000333,美的集团
2019-07-23,220.13,sz000333,美的集团
2019-07-24,220.8,sz000333,美的集团
2019-07-25,221.06,sz000333,美的集团
2019-07-26,220.99,sz000333,美的集团
2019-07-29,223.16,sz000333,美的集团
2019-07-30,227.63,sz000333,美的集团
2019-07-31,225.75,sz000333,美的集团
2019-08-01,221.63,sz000333,美的集团
2019-08-02,218.44,sz000333,美的集团
2019-08-05,214.13,sz000333,美的集团
2019-08-06,213.79,sz000333,美的集团
2019-08-07,211.99,sz000333,美的集团
2019-08-08,214.88,sz000333,美的集团
2019-08-09,212.7,sz000333,美的集团
2019-08-12,212.81,sz000333,美的集团
2019-08-13,209.33,sz000333,美的集团
2019-08-14,208.76,sz000333,美的集团
2019-08-15,207.98,sz000333,美的集团
2019-08-16,209.33,sz000333,美的集团
2019-08-19,214.01,sz000333,美的集团
2019-08-20,213.6,sz000333,美的集团
2019-08-21,214.46,sz000333,美的集团
2019-08-22,214.99,sz000333,美的集团
2019-08-23,216.56,sz000333,美的集团
2019-08-26,212.03,sz000333,美的集团
2019-08-27,215.81,sz000333,美的集团
2019-08-28,216.45,sz000333,美的集团
2019-08-29,215.36,sz000333,美的集团
2019-08-30,218.55,sz000333,美的集团
2019-09-02,223.99,sz000333,美的集团
2019-09-03,224.29,sz000333,美的集团
2019-09-04,224.81,sz000333,美的集团
2019-09-05,222.75,sz000333,美的集团
2019-09-06,223.91,sz000333,美的集团
2019-09-09,223.54,sz000333,美的集团
2019-09-10,222.53,sz000333,美的集团
2019-09-11,220.88,sz000333,美的集团
2019-09-12,223.5,sz000333,美的集团
2019-09-16,221.14,sz000333,美的集团
2019-09-17,219.38,sz000333,美的集团
2019-09-18,218.29,sz000333,美的集团
2019-09-19,218.78,sz000333,美的集团
2019-09-20,218.25,sz000333,美的集团
2019-09-23,215.93,sz000333,美的集团
2019-09-24,215.89,sz000333,美的集团
2019-09-25,212.18,sz000333,美的集团
2019-09-26,211.88,sz000333,美的集团
2019-09-27,213.08,sz000333,美的集团
2019-09-30,212.25,sz000333,美的集团
2019-10-08,218.06,sz000333,美的集团
2019-10-09,217.5,sz000333,美的集团
2019-10-10,216.3,sz000333,美的集团
2019-10-11,219.08,sz000333,美的集团
2019-10-14,221.06,sz000333,美的集团
2019-10-15,221.14,sz000333,美的集团
2019-10-16,221.85,sz000333,美的集团
2019-10-17,220.2,sz000333,美的集团
2019-10-18,218.06,sz000333,美的集团
2019-10-21,221.18,sz000333,美的集团
2019-10-22,222.9,sz000333,美的集团
2019-10-23,222.11,sz000333,美的集团
2019-10-24,222.19,sz000333,美的集团
2019-10-25,222.38,sz000333,美的集团
2019-10-28,221.59,sz000333,美的集团
2019-10-29,223.13,sz000333,美的集团
2019-10-30,221.14,sz000333,美的集团
2019-10-31,228.75,sz000333,美的集团
2019-11-01,241.46,sz000333,美的集团
2019-11-04,242.4,sz000333,美的集团
2019-11-05,243.34,sz000333,美的集团
2019-11-06,245.03,sz000333,美的集团
2019-11-07,243.75,sz000333,美的集团
2019-11-08,244.2,sz000333,美的集团
2019-11-11,235.13,sz000333,美的集团
2019-11-12,230.96,sz000333,美的集团
2019-11-13,232.69,sz000333,美的集团
2019-11-14,232.84,sz000333,美的集团
2019-11-15,232.69,sz000333,美的集团
2019-11-18,233.21,sz000333,美的集团
2019-11-19,237.49,sz000333,美的集团
2019-11-20,234.94,sz000333,美的集团
2019-11-21,231.38,sz000333,美的集团
2019-11-22,229.61,sz000333,美的集团
2019-11-25,232.61,sz000333,美的集团
2019-11-26,232.73,sz000333,美的集团
2019-11-27,227.36,sz000333,美的集团
2019-11-28,227.51,sz000333,美的集团
2019-11-29,224.25,sz000333,美的集团
2019-12-02,225.94,sz000333,美的集团
2019-12-03,225.11,sz000333,美的集团
2019-12-04,228.23,sz000333,美的集团
2019-12-05,228.86,sz000333,美的集团
2019-12-06,231.38,sz000333,美的集团
2019-12-09,233.66,sz000333,美的集团
2019-12-10,236.81,sz000333,美的集团
2019-12-11,234.6,sz000333,美的集团
2019-12-12,234.08,sz000333,美的集团
2019-12-13,239.63,sz000333,美的集团
2019-12-16,238.54,sz000333,美的集团
2019-12-17,240.0,sz000333,美的集团
2019-12-18,238.88,sz000333,美的集团
2019-12-19,238.43,sz000333,美的集团
2019-12-20,237.38,sz000333,美的集团
2019-12-23,235.39,sz000333,美的集团
2019-12-24,234.68,sz000333,美的集团
2019-12-25,235.13,sz000333,美的集团
2019-12-26,236.63,sz000333,美的集团
2019-12-27,235.13,sz000333,美的集团
2019-12-30,238.99,sz000333,美的集团
2019-12-31,239.06,sz000333,美的集团
2020-01-02,244.69,sz000333,美的集团
2020-01-03,239.1,sz000333,美的集团
2020-01-06,235.13,sz000333,美的集团
2020-01-07,238.31,sz000333,美的集团
2020-01-08,239.18,sz000333,美的集团
2020-01-09,243.56,sz000333,美的集团
2020-01-10,245.59,sz000333,美的集团
2020-01-13,246.04,sz000333,美的集团
2020-01-14,245.18,sz000333,美的集团
2020-01-15,243.75,sz000333,美的集团
2020-01-16,244.35,sz000333,美的集团
2020-01-17,246.79,sz000333,美的集团
2020-01-20,246.38,sz000333,美的集团
2020-01-21,238.5,sz000333,美的集团
2020-01-22,236.18,sz000333,美的集团
2020-01-23,227.25,sz000333,美的集团
2020-02-03,208.84,sz000333,美的集团
2020-02-04,218.59,sz000333,美的集团
2020-02-05,218.89,sz000333,美的集团
2020-02-06,222.34,sz000333,美的集团
2020-02-07,218.74,sz000333,美的集团
2020-02-10,216.75,sz000333,美的集团
2020-02-11,225.68,sz000333,美的集团
2020-02-12,226.46,sz000333,美的集团
2020-02-13,222.38,sz000333,美的集团
2020-02-14,222.15,sz000333,美的集团
2020-02-17,224.63,sz000333,美的集团
2020-02-18,221.36,sz000333,美的集团
2020-02-19,221.4,sz000333,美的集团
2020-02-20,226.35,sz000333,美的集团
2020-02-21,224.18,sz000333,美的集团
2020-02-24,226.54,sz000333,美的集团
2020-02-25,224.74,sz000333,美的集团
2020-02-26,224.25,sz000333,美的集团
2020-02-27,226.54,sz000333,美的集团
2020-02-28,219.56,sz000333,美的集团
2020-03-02,224.4,sz000333,美的集团
2020-03-03,225.0,sz000333,美的集团
2020-03-04,224.06,sz000333,美的集团
2020-03-05,232.65,sz000333,美的集团
2020-03-06,229.88,sz000333,美的集团
2020-03-09,222.71,sz000333,美的集团
2020-03-10,228.08,sz000333,美的集团
2020-03-11,224.89,sz000333,美的集团
2020-03-12,220.01,sz000333,美的集团
2020-03-13,215.25,sz000333,美的集团
2020-03-16,208.5,sz000333,美的集团
2020-03-17,204.38,sz000333,美的集团
2020-03-18,207.0,sz000333,美的集团
2020-03-19,202.88,sz000333,美的集团
2020-03-20,204.56,sz000333,美的集团
2020-03-23,195.0,sz000333,美的集团
2020-03-24,200.59,sz000333,美的集团
2020-03-25,206.21,sz000333,美的集团
2020-03-26,204.38,sz000333,美的集团
2020-03-27,206.06,sz000333,美的集团
2020-03-30,200.96,sz000333,美的集团
2020-03-31,202.2,sz000333,美的集团
2020-04-01,202.8,sz000333,美的集团
2020-04-02,204.23,sz000333,美的集团
2020-04-03,202.05,sz000333,美的集团
2020-04-07,204.26,sz000333,美的集团
2020-04-08,201.53,sz000333,美的集团
2020-04-09,201.75,sz000333,美的集团
2020-04-10,205.43,sz000333,美的集团
2020-04-13,207.71,sz000333,美的集团
2020-04-14,209.93,sz000333,美的集团
2020-04-15,208.88,sz000333,美的集团
2020-04-16,206.21,sz000333,美的集团
2020-04-17,208.46,sz000333,美的集团
2020-04-20,210.86,sz000333,美的集团
2020-04-21,209.06,sz000333,美的集团
2020-04-22,213.38,sz000333,美的集团
2020-04-23,215.59,sz000333,美的集团
2020-04-24,215.66,sz000333,美的集团
2020-04-27,213.75,sz000333,美的集团
2020-04-28,214.84,sz000333,美的集团
2020-04-29,216.56,sz000333,美的集团
2020-04-30,222.19,sz000333,美的集团
2020-05-06,223.88,sz000333,美的集团
2020-05-07,223.13,sz000333,美的集团
2020-05-08,231.86,sz000333,美的集团
2020-05-11,234.04,sz000333,美的集团
2020-05-12,238.13,sz000333,美的集团
2020-05-13,237.19,sz000333,美的集团
2020-05-14,238.13,sz000333,美的集团
2020-05-15,234.19,sz000333,美的集团
2020-05-18,236.21,sz000333,美的集团
2020-05-19,240.98,sz000333,美的集团
2020-05-20,241.99,sz000333,美的集团
2020-05-21,240.83,sz000333,美的集团
2020-05-22,234.83,sz000333,美的集团
2020-05-25,233.78,sz000333,美的集团
2020-05-26,238.13,sz000333,美的集团
2020-05-27,239.06,sz000333,美的集团
2020-05-28,238.69,sz000333,美的集团
2020-05-29,241.95,sz000333,美的集团
2020-06-01,247.2,sz000333,美的集团
2020-06-02,246.71,sz000333,美的集团
2020-06-03,245.33,sz000333,美的集团
2020-06-04,247.28,sz000333,美的集团
2020-06-05,247.65,sz000333,美的集团
2020-06-08,252.19,sz000333,美的集团
2020-06-09,254.06,sz000333,美的集团
2020-06-10,252.79,sz000333,美的集团
2020-06-11,250.31,sz000333,美的集团
2020-06-12,251.51,sz000333,美的集团
2020-06-15,244.09,sz000333,美的集团
2020-06-16,247.84,sz000333,美的集团
2020-06-17,243.71,sz000333,美的集团
2020-06-18,243.53,sz000333,美的集团
2020-06-19,250.73,sz000333,美的集团
2020-06-22,248.18,sz000333,美的集团
2020-06-23,247.84,sz000333,美的集团
2020-06-24,250.46,sz000333,美的集团
2020-06-29,251.4,sz000333,美的集团
2020-06-30,250.8,sz000333,美的集团
2020-07-01,260.74,sz000333,美的集团
2020-07-02,262.65,sz000333,美的集团
2020-07-03,260.55,sz000333,美的集团
2020-07-06,266.7,sz000333,美的集团
2020-07-07,268.01,sz000333,美的集团
2020-07-08,266.51,sz000333,美的集团
2020-07-09,270.26,sz000333,美的集团
2020-07-10,264.34,sz000333,美的集团
2020-07-13,263.78,sz000333,美的集团
2020-07-14,258.49,sz000333,美的集团
2020-07-15,262.76,sz000333,美的集团
2020-07-16,255.86,sz000333,美的集团
2020-07-17,266.21,sz000333,美的集团
2020-07-20,279.26,sz000333,美的集团
2020-07-21,279.15,sz000333,美的集团
2020-07-22,279.15,sz000333,美的集团
2020-07-23,289.8,sz000333,美的集团
2020-07-24,275.96,sz000333,美的集团
2020-07-27,278.51,sz000333,美的集团
2020-07-28,278.25,sz000333,美的集团
2020-07-29,295.2,sz000333,美的集团
2020-07-30,292.73,sz000333,美的集团
2020-07-31,295.65,sz000333,美的集团
2020-08-03,298.43,sz000333,美的集团
2020-08-04,296.78,sz000333,美的集团
2020-08-05,294.34,sz000333,美的集团
2020-08-06,291.34,sz000333,美的集团
2020-08-07,291.15,sz000333,美的集团
2020-08-10,296.59,sz000333,美的集团
2020-08-11,293.96,sz000333,美的集团
2020-08-12,287.81,sz000333,美的集团
2020-08-13,289.13,sz000333,美的集团
2020-08-14,296.74,sz000333,美的集团
2020-08-17,297.08,sz000333,美的集团
2020-08-18,295.84,sz000333,美的集团
2020-08-19,289.54,sz000333,美的集团
2020-08-20,285.49,sz000333,美的集团
2020-08-21,286.76,sz000333,美的集团
2020-08-24,290.48,sz000333,美的集团
2020-08-25,289.01,sz000333,美的集团
2020-08-26,286.43,sz000333,美的集团
2020-08-27,281.55,sz000333,美的集团
2020-08-28,290.14,sz000333,美的集团
2020-08-31,291.11,sz000333,美的集团
2020-09-01,295.46,sz000333,美的集团
2020-09-02,292.58,sz000333,美的集团
2020-09-03,292.58,sz000333,美的集团
2020-09-04,284.55,sz000333,美的集团
2020-09-07,276.71,sz000333,美的集团
2020-09-08,277.39,sz000333,美的集团
2020-09-09,269.81,sz000333,美的集团
2020-09-10,273.71,sz000333,美的集团
2020-09-11,274.76,sz000333,美的集团
2020-09-14,281.59,sz000333,美的集团
2020-09-15,290.66,sz000333,美的集团
2020-09-16,287.81,sz000333,美的集团
2020-09-17,291.34,sz000333,美的集团
2020-09-18,290.14,sz000333,美的集团
2020-09-21,289.2,sz000333,美的集团
2020-09-22,288.68,sz000333,美的集团
2020-09-23,293.1,sz000333,美的集团
2020-09-24,290.81,sz000333,美的集团
2020-09-25,290.21,sz000333,美的集团
2020-09-28,292.46,sz000333,美的集团
2020-09-29,298.28,sz000333,美的集团
2020-09-30,298.84,sz000333,美的集团
2020-10-09,301.8,sz000333,美的集团
2020-10-12,304.01,sz000333,美的集团
2020-10-13,311.18,sz000333,美的集团
2020-10-14,308.78,sz000333,美的集团
2020-10-15,311.96,sz000333,美的集团
2020-10-16,307.09,sz000333,美的集团
2020-10-19,307.84,sz000333,美的集团
2020-10-20,312.71,sz000333,美的集团
2020-10-21,317.21,sz000333,美的集团
2020-10-22,320.59,sz000333,美的集团
2020-10-23,308.25,sz000333,美的集团
2020-10-26,314.06,sz000333,美的集团
2020-10-27,310.5,sz000333,美的集团
2020-10-28,314.25,sz000333,美的集团
2020-10-29,331.01,sz000333,美的集团
2020-10-30,318.6,sz000333,美的集团
2020-11-02,339.34,sz000333,美的集团
2020-11-03,336.15,sz000333,美的集团
2020-11-04,347.81,sz000333,美的集团
2020-11-05,349.5,sz000333,美的集团
2020-11-06,364.61,sz000333,美的集团
2020-11-09,366.79,sz000333,美的集团
2020-11-10,362.81,sz000333,美的集团
2020-11-11,356.96,sz000333,美的集团
2020-11-12,366.34,sz000333,美的集团
2020-11-13,366.04,sz000333,美的集团
2020-11-16,361.69,sz000333,美的集团
2020-11-17,363.79,sz000333,美的集团
2020-11-18,361.43,sz000333,美的集团
2020-11-19,379.09,sz000333,美的集团
2020-11-20,370.05,sz000333,美的集团
2020-11-23,377.1,sz000333,美的集团
2020-11-24,366.53,sz000333,美的集团
2020-11-25,362.44,sz000333,美的集团
2020-11-26,352.91,sz000333,美的集团
2020-11-27,355.84,sz000333,美的集团
2020-11-30,352.28,sz000333,美的集团
2020-12-01,356.29,sz000333,美的集团
2020-12-02,363.75,sz000333,美的集团
2020-12-03,362.59,sz000333,美的集团
2020-12-04,357.94,sz000333,美的集团
2020-12-07,356.81,sz000333,美的集团
2020-12-08,351.71,sz000333,美的集团
2020-12-09,339.94,sz000333,美的集团
2020-12-10,345.71,sz000333,美的集团
2020-12-11,341.59,sz000333,美的集团
2020-12-14,343.24,sz000333,美的集团
2020-12-15,348.08,sz000333,美的集团
2020-12-16,356.96,sz000333,美的集团
2020-12-17,362.85,sz000333,美的集团
2020-12-18,361.46,sz000333,美的集团
2020-12-21,359.63,sz000333,美的集团
2020-12-22,363.15,sz000333,美的集团
2020-12-23,371.59,sz000333,美的集团
2020-12-24,374.93,sz000333,美的集团
2020-12-25,377.51,sz000333,美的集团
2020-12-28,385.84,sz000333,美的集团
2020-12-29,383.55,sz000333,美的集团
2020-12-30,386.51,sz000333,美的集团
2020-12-31,395.74,sz000333,美的集团
2021-01-04,397.88,sz000333,美的集团
2021-01-05,407.36,sz000333,美的集团
2021-01-06,405.19,sz000333,美的集团
2021-01-07,419.66,sz000333,美的集团
2021-01-08,412.88,sz000333,美的集团
2021-01-11,405.34,sz000333,美的集团
2021-01-12,416.96,sz000333,美的集团
2021-01-13,414.11,sz000333,美的集团
2021-01-14,400.09,sz000333,美的集团
2021-01-15,400.43,sz000333,美的集团
2021-01-18,398.29,sz000333,美的集团
2021-01-19,382.28,sz000333,美的集团
2021-01-20,387.64,sz000333,美的集团
2021-01-21,401.96,sz000333,美的集团
2021-01-22,403.73,sz000333,美的集团
2021-01-25,409.01,sz000333,美的集团
2021-01-26,393.86,sz000333,美的集团
2021-01-27,393.9,sz000333,美的集团
2021-01-28,383.44,sz000333,美的集团
2021-01-29,387.83,sz000333,美的集团
2021-02-01,394.84,sz000333,美的集团
2021-02-02,396.26,sz000333,美的集团
2021-02-03,392.74,sz000333,美的集团
2021-02-04,388.09,sz000333,美的集团
2021-02-05,391.28,sz000333,美的集团
2021-02-08,389.06,sz000333,美的集团
2021-02-09,408.71,sz000333,美的集团
2021-02-10,428.25,sz000333,美的集团
2021-02-18,395.21,sz000333,美的集团
2021-02-19,394.05,sz000333,美的集团
2021-02-22,365.74,sz000333,美的集团
2021-02-23,367.61,sz000333,美的集团
2021-02-24,382.91,sz000333,美的集团
2021-02-25,378.86,sz000333,美的集团
2021-02-26,375.64,sz000333,美的集团
2021-03-01,376.58,sz000333,美的集团
2021-03-02,377.29,sz000333,美的集团
2021-03-03,377.18,sz000333,美的集团
2021-03-04,363.71,sz000333,美的集团
2021-03-05,362.21,sz000333,美的集团
2021-03-08,347.21,sz000333,美的集团
2021-03-09,334.05,sz000333,美的集团
2021-03-10,340.31,sz000333,美的集团
2021-03-11,348.9,sz000333,美的集团
2021-03-12,348.94,sz000333,美的集团
2021-03-15,335.21,sz000333,美的集团
2021-03-16,336.26,sz000333,美的集团
2021-03-17,341.85,sz000333,美的集团
2021-03-18,351.75,sz000333,美的集团
2021-03-19,346.5,sz000333,美的集团
2021-03-22,339.26,sz000333,美的集团
2021-03-23,332.1,sz000333,美的集团
2021-03-24,332.89,sz000333,美的集团
2021-03-25,329.14,sz000333,美的集团
2021-03-26,334.13,sz000333,美的集团
2021-03-29,332.1,sz000333,美的集团
2021-03-30,335.85,sz000333,美的集团
2021-03-31,334.95,sz000333,美的集团
2021-04-01,346.95,sz000333,美的集团
2021-04-02,353.25,sz000333,美的集团
2021-04-06,343.01,sz000333,美的集团
2021-04-07,336.79,sz000333,美的集团
2021-04-08,336.64,sz000333,美的集团
2021-04-09,328.28,sz000333,美的集团
2021-04-12,323.96,sz000333,美的集团
2021-04-13,321.68,sz000333,美的集团
2021-04-14,327.08,sz000333,美的集团
2021-04-15,327.64,sz000333,美的集团
2021-04-16,326.21,sz000333,美的集团
2021-04-19,332.85,sz000333,美的集团
2021-04-20,330.26,sz000333,美的集团
2021-04-21,325.09,sz000333,美的集团
2021-04-22,327.53,sz000333,美的集团
2021-04-23,341.06,sz000333,美的集团
2021-04-26,326.7,sz000333,美的集团
2021-04-27,329.29,sz000333,美的集团
2021-04-28,332.4,sz000333,美的集团
2021-04-29,339.45,sz000333,美的集团
2021-04-30,327.23,sz000333,美的集团
2021-05-06,317.44,sz000333,美的集团
2021-05-07,308.14,sz000333,美的集团
2021-05-10,319.09,sz000333,美的集团
2021-05-11,320.36,sz000333,美的集团
2021-05-12,316.35,sz000333,美的集团
2021-05-13,308.4,sz000333,美的集团
2021-05-14,313.24,sz000333,美的集团
2021-05-17,320.59,sz000333,美的集团
2021-05-18,318.49,sz000333,美的集团
2021-05-19,316.58,sz000333,美的集团
2021-05-20,329.21,sz000333,美的集团
2021-05-21,332.4,sz000333,美的集团
2021-05-24,334.84,sz000333,美的集团
2021-05-25,338.89,sz000333,美的集团
2021-05-26,342.83,sz000333,美的集团
2021-05-27,341.21,sz000333,美的集团
2021-05-28,336.08,sz000333,美的集团
2021-05-31,330.34,sz000333,美的集团
2021-06-01,327.23,sz000333,美的集团
2021-06-02,330.6,sz000333,美的集团
2021-06-03,324.71,sz000333,美的集团
2021-06-04,323.96,sz000333,美的集团
2021-06-07,320.4,sz000333,美的集团
2021-06-08,317.55,sz000333,美的集团
2021-06-09,315.94,sz000333,美的集团
2021-06-10,315.23,sz000333,美的集团
2021-06-11,309.98,sz000333,美的集团
2021-06-15,307.13,sz000333,美的集团
2021-06-16,313.73,sz000333,美的集团
2021-06-17,307.95,sz000333,美的集团
2021-06-18,309.23,sz000333,美的集团
2021-06-21,302.48,sz000333,美的集团
2021-06-22,299.78,sz000333,美的集团
2021-06-23,306.86,sz000333,美的集团
2021-06-24,306.98,sz000333,美的集团
2021-06-25,306.86,sz000333,美的集团
2021-06-28,307.01,sz000333,美的集团
2021-06-29,300.45,sz000333,美的集团
2021-06-30,300.11,sz000333,美的集团
2021-07-01,307.13,sz000333,美的集团
2021-07-02,299.1,sz000333,美的集团
2021-07-05,288.23,sz000333,美的集团
2021-07-06,289.76,sz000333,美的集团
2021-07-07,296.44,sz000333,美的集团
2021-07-08,294.98,sz000333,美的集团
2021-07-09,291.98,sz000333,美的集团
2021-07-12,297.6,sz000333,美的集团
2021-07-13,305.48,sz000333,美的集团
2021-07-14,302.48,sz000333,美的集团
2021-07-15,299.36,sz000333,美的集团
2021-07-16,293.85,sz000333,美的集团
2021-07-19,295.5,sz000333,美的集团
2021-07-20,293.51,sz000333,美的集团
2021-07-21,287.44,sz000333,美的集团
2021-07-22,288.6,sz000333,美的集团
2021-07-23,283.58,sz000333,美的集团
2021-07-26,275.03,sz000333,美的集团
2021-07-27,262.73,sz000333,美的集团
2021-07-28,269.78,sz000333,美的集团
2021-07-29,269.85,sz000333,美的集团
2021-07-30,270.64,sz000333,美的集团
2021-08-02,280.28,sz000333,美的集团
2021-08-03,298.43,sz000333,美的集团
2021-08-04,294.94,sz000333,美的集团
2021-08-05,294.6,sz000333,美的集团
2021-08-06,296.29,sz000333,美的集团
2021-08-09,304.24,sz000333,美的集团
2021-08-10,305.66,sz000333,美的集团
2021-08-11,302.21,sz000333,美的集团
2021-08-12,298.43,sz000333,美的集团
2021-08-13,301.01,sz000333,美的集团
2021-08-16,313.69,sz000333,美的集团
2021-08-17,307.73,sz000333,美的集团
2021-08-18,311.85,sz000333,美的集团
2021-08-19,302.25,sz000333,美的集团
2021-08-20,302.48,sz000333,美的集团
2021-08-23,297.26,sz000333,美的集团
2021-08-24,296.85,sz000333,美的集团
2021-08-25,291.79,sz000333,美的集团
2021-08-26,287.21,sz000333,美的集团
2021-08-27,286.73,sz000333,美的集团
2021-08-30,279.9,sz000333,美的集团
2021-08-31,279.98,sz000333,美的集团
2021-09-01,291.79,sz000333,美的集团
2021-09-02,291.94,sz000333,美的集团
2021-09-03,295.13,sz000333,美的集团
2021-09-06,302.93,sz000333,美的集团
2021-09-07,306.3,sz000333,美的集团
2021-09-08,305.18,sz000333,美的集团
2021-09-09,302.55,sz000333,美的集团
2021-09-10,303.98,sz000333,美的集团
2021-09-13,298.65,sz000333,美的集团
2021-09-14,289.09,sz000333,美的集团
2021-09-15,281.93,sz000333,美的集团
2021-09-16,279.79,sz000333,美的集团
2021-09-17,288.45,sz000333,美的集团
2021-09-22,280.28,sz000333,美的集团
2021-09-23,282.94,sz000333,美的集团
2021-09-24,284.48,sz000333,美的集团
2021-09-27,290.1,sz000333,美的集团
2021-09-28,295.99,sz000333,美的集团
2021-09-29,295.99,sz000333,美的集团
2021-09-30,293.48,sz000333,美的集团
2021-10-08,304.35,sz000333,美的集团
2021-10-11,299.03,sz000333,美的集团
2021-10-12,301.05,sz000333,美的集团
2021-10-13,298.73,sz000333,美的集团
2021-10-14,295.46,sz000333,美的集团
2021-10-15,298.73,sz000333,美的集团
2021-10-18,293.55,sz000333,美的集团
2021-10-19,294.53,sz000333,美的集团
2021-10-20,287.74,sz000333,美的集团
2021-10-21,293.78,sz000333,美的集团
2021-10-22,311.85,sz000333,美的集团
2021-10-25,303.98,sz000333,美的集团
2021-10-26,295.05,sz000333,美的集团
2021-10-27,283.73,sz000333,美的集团
2021-10-28,287.93,sz000333,美的集团
2021-10-29,290.36,sz000333,美的集团
2021-11-01,305.51,sz000333,美的集团
2021-11-02,298.01,sz000333,美的集团
2021-11-03,292.43,sz000333,美的集团
2021-11-04,297.68,sz000333,美的集团
2021-11-05,297.79,sz000333,美的集团
2021-11-08,296.63,sz000333,美的集团
2021-11-09,291.23,sz000333,美的集团
2021-11-10,293.4,sz000333,美的集团
2021-11-11,302.63,sz000333,美的集团
2021-11-12,303.11,sz000333,美的集团
2021-11-15,304.28,sz000333,美的集团
2021-11-16,305.21,sz000333,美的集团
2021-11-17,302.89,sz000333,美的集团
2021-11-18,295.8,sz000333,美的集团
2021-11-19,294.98,sz000333,美的集团
2021-11-22,294.79,sz000333,美的集团
2021-11-23,292.99,sz000333,美的集团
2021-11-24,295.54,sz000333,美的集团
2021-11-25,291.75,sz000333,美的集团
2021-11-26,290.51,sz000333,美的集团
2021-11-29,288.11,sz000333,美的集团
2021-11-30,286.65,sz000333,美的集团
2021-12-01,288.08,sz000333,美的集团
2021-12-02,286.5,sz000333,美的集团
2021-12-03,284.33,sz000333,美的集团
2021-12-06,289.61,sz000333,美的集团
2021-12-07,295.84,sz000333,美的集团
2021-12-08,294.94,sz000333,美的集团
2021-12-09,303.3,sz000333,美的集团
2021-12-10,302.1,sz000333,美的集团
2021-12-13,306.04,sz000333,美的集团
2021-12-14,298.91,sz000333,美的集团
2021-12-15,296.29,sz000333,美的集团
2021-12-16,296.48,sz000333,美的集团
2021-12-17,290.1,sz000333,美的集团
2021-12-20,293.55,sz000333,美的集团
2021-12-21,301.16,sz000333,美的集团
2021-12-22,300.71,sz000333,美的集团
2021-12-23,301.99,sz000333,美的集团
2021-12-24,303.08,sz000333,美的集团
2021-12-27,306.41,sz000333,美的集团
2021-12-28,314.4,sz000333,美的集团
2021-12-29,310.01,sz000333,美的集团
2021-12-30,309.83,sz000333,美的集团
2021-12-31,309.26,sz000333,美的集团
2022-01-04,315.08,sz000333,美的集团
2022-01-05,318.49,sz000333,美的集团
2022-01-06,313.65,sz000333,美的集团
2022-01-07,324.15,sz000333,美的集团
2022-01-10,324.23,sz000333,美的集团
2022-01-11,315.98,sz000333,美的集团
2022-01-12,311.03,sz000333,美的集团
2022-01-13,303.68,sz000333,美的集团
2022-01-14,302.48,sz000333,美的集团
2022-01-17,306.34,sz000333,美的集团
2022-01-18,307.35,sz000333,美的集团
2022-01-19,314.59,sz000333,美的集团
2022-01-20,327.3,sz000333,美的集团
2022-01-21,322.76,sz000333,美的集团
2022-01-24,321.53,sz000333,美的集团
2022-01-25,316.91,sz000333,美的集团
2022-01-26,319.39,sz000333,美的集团
2022-01-27,313.05,sz000333,美的集团
2022-01-28,306.98,sz000333,美的集团
2022-02-07,312.6,sz000333,美的集团
2022-02-08,311.1,sz000333,美的集团
2022-02-09,319.69,sz000333,美的集团
2022-02-10,308.66,sz000333,美的集团
2022-02-11,310.5,sz000333,美的集团
2022-02-14,306.23,sz000333,美的集团
2022-02-15,302.59,sz000333,美的集团
2022-02-16,307.35,sz000333,美的集团
2022-02-17,303.49,sz000333,美的集团
2022-02-18,306.23,sz000333,美的集团
2022-02-21,305.1,sz000333,美的集团
2022-02-22,295.61,sz000333,美的集团
2022-02-23,296.78,sz000333,美的集团
2022-02-24,288.6,sz000333,美的集团
2022-02-25,287.93,sz000333,美的集团
2022-02-28,282.68,sz000333,美的集团
2022-03-01,288.71,sz000333,美的集团
2022-03-02,283.43,sz000333,美的集团
2022-03-03,282.49,sz000333,美的集团
2022-03-04,278.48,sz000333,美的集团
2022-03-07,266.89,sz000333,美的集团
2022-03-08,256.58,sz000333,美的集团
2022-03-09,255.68,sz000333,美的集团
2022-03-10,253.24,sz000333,美的集团
2022-03-11,255.15,sz000333,美的集团
2022-03-14,245.06,sz000333,美的集团
2022-03-15,236.48,sz000333,美的集团
2022-03-16,246.19,sz000333,美的集团
2022-03-17,252.6,sz000333,美的集团
2022-03-18,253.35,sz000333,美的集团
2022-03-21,251.66,sz000333,美的集团
2022-03-22,252.15,sz000333,美的集团
2022-03-23,249.98,sz000333,美的集团
2022-03-24,248.4,sz000333,美的集团
2022-03-25,242.81,sz000333,美的集团
2022-03-28,241.73,sz000333,美的集团
2022-03-29,237.41,sz000333,美的集团
2022-03-30,246.23,sz000333,美的集团
2022-03-31,246.23,sz000333,美的集团
2022-04-01,252.23,sz000333,美的集团
2022-04-06,251.51,sz000333,美的集团
2022-04-07,248.85,sz000333,美的集团
2022-04-08,247.46,sz000333,美的集团
2022-04-11,240.08,sz000333,美的集团
2022-04-12,247.88,sz000333,美的集团
2022-04-13,244.61,sz000333,美的集团
2022-04-14,252.68,sz000333,美的集团
2022-04-15,252.41,sz000333,美的集团
2022-04-18,248.36,sz000333,美的集团
2022-04-19,247.35,sz000333,美的集团
2022-04-20,248.33,sz000333,美的集团
2022-04-21,242.59,sz000333,美的集团
2022-04-22,246.11,sz000333,美的集团
2022-04-25,238.99,sz000333,美的集团
2022-04-26,226.69,sz000333,美的集团
2022-04-27,231.6,sz000333,美的集团
2022-04-28,232.28,sz000333,美的集团
2022-04-29,246.56,sz000333,美的集团
2022-05-05,252.6,sz000333,美的集团
2022-05-06,250.73,sz000333,美的集团
2022-05-09,243.83,sz000333,美的集团
2022-05-10,244.73,sz000333,美的集团
2022-05-11,245.03,sz000333,美的集团
2022-05-12,241.5,sz000333,美的集团
2022-05-13,246.26,sz000333,美的集团
2022-05-16,243.23,sz000333,美的集团
2022-05-17,247.69,sz000333,美的集团
2022-05-18,244.84,sz000333,美的集团
2022-05-19,241.8,sz000333,美的集团
2022-05-20,245.85,sz000333,美的集团
2022-05-23,236.14,sz000333,美的集团
2022-05-24,234.19,sz000333,美的集团
2022-05-25,232.73,sz000333,美的集团
2022-05-26,234.3,sz000333,美的集团
2022-05-27,231.68,sz000333,美的集团
2022-05-30,232.73,sz000333,美的集团
2022-05-31,236.78,sz000333,美的集团
2022-06-01,235.99,sz000333,美的集团
2022-06-02,235.83,sz000333,美的集团
2022-06-06,236.7,sz000333,美的集团
2022-06-07,237.48,sz000333,美的集团
2022-06-08,237.45,sz000333,美的集团
2022-06-09,235.16,sz000333,美的集团
2022-06-10,234.67,sz000333,美的集团
2022-06-13,230.21,sz000333,美的集团
2022-06-14,231.6,sz000333,美的集团
2022-06-15,242.88,sz000333,美的集团
2022-06-16,240.6,sz000333,美的集团
2022-06-17,244.08,sz000333,美的集团
2022-06-20,252.71,sz000333,美的集团
2022-06-21,253.57,sz000333,美的集团
2022-06-22,248.73,sz000333,美的集团
2022-06-23,248.7,sz000333,美的集团
2022-06-24,255.48,sz000333,美的集团
2022-06-27,260.36,sz000333,美的集团
2022-06-28,260.36,sz000333,美的集团
2022-06-29,261.0,sz000333,美的集团
2022-06-30,265.2,sz000333,美的集团
2022-07-01,259.2,sz000333,美的集团
2022-07-04,263.62,sz000333,美的集团
2022-07-05,262.01,sz000333,美的集团
2022-07-06,261.03,sz000333,美的集团
2022-07-07,258.86,sz000333,美的集团
2022-07-08,258.41,sz000333,美的集团
2022-07-11,259.61,sz000333,美的集团
2022-07-12,264.11,sz000333,美的集团
2022-07-13,257.36,sz000333,美的集团
2022-07-14,249.48,sz000333,美的集团
2022-07-15,245.73,sz000333,美的集团
2022-07-18,246.07,sz000333,美的集团
2022-07-19,245.1,sz000333,美的集团
2022-07-20,246.6,sz000333,美的集团
2022-07-21,244.57,sz000333,美的集团
2022-07-22,245.32,sz000333,美的集团
2022-07-25,250.42,sz000333,美的集团
2022-07-26,253.98,sz000333,美的集团
2022-07-27,248.43,sz000333,美的集团
2022-07-28,247.8,sz000333,美的集团
2022-07-29,244.91,sz000333,美的集团
2022-08-01,243.52,sz000333,美的集团
2022-08-02,239.73,sz000333,美的集团
2022-08-03,234.67,sz000333,美的集团
2022-08-04,235.61,sz000333,美的集团
2022-08-05,237.37,sz000333,美的集团
2022-08-08,235.35,sz000333,美的集团
2022-08-09,236.21,sz000333,美的集团
2022-08-10,233.1,sz000333,美的集团
2022-08-11,237.18,sz000333,美的集团
2022-08-12,238.08,sz000333,美的集团
2022-08-15,236.73,sz000333,美的集团
2022-08-16,235.98,sz000333,美的集团
2022-08-17,239.1,sz000333,美的集团
2022-08-18,236.06,sz000333,美的集团
2022-08-19,236.02,sz000333,美的集团
2022-08-22,237.63,sz000333,美的集团
2022-08-23,234.18,sz000333,美的集团
2022-08-24,231.45,sz000333,美的集团
2022-08-25,234.6,sz000333,美的集团
2022-08-26,234.6,sz000333,美的集团
2022-08-29,234.78,sz000333,美的集团
2022-08-30,234.86,sz000333,美的集团
2022-08-31,238.38,sz000333,美的集团
2022-09-01,245.4,sz000333,美的集团
2022-09-02,239.92,sz000333,美的集团
2022-09-05,240.48,sz000333,美的集团
2022-09-06,239.21,sz000333,美的集团
2022-09-07,237.67,sz000333,美的集团
2022-09-08,238.87,sz000333,美的集团
2022-09-09,246.63,sz000333,美的集团
2022-09-13,250.57,sz000333,美的集团
2022-09-14,248.47,sz000333,美的集团
2022-09-15,250.01,sz000333,美的集团
2022-09-16,245.43,sz000333,美的集团
2022-09-19,244.91,sz000333,美的集团
2022-09-20,239.43,sz000333,美的集团
2022-09-21,236.92,sz000333,美的集团
2022-09-22,231.86,sz000333,美的集团
2022-09-23,231.26,sz000333,美的集团
2022-09-26,230.17,sz000333,美的集团
2022-09-27,232.53,sz000333,美的集团
2022-09-28,230.62,sz000333,美的集团
2022-09-29,228.11,sz000333,美的集团
2022-09-30,223.65,sz000333,美的集团
2022-10-10,221.36,sz000333,美的集团
2022-10-11,220.12,sz000333,美的集团
2022-10-12,219.75,sz000333,美的集团
2022-10-13,215.21,sz000333,美的集团
2022-10-14,218.7,sz000333,美的集团
2022-10-17,217.5,sz000333,美的集团
2022-10-18,216.63,sz000333,美的集团
2022-10-19,208.31,sz000333,美的集团
2022-10-20,205.16,sz000333,美的集团
2022-10-21,203.73,sz000333,美的集团
2022-10-24,197.7,sz000333,美的集团
2022-10-25,196.31,sz000333,美的集团
2022-10-26,197.96,sz000333,美的集团
2022-10-27,198.41,sz000333,美的集团
2022-10-28,191.58,sz000333,美的集团
2022-10-31,189.41,sz000333,美的集团
2022-11-01,194.73,sz000333,美的集团
2022-11-02,196.53,sz000333,美的集团
2022-11-03,194.66,sz000333,美的集团
2022-11-04,200.32,sz000333,美的集团
2022-11-07,200.21,sz000333,美的集团
2022-11-08,199.98,sz000333,美的集团
2022-11-09,200.13,sz000333,美的集团
2022-11-10,199.87,sz000333,美的集团
2022-11-11,209.85,sz000333,美的集团
2022-11-14,217.98,sz000333,美的集团
2022-11-15,222.75,sz000333,美的集团
2022-11-16,220.46,sz000333,美的集团
2022-11-17,218.58,sz000333,美的集团
2022-11-18,218.62,sz000333,美的集团
2022-11-21,212.51,sz000333,美的集团
2022-11-22,212.36,sz000333,美的集团
2022-11-23,212.28,sz000333,美的集团
2022-11-24,210.9,sz000333,美的集团
2022-11-25,213.82,sz000333,美的集团
2022-11-28,212.32,sz000333,美的集团
2022-11-29,220.31,sz000333,美的集团
2022-11-30,218.25,sz000333,美的集团
2022-12-01,219.9,sz000333,美的集团
2022-12-02,218.88,sz000333,美的集团
2022-12-05,225.11,sz000333,美的集团
2022-12-06,226.23,sz000333,美的集团
2022-12-07,230.92,sz000333,美的集团
2022-12-08,232.8,sz000333,美的集团
2022-12-09,242.36,sz000333,美的集团
2022-12-12,242.85,sz000333,美的集团
2022-12-13,241.05,sz000333,美的集团
2022-12-14,244.57,sz000333,美的集团
2022-12-15,239.85,sz000333,美的集团
2022-12-16,241.23,sz000333,美的集团
2022-12-19,240.03,sz000333,美的集团
2022-12-20,232.12,sz000333,美的集团
2022-12-21,232.53,sz000333,美的集团
2022-12-22,234.48,sz000333,美的集团
2022-12-23,235.16,sz000333,美的集团
2022-12-26,231.86,sz000333,美的集团
2022-12-27,237.26,sz000333,美的集团
2022-12-28,233.92,sz000333,美的集团
2022-12-29,232.72,sz000333,美的集团
2022-12-30,232.98,sz000333,美的集团
2023-01-03,233.28,sz000333,美的集团
2023-01-04,240.3,sz000333,美的集团
2023-01-05,244.65,sz000333,美的集团
2023-01-06,241.27,sz000333,美的集团
2023-01-09,241.65,sz000333,美的集团
2023-01-10,239.36,sz000333,美的集团
2023-01-11,243.11,sz000333,美的集团
2023-01-12,244.12,sz000333,美的集团
2023-01-13,248.55,sz000333,美的集团
2023-01-16,255.11,sz000333,美的集团
2023-01-17,256.23,sz000333,美的集团
2023-01-18,254.73,sz000333,美的集团
2023-01-19,253.91,sz000333,美的集团
2023-01-20,252.78,sz000333,美的集团
2023-01-30,247.42,sz000333,美的集团
2023-01-31,245.73,sz000333,美的集团
2023-02-01,246.86,sz000333,美的集团
2023-02-02,241.08,sz000333,美的集团
2023-02-03,238.65,sz000333,美的集团
2023-02-06,230.92,sz000333,美的集团
2023-02-07,231.86,sz000333,美的集团
2023-02-08,230.02,sz000333,美的集团
2023-02-09,231.97,sz000333,美的集团
2023-02-10,232.31,sz000333,美的集团
2023-02-13,235.38,sz000333,美的集团
2023-02-14,234.52,sz000333,美的集团
2023-02-15,231.3,sz000333,美的集团
2023-02-16,231.03,sz000333,美的集团
2023-02-17,231.41,sz000333,美的集团
2023-02-20,238.61,sz000333,美的集团
2023-02-21,239.51,sz000333,美的集团
2023-02-22,236.66,sz000333,美的集团
2023-02-23,238.87,sz000333,美的集团
2023-02-24,237.41,sz000333,美的集团
2023-02-27,235.23,sz000333,美的集团
2023-02-28,235.46,sz000333,美的集团
2023-03-01,243.56,sz000333,美的集团
2023-03-02,244.42,sz000333,美的集团
2023-03-03,245.73,sz000333,美的集团
2023-03-06,240.6,sz000333,美的集团
2023-03-07,236.96,sz000333,美的集团
2023-03-08,234.82,sz000333,美的集团
2023-03-09,236.36,sz000333,美的集团
2023-03-10,230.55,sz000333,美的集团
2023-03-13,233.96,sz000333,美的集团
2023-03-14,230.55,sz000333,美的集团
2023-03-15,227.96,sz000333,美的集团
2023-03-16,226.38,sz000333,美的集团
2023-03-17,227.47,sz000333,美的集团
2023-03-20,227.88,sz000333,美的集团
2023-03-21,234.11,sz000333,美的集团
2023-03-22,232.61,sz000333,美的集团
2023-03-23,233.06,sz000333,美的集团
2023-03-24,234.07,sz000333,美的集团
2023-03-27,233.17,sz000333,美的集团
2023-03-28,230.32,sz000333,美的集团
2023-03-29,231.48,sz000333,美的集团
2023-03-30,243.0,sz000333,美的集团
2023-03-31,240.52,sz000333,美的集团
2023-04-03,243.82,sz000333,美的集团
2023-04-04,243.6,sz000333,美的集团
2023-04-06,241.31,sz000333,美的集团
2023-04-07,243.78,sz000333,美的集团
2023-04-10,244.08,sz000333,美的集团
2023-04-11,248.13,sz000333,美的集团
2023-04-12,246.86,sz000333,美的集团
2023-04-13,241.76,sz000333,美的集团
2023-04-14,241.01,sz000333,美的集团
2023-04-17,246.56,sz000333,美的集团
2023-04-18,251.66,sz000333,美的集团
2023-04-19,249.03,sz000333,美的集团
2023-04-20,252.63,sz000333,美的集团
2023-04-21,251.92,sz000333,美的集团
2023-04-24,252.6,sz000333,美的集团
2023-04-25,254.92,sz000333,美的集团
2023-04-26,251.36,sz000333,美的集团
2023-04-27,253.46,sz000333,美的集团
2023-04-28,251.66,sz000333,美的集团
2023-05-04,250.91,sz000333,美的集团
2023-05-05,246.22,sz000333,美的集团
2023-05-08,245.02,sz000333,美的集团
2023-05-09,244.23,sz000333,美的集团
2023-05-10,246.48,sz000333,美的集团
2023-05-11,246.67,sz000333,美的集团
2023-05-12,248.06,sz000333,美的集团
2023-05-15,250.95,sz000333,美的集团
2023-05-16,246.3,sz000333,美的集团
2023-05-17,245.06,sz000333,美的集团
2023-05-18,244.98,sz000333,美的集团
2023-05-19,247.98,sz000333,美的集团
2023-05-22,251.4,sz000333,美的集团
2023-05-23,248.55,sz000333,美的集团
2023-05-24,239.73,sz000333,美的集团
2023-05-25,241.27,sz000333,美的集团
2023-05-26,242.21,sz000333,美的集团
2023-05-29,239.17,sz000333,美的集团
2023-05-30,234.97,sz000333,美的集团
2023-05-31,231.22,sz000333,美的集团
2023-06-01,231.26,sz000333,美的集团
2023-06-02,242.17,sz000333,美的集团
2023-06-05,250.2,sz000333,美的集团
2023-06-06,251.21,sz000333,美的集团
2023-06-07,255.11,sz000333,美的集团
2023-06-08,261.26,sz000333,美的集团
2023-06-09,258.33,sz000333,美的集团
2023-06-12,262.98,sz000333,美的集团
2023-06-13,260.21,sz000333,美的集团
2023-06-14,261.97,sz000333,美的集团
2023-06-15,265.42,sz000333,美的集团
2023-06-16,266.73,sz000333,美的集团
2023-06-19,260.96,sz000333,美的集团
2023-06-20,263.85,sz000333,美的集团
2023-06-21,266.47,sz000333,美的集团
2023-06-26,265.95,sz000333,美的集团
2023-06-27,271.76,sz000333,美的集团
2023-06-28,271.8,sz000333,美的集团
2023-06-29,269.7,sz000333,美的集团
2023-06-30,268.87,sz000333,美的集团
2023-07-03,269.4,sz000333,美的集团
2023-07-04,268.8,sz000333,美的集团
2023-07-05,269.62,sz000333,美的集团
2023-07-06,266.81,sz000333,美的集团
2023-07-07,264.48,sz000333,美的集团
2023-07-10,260.28,sz000333,美的集团
2023-07-11,260.4,sz000333,美的集团
2023-07-12,262.01,sz000333,美的集团
2023-07-13,264.67,sz000333,美的集团
2023-07-14,263.4,sz000333,美的集团
2023-07-17,262.16,sz000333,美的集团
2023-07-18,260.7,sz000333,美的集团
2023-07-19,265.91,sz000333,美的集团
2023-07-20,263.66,sz000333,美的集团
2023-07-21,262.16,sz000333,美的集团
2023-07-24,260.81,sz000333,美的集团
2023-07-25,269.1,sz000333,美的集团
2023-07-26,267.6,sz000333,美的集团
2023-07-27,267.22,sz000333,美的集团
2023-07-28,271.95,sz000333,美的集团
2023-07-31,270.37,sz000333,美的集团
2023-08-01,266.36,sz000333,美的集团
2023-08-02,266.55,sz000333,美的集团
2023-08-03,265.35,sz000333,美的集团
2023-08-04,265.12,sz000333,美的集团
2023-08-07,264.97,sz000333,美的集团
2023-08-08,261.67,sz000333,美的集团
2023-08-09,263.77,sz000333,美的集团
2023-08-10,259.23,sz000333,美的集团
2023-08-11,254.85,sz000333,美的集团
2023-08-14,255.82,sz000333,美的集团
2023-08-15,254.77,sz000333,美的集团
2023-08-16,255.03,sz000333,美的集团
2023-08-17,257.32,sz000333,美的集团
2023-08-18,253.38,sz000333,美的集团
2023-08-21,251.85,sz000333,美的集团
2023-08-22,251.81,sz000333,美的集团
2023-08-23,249.37,sz000333,美的集团
2023-08-24,254.36,sz000333,美的集团
2023-08-25,255.15,sz000333,美的集团
2023-08-28,258.52,sz000333,美的集团
2023-08-29,258.11,sz000333,美的集团
2023-08-30,261.0,sz000333,美的集团
2023-08-31,259.83,sz000333,美的集团
2023-09-01,265.16,sz000333,美的集团
2023-09-04,266.25,sz000333,美的集团
2023-09-05,264.6,sz000333,美的集团
2023-09-06,262.35,sz000333,美的集团
2023-09-07,260.06,sz000333,美的集团
2023-09-08,258.22,sz000333,美的集团
2023-09-11,259.53,sz000333,美的集团
2023-09-12,262.46,sz000333,美的集团
2023-09-13,261.67,sz000333,美的集团
2023-09-14,259.98,sz000333,美的集团
2023-09-15,257.13,sz000333,美的集团
2023-09-18,258.3,sz000333,美的集团
2023-09-19,258.11,sz000333,美的集团
2023-09-20,261.26,sz000333,美的集团
2023-09-21,259.12,sz000333,美的集团
2023-09-22,261.86,sz000333,美的集团
2023-09-25,260.28,sz000333,美的集团
2023-09-26,257.92,sz000333,美的集团
2023-09-27,258.63,sz000333,美的集团
2023-09-28,255.97,sz000333,美的集团
2023-10-09,257.02,sz000333,美的集团
2023-10-10,253.31,sz000333,美的集团
2023-10-11,253.31,sz000333,美的集团
2023-10-12,255.22,sz000333,美的集团
2023-10-13,254.13,sz000333,美的集团
2023-10-16,254.47,sz000333,美的集团
2023-10-17,257.47,sz000333,美的集团
2023-10-18,255.93,sz000333,美的集团
2023-10-19,251.28,sz000333,美的集团
2023-10-20,247.35,sz000333,美的集团
2023-10-23,247.61,sz000333,美的集团
2023-10-24,247.35,sz000333,美的集团
2023-10-25,244.5,sz000333,美的集团
2023-10-26,244.83,sz000333,美的集团
2023-10-27,249.45,sz000333,美的集团
2023-10-30,252.3,sz000333,美的集团
2023-10-31,246.37,sz000333,美的集团
2023-11-01,246.71,sz000333,美的集团
2023-11-02,247.35,sz000333,美的集团
2023-11-03,245.92,sz000333,美的集团
2023-11-06,247.2,sz000333,美的集团
2023-11-07,247.05,sz000333,美的集团
2023-11-08,246.11,sz000333,美的集团
2023-11-09,244.61,sz000333,美的集团
2023-11-10,245.55,sz000333,美的集团
2023-11-13,239.4,sz000333,美的集团
2023-11-14,239.51,sz000333,美的集团
2023-11-15,241.2,sz000333,美的集团
2023-11-16,241.98,sz000333,美的集团
2023-11-17,242.4,sz000333,美的集团
2023-11-20,244.53,sz000333,美的集团
2023-11-21,244.61,sz000333,美的集团
2023-11-22,243.48,sz000333,美的集团
2023-11-23,245.77,sz000333,美的集团
2023-11-24,244.72,sz000333,美的集团
2023-11-27,242.81,sz000333,美的集团
2023-11-28,244.91,sz000333,美的集团
2023-11-29,242.96,sz000333,美的集团
2023-11-30,241.68,sz000333,美的集团
2023-12-01,237.48,sz000333,美的集团
2023-12-04,235.76,sz000333,美的集团
2023-12-05,232.5,sz000333,美的集团
2023-12-06,232.35,sz000333,美的集团
2023-12-07,236.25,sz000333,美的集团
2023-12-08,236.7,sz000333,美的集团
2023-12-11,239.25,sz000333,美的集团
2023-12-12,239.17,sz000333,美的集团
2023-12-13,238.01,sz000333,美的集团
2023-12-14,238.76,sz000333,美的集团
2023-12-15,236.66,sz000333,美的集团
2023-12-18,239.51,sz000333,美的集团
2023-12-19,238.23,sz000333,美的集团
2023-12-20,239.28,sz000333,美的集团
2023-12-21,243.0,sz000333,美的集团
2023-12-22,245.81,sz000333,美的集团
2023-12-25,245.43,sz000333,美的集团
2023-12-26,245.92,sz000333,美的集团
2023-12-27,248.92,sz000333,美的集团
2023-12-28,250.61,sz000333,美的集团
2023-12-29,252.78,sz000333,美的集团
2024-01-02,252.52,sz000333,美的集团
2024-01-03,252.11,sz000333,美的集团
2024-01-04,255.11,sz000333,美的集团
2024-01-05,256.42,sz000333,美的集团
2024-01-08,254.17,sz000333,美的集团
2024-01-09,254.81,sz000333,美的集团
2024-01-10,255.0,sz000333,美的集团
2024-01-11,254.17,sz000333,美的集团
2024-01-12,254.17,sz000333,美的集团
2024-01-15,257.47,sz000333,美的集团
2024-01-16,261.37,sz000333,美的集团
2024-01-17,259.31,sz000333,美的集团
2024-01-18,259.42,sz000333,美的集团
2024-01-19,258.45,sz000333,美的集团
2024-01-22,255.45,sz000333,美的集团
2024-01-23,259.35,sz000333,美的集团
2024-01-24,262.38,sz000333,美的集团
2024-01-25,259.23,sz000333,美的集团
2024-01-26,263.58,sz000333,美的集团
2024-01-29,268.01,sz000333,美的集团
2024-01-30,266.25,sz000333,美的集团
2024-01-31,266.36,sz000333,美的集团
2024-02-01,268.46,sz000333,美的集团
2024-02-02,266.36,sz000333,美的集团
2024-02-05,270.86,sz000333,美的集团
2024-02-06,272.73,sz000333,美的集团
2024-02-07,277.08,sz000333,美的集团
2024-02-08,274.01,sz000333,美的集团
2024-02-19,275.17,sz000333,美的集团
2024-02-20,279.3,sz000333,美的集团
2024-02-21,279.33,sz000333,美的集团
2024-02-22,277.98,sz000333,美的集团
2024-02-23,271.5,sz000333,美的集团
2024-02-26,274.05,sz000333,美的集团
2024-02-27,280.12,sz000333,美的集团
2024-02-28,279.75,sz000333,美的集团
2024-02-29,282.78,sz000333,美的集团
2024-03-01,289.68,sz000333,美的集团
2024-03-04,290.17,sz000333,美的集团
2024-03-05,291.82,sz000333,美的集团
2024-03-06,289.83,sz000333,美的集团
2024-03-07,294.67,sz000333,美的集团
2024-03-08,295.8,sz000333,美的集团
2024-03-11,293.25,sz000333,美的集团
2024-03-12,288.41,sz000333,美的集团
2024-03-13,288.18,sz000333,美的集团
2024-03-14,289.8,sz000333,美的集团
2024-03-15,288.0,sz000333,美的集团
2024-03-18,281.77,sz000333,美的集团
2024-03-19,282.67,sz000333,美的集团
2024-03-20,279.97,sz000333,美的集团
2024-03-21,274.98,sz000333,美的集团
2024-03-22,282.75,sz000333,美的集团
2024-03-25,283.8,sz000333,美的集团
2024-03-26,283.12,sz000333,美的集团
2024-03-27,286.68,sz000333,美的集团
2024-03-28,290.1,sz000333,美的集团
2024-03-29,288.75,sz000333,美的集团
2024-04-01,296.25,sz000333,美的集团
2024-04-02,296.36,sz000333,美的集团
2024-04-03,298.16,sz000333,美的集团
2024-04-08,292.87,sz000333,美的集团
2024-04-09,291.82,sz000333,美的集团
2024-04-10,292.31,sz000333,美的集团
2024-04-11,291.93,sz000333,美的集团
2024-04-12,291.26,sz000333,美的集团
2024-04-15,298.57,sz000333,美的集团
2024-04-16,304.08,sz000333,美的集团
2024-04-17,305.1,sz000333,美的集团
2024-04-18,310.42,sz000333,美的集团
2024-04-19,310.42,sz000333,美的集团
2024-04-22,310.35,sz000333,美的集团
2024-04-23,304.38,sz000333,美的集团
2024-04-24,302.55,sz000333,美的集团
2024-04-25,303.82,sz000333,美的集团
2024-04-26,304.31,sz000333,美的集团
2024-04-29,303.67,sz000333,美的集团
2024-04-30,309.6,sz000333,美的集团
2024-05-06,314.21,sz000333,美的集团
2024-05-07,314.55,sz000333,美的集团
2024-05-08,313.23,sz000333,美的集团
2024-05-09,317.36,sz000333,美的集团
2024-05-10,317.47,sz000333,美的集团
2024-05-13,320.58,sz000333,美的集团
2024-05-14,313.57,sz000333,美的集团
2024-05-15,320.69,sz000333,美的集团
2024-05-16,319.12,sz000333,美的集团
2024-05-17,314.21,sz000333,美的集团
2024-05-20,308.73,sz000333,美的集团
2024-05-21,308.66,sz000333,美的集团
2024-05-22,304.38,sz000333,美的集团
2024-05-23,305.62,sz000333,美的集团
2024-05-24,308.92,sz000333,美的集团
2024-05-27,312.56,sz000333,美的集团
2024-05-28,310.46,sz000333,美的集团
2024-05-29,306.03,sz000333,美的集团
2024-05-30,303.52,sz000333,美的集团
2024-05-31,301.94,sz000333,美的集团
2024-06-03,302.92,sz000333,美的集团
2024-06-04,301.64,sz000333,美的集团
2024-06-05,298.79,sz000333,美的集团
2024-06-06,305.69,sz000333,美的集团
2024-06-07,303.44,sz000333,美的集团
2024-06-11,302.84,sz000333,美的集团
2024-06-12,303.44,sz000333,美的集团
2024-06-13,298.79,sz000333,美的集团
2024-06-14,305.13,sz000333,美的集团
2024-06-17,301.08,sz000333,美的集团
2024-06-18,302.24,sz000333,美的集团
2024-06-19,299.09,sz000333,美的集团
2024-06-20,300.86,sz000333,美的集团
2024-06-21,298.91,sz000333,美的集团
2024-06-24,302.39,sz000333,美的集团
2024-06-25,303.93,sz000333,美的集团
2024-06-26,300.03,sz000333,美的集团
2024-06-27,299.47,sz000333,美的集团
2024-06-28,300.97,sz000333,美的集团
2024-07-01,299.43,sz000333,美的集团
2024-07-02,295.34,sz000333,美的集团
2024-07-03,295.46,sz000333,美的集团
2024-07-04,301.34,sz000333,美的集团
2024-07-05,299.09,sz000333,美的集团
2024-07-08,299.96,sz000333,美的集团
2024-07-09,299.47,sz000333,美的集团
2024-07-10,298.38,sz000333,美的集团
2024-07-11,298.72,sz000333,美的集团
2024-07-12,302.84,sz000333,美的集团
2024-07-15,302.62,sz000333,美的集团
2024-07-16,300.11,sz000333,美的集团
2024-07-17,294.71,sz000333,美的集团
2024-07-18,298.72,sz000333,美的集团
2024-07-19,297.59,sz000333,美的集团
2024-07-22,297.71,sz000333,美的集团
2024-07-23,293.02,sz000333,美的集团
2024-07-24,284.39,sz000333,美的集团
2024-07-25,281.84,sz000333,美的集团
2024-07-26,294.74,sz000333,美的集团
2024-07-29,294.89,sz000333,美的集团
2024-07-30,288.07,sz000333,美的集团
2024-07-31,298.19,sz000333,美的集团
2024-08-01,297.52,sz000333,美的集团
2024-08-02,295.31,sz000333,美的集团
2024-08-05,290.28,sz000333,美的集团
2024-08-06,283.79,sz000333,美的集团
2024-08-07,286.72,sz000333,美的集团
2024-08-08,287.69,sz000333,美的集团
2024-08-09,285.97,sz000333,美的集团
2024-08-12,289.27,sz000333,美的集团
2024-08-13,289.19,sz000333,美的集团
2024-08-14,287.47,sz000333,美的集团
2024-08-15,287.84,sz000333,美的集团
2024-08-16,290.62,sz000333,美的集团
2024-08-19,292.94,sz000333,美的集团
2024-08-20,295.42,sz000333,美的集团
2024-08-21,295.94,sz000333,美的集团
2024-08-22,299.43,sz000333,美的集团
2024-08-23,304.57,sz000333,美的集团
2024-08-26,307.79,sz000333,美的集团
2024-08-27,306.56,sz000333,美的集团
2024-08-28,302.58,sz000333,美的集团
2024-08-29,298.91,sz000333,美的集团
2024-08-30,301.91,sz000333,美的集团
2024-09-02,303.71,sz000333,美的集团
2024-09-03,306.48,sz000333,美的集团
2024-09-04,304.64,sz000333,美的集团
2024-09-05,297.56,sz000333,美的集团
2024-09-06,295.42,sz000333,美的集团
2024-09-09,288.18,sz000333,美的集团
2024-09-10,286.91,sz000333,美的集团
2024-09-11,290.32,sz000333,美的集团
2024-09-12,292.98,sz000333,美的集团
2024-09-13,297.26,sz000333,美的集团
2024-09-18,303.78,sz000333,美的集团
2024-09-19,303.89,sz000333,美的集团
2024-09-20,306.82,sz000333,美的集团
2024-09-23,312.59,sz000333,美的集团
2024-09-24,314.24,sz000333,美的集团
2024-09-25,322.01,sz000333,美的集团
2024-09-26,334.94,sz000333,美的集团
2024-09-27,332.84,sz000333,美的集团
2024-09-30,344.32,sz000333,美的集团
2024-10-08,359.81,sz000333,美的集团
2024-10-09,340.38,sz000333,美的集团
2024-10-10,352.72,sz000333,美的集团
2024-10-11,346.98,sz000333,美的集团
2024-10-14,355.34,sz000333,美的集团
2024-10-15,344.09,sz000333,美的集团
2024-10-16,341.24,sz000333,美的集团
2024-10-17,333.14,sz000333,美的集团
2024-10-18,340.38,sz000333,美的集团
2024-10-21,336.89,sz000333,美的集团
2024-10-22,345.97,sz000333,美的集团
2024-10-23,345.52,sz000333,美的集团
2024-10-24,342.74,sz000333,美的集团
2024-10-25,341.36,sz000333,美的集团
2024-10-28,339.86,sz000333,美的集团
2024-10-29,336.86,sz000333,美的集团
2024-10-30,331.91,sz000333,美的集团
2024-10-31,326.92,sz000333,美的集团
2024-11-01,330.03,sz000333,美的集团
2024-11-04,332.24,sz000333,美的集团
2024-11-05,333.33,sz000333,美的集团
2024-11-06,325.98,sz000333,美的集团
2024-11-07,329.47,sz000333,美的集团
2024-11-08,331.27,sz000333,美的集团
2024-11-11,327.59,sz000333,美的集团
2024-11-12,330.56,sz000333,美的集团
2024-11-13,334.34,sz000333,美的集团
2024-11-14,335.24,sz000333,美的集团
2024-11-15,330.03,sz000333,美的集团
2024-11-18,325.53,sz000333,美的集团
2024-11-19,326.51,sz000333,美的集团
2024-11-20,326.96,sz000333,美的集团
2024-11-21,324.74,sz000333,美的集团
2024-11-22,323.06,sz000333,美的集团
2024-11-25,323.06,sz000333,美的集团
2024-11-26,323.84,sz000333,美的集团
2024-11-27,326.54,sz000333,美的集团
2024-11-28,322.31,sz000333,美的集团
2024-11-29,322.08,sz000333,美的集团
2024-12-02,321.89,sz000333,美的集团
2024-12-03,321.03,sz000333,美的集团
2024-12-04,327.18,sz000333,美的集团
2024-12-05,328.04,sz000333,美的集团
2024-12-06,332.28,sz000333,美的集团
2024-12-09,333.33,sz000333,美的集团
2024-12-10,335.99,sz000333,美的集团
2024-12-11,340.72,sz000333,美的集团
2024-12-12,342.44,sz000333,美的集团
2024-12-13,336.59,sz000333,美的集团
2024-12-16,333.67,sz000333,美的集团
2024-12-17,335.36,sz000333,美的集团
2024-12-18,336.97,sz000333,美的集团
2024-12-19,338.24,sz000333,美的集团
2024-12-20,336.59,sz000333,美的集团
2024-12-23,338.88,sz000333,美的集团
2024-12-24,345.03,sz000333,美的集团
2024-12-25,342.37,sz000333,美的集团
2024-12-26,344.02,sz000333,美的集团
2024-12-27,341.92,sz000333,美的集团
2024-12-30,341.54,sz000333,美的集团
2024-12-31,341.17,sz000333,美的集团
2025-01-02,341.54,sz000333,美的集团
2025-01-03,339.18,sz000333,美的集团
2025-01-06,341.77,sz000333,美的集团
2025-01-07,343.83,sz000333,美的集团
2025-01-08,350.02,sz000333,美的集团
2025-01-09,354.33,sz000333,美的集团
2025-01-10,345.48,sz000333,美的集团
2025-01-13,337.72,sz000333,美的集团
2025-01-14,338.92,sz000333,美的集团
2025-01-15,335.92,sz000333,美的集团
2025-01-16,336.93,sz000333,美的集团
2025-01-17,337.91,sz000333,美的集团
2025-01-20,339.93,sz000333,美的集团
2025-01-21,338.09,sz000333,美的集团
2025-01-22,332.84,sz000333,美的集团
2025-01-23,334.38,sz000333,美的集团
2025-01-24,332.17,sz000333,美的集团
2025-01-27,336.14,sz000333,美的集团
2025-02-05,329.88,sz000333,美的集团
2025-02-06,330.11,sz000333,美的集团
2025-02-07,334.49,sz000333,美的集团
2025-02-10,332.88,sz000333,美的集团
2025-02-11,335.47,sz000333,美的集团
2025-02-12,333.89,sz000333,美的集团
2025-02-13,329.62,sz000333,美的集团
2025-02-14,330.93,sz000333,美的集团
2025-02-17,329.24,sz000333,美的集团
2025-02-18,328.72,sz000333,美的集团
2025-02-19,327.03,sz000333,美的集团
2025-02-20,326.21,sz000333,美的集团
2025-02-21,323.81,sz000333,美的集团
2025-02-24,324.93,sz000333,美的集团
2025-02-25,317.96,sz000333,美的集团
2025-02-26,322.04,sz000333,美的集团
2025-02-27,330.89,sz000333,美的集团
2025-02-28,333.03,sz000333,美的集团
2025-03-03,325.34,sz000333,美的集团
2025-03-04,328.98,sz000333,美的集团
2025-03-05,328.16,sz000333,美的集团
2025-03-06,325.87,sz000333,美的集团
2025-03-07,324.56,sz000333,美的集团
2025-03-10,325.61,sz000333,美的集团
2025-03-11,325.08,sz000333,美的集团
2025-03-12,321.97,sz000333,美的集团
2025-03-13,321.63,sz000333,美的集团
2025-03-14,328.61,sz000333,美的集团
2025-03-17,328.64,sz000333,美的集团
2025-03-18,340.27,sz000333,美的集团
2025-03-19,346.01,sz000333,美的集团
2025-03-20,340.98,sz000333,美的集团
2025-03-21,341.39,sz000333,美的集团
2025-03-24,344.32,sz000333,美的集团
2025-03-25,347.32,sz000333,美的集团
2025-03-26,347.06,sz000333,美的集团
2025-03-27,345.97,sz000333,美的集团
2025-03-28,347.36,sz000333,美的集团
2025-03-31,353.47,sz000333,美的集团
2025-04-01,341.81,sz000333,美的集团
2025-04-02,343.94,sz000333,美的集团
2025-04-03,334.19,sz000333,美的集团
2025-04-07,311.02,sz000333,美的集团
2025-04-08,322.46,sz000333,美的集团
2025-04-09,320.36,sz000333,美的集团
2025-04-10,325.68,sz000333,美的集团
2025-04-11,323.43,sz000333,美的集团
2025-04-14,321.29,sz000333,美的集团
2025-04-15,327.14,sz000333,美的集团
2025-04-16,325.34,sz000333,美的集团
2025-04-17,325.16,sz000333,美的集团
2025-04-18,325.04,sz000333,美的集团
2025-04-21,326.81,sz000333,美的集团
2025-04-22,328.04,sz000333,美的集团
2025-04-23,328.53,sz000333,美的集团
2025-04-24,332.66,sz000333,美的集团
2025-04-25,331.91,sz000333,美的集团
2025-04-28,333.71,sz000333,美的集团
2025-04-29,337.34,sz000333,美的集团
2025-04-30,335.17,sz000333,美的集团
2025-05-06,336.78,sz000333,美的集团
2025-05-07,337.94,sz000333,美的集团
2025-05-08,340.34,sz000333,美的集团
2025-05-09,343.34,sz000333,美的集团
2025-05-12,346.27,sz000333,美的集团
2025-05-13,348.26,sz000333,美的集团
2025-05-14,348.18,sz000333,美的集团
2025-05-15,345.97,sz000333,美的集团
2025-05-16,346.34,sz000333,美的集团
2025-05-19,350.02,sz000333,美的集团
2025-05-20,354.11,sz000333,美的集团
2025-05-21,354.59,sz000333,美的集团
2025-05-22,356.69,sz000333,美的集团
2025-05-23,354.93,sz000333,美的集团
2025-05-26,352.61,sz000333,美的集团
2025-05-27,353.39,sz000333,美的集团
2025-05-28,356.54,sz000333,美的集团
2025-05-29,355.27,sz000333,美的集团
2025-05-30,355.57,sz000333,美的集团
2025-06-03,343.76,sz000333,美的集团
2025-06-04,342.44,sz000333,美的集团
2025-06-05,341.28,sz000333,美的集团
2025-06-06,342.97,sz000333,美的集团
2025-06-09,341.84,sz000333,美的集团
2025-06-10,340.53,sz000333,美的集团
2025-06-11,342.18,sz000333,美的集团
2025-06-12,342.89,sz000333,美的集团
2025-06-13,340.19,sz000333,美的集团
2025-06-16,339.36,sz000333,美的集团
2025-06-17,342.36,sz000333,美的集团
2025-06-18,342.51,sz000333,美的集团
2025-06-19,339.63,sz000333,美的集团
2025-06-20,343.56,sz000333,美的集团
2025-06-23,341.09,sz000333,美的集团
2025-06-24,345.14,sz000333,美的集团
2025-06-25,346.56,sz000333,美的集团
2025-06-26,346.26,sz000333,美的集团
2025-06-27,343.19,sz000333,美的集团
2025-06-30,342.89,sz000333,美的集团
2025-07-01,342.55,sz000333,美的集团
2025-07-02,344.01,sz000333,美的集团
2025-07-03,345.48,sz000333,美的集团
2025-07-04,347.69,sz000333,美的集团
2025-07-07,344.2,sz000333,美的集团
2025-07-08,342.96,sz000333,美的集团
2025-07-09,341.39,sz000333,美的集团
2025-07-10,340.94,sz000333,美的集团
2025-07-11,343.94,sz000333,美的集团
2025-07-14,346.26,sz000333,美的集团
2025-07-15,346.68,sz000333,美的集团
2025-07-16,345.48,sz000333,美的集团
2025-07-17,344.5,sz000333,美的集团
2025-07-18,345.25,sz000333,美的集团
2025-07-21,344.2,sz000333,美的集团
2025-07-22,346.6,sz000333,美的集团
2025-07-23,347.76,sz000333,美的集团
2025-07-24,347.8,sz000333,美的集团
2025-07-25,344.99,sz000333,美的集团
2025-07-28,341.91,sz000333,美的集团
2025-07-29,339.29,sz000333,美的集团
2025-07-30,342.55,sz000333,美的集团
2025-07-31,335.35,sz000333,美的集团
2025-08-01,337.6,sz000333,美的集团
2025-08-04,338.16,sz000333,美的集团
2025-08-05,339.81,sz000333,美的集团
2025-08-06,341.01,sz000333,美的集团
2025-08-07,340.19,sz000333,美的集团
2025-08-08,340.56,sz000333,美的集团
2025-08-11,341.24,sz000333,美的集团
2025-08-12,341.88,sz000333,美的集团
2025-08-13,341.46,sz000333,美的集团
2025-08-14,343.38,sz000333,美的集团
2025-08-15,343.26,sz000333,美的集团
2025-08-18,341.54,sz000333,美的集团
2025-08-19,344.69,sz000333,美的集团
2025-08-20,342.96,sz000333,美的集团
2025-08-21,341.84,sz000333,美的集团
2025-08-22,342.48,sz000333,美的集团
2025-08-25,347.84,sz000333,美的集团
2025-08-26,348.89,sz000333,美的集团
2025-08-27,344.8,sz000333,美的集团
2025-08-28,347.76,sz000333,美的集团
2025-08-29,348.55,sz000333,美的集团
2025-09-01,349.75,sz000333,美的集团
2025-09-02,357.74,sz000333,美的集团
2025-09-03,355.71,sz000333,美的集团
2025-09-04,355.6,sz000333,美的集团
2025-09-05,357.96,sz000333,美的集团
2025-09-08,361.0,sz000333,美的集团
2025-09-09,361.56,sz000333,美的集团
2025-09-10,360.96,sz000333,美的集团
2025-09-11,360.96,sz000333,美的集团
2025-09-12,355.53,sz000333,美的集团
2025-09-15,354.03,sz000333,美的集团
2025-09-16,351.36,sz000333,美的集团
2025-09-17,350.95,sz000333,美的集团
2025-09-18,348.66,sz000333,美的集团
2025-09-19,350.95,sz000333,美的集团
2025-09-22,346.86,sz000333,美的集团
2025-09-23,347.88,sz000333,美的集团
2025-09-24,350.01,sz000333,美的集团
2025-09-25,345.29,sz000333,美的集团
2025-09-26,350.39,sz000333,美的集团
2025-09-29,348.63,sz000333,美的集团
2025-09-30,344.61,sz000333,美的集团
2025-10-09,344.5,sz000333,美的集团
2025-10-10,345.25,sz000333,美的集团
2025-10-13,341.43,sz000333,美的集团
2025-10-14,344.39,sz000333,美的集团
2025-10-15,345.59,sz000333,美的集团
2025-10-16,346.56,sz000333,美的集团
2025-10-17,345.14,sz000333,美的集团
2025-10-20,345.4,sz000333,美的集团
2025-10-21,345.55,sz000333,美的集团
2025-10-22,349.19,sz000333,美的集团
2025-10-23,352.98,sz000333,美的集团
2025-10-24,351.93,sz000333,美的集团
2025-10-27,352.94,sz000333,美的集团
2025-10-28,351.18,sz000333,美的集团
2025-10-29,351.14,sz000333,美的集团
2025-10-30,354.51,sz000333,美的集团
2025-10-31,358.64,sz000333,美的集团
2025-11-03,354.85,sz000333,美的集团
2025-11-04,353.99,sz000333,美的集团
2025-11-05,356.91,sz000333,美的集团
2025-11-06,361.0,sz000333,美的集团
2025-11-07,357.89,sz000333,美的集团
2025-11-10,362.13,sz000333,美的集团
2025-11-11,361.75,sz000333,美的集团
2025-11-12,370.23,sz000333,美的集团
2025-11-13,370.64,sz000333,美的集团
2025-11-14,369.25,sz000333,美的集团
2025-11-17,366.21,sz000333,美的集团
2025-11-18,364.23,sz000333,美的集团
2025-11-19,364.23,sz000333,美的集团
2025-11-20,366.25,sz000333,美的集团
2025-11-21,369.29,sz000333,美的集团
2025-11-24,368.58,sz000333,美的集团
2025-11-25,369.1,sz000333,美的集团
2025-11-26,373.23,sz000333,美的集团
2025-11-27,373.23,sz000333,美的集团
2025-11-28,373.45,sz000333,美的集团
2025-12-01,373.98,sz000333,美的集团
2025-12-02,379.83,sz000333,美的集团
2025-12-03,382.11,sz000333,美的集团
2025-12-04,381.06,sz000333,美的集团
2025-12-05,382.34,sz000333,美的集团
2025-12-08,380.76,sz000333,美的集团
2025-12-09,374.73,sz000333,美的集团
2025-12-10,374.24,sz000333,美的集团
2025-12-11,371.35,sz000333,美的集团
2025-12-12,371.43,sz000333,美的集团
2025-12-15,375.51,sz000333,美的集团
2025-12-16,373.83,sz000333,美的集团
2025-12-17,375.74,sz000333,美的集团
2025-12-18,373.34,sz000333,美的集团
2025-12-19,371.91,sz000333,美的集团
2025-12-22,370.83,sz000333,美的集团
2025-12-23,372.66,sz000333,美的集团
2025-12-24,369.48,sz000333,美的集团
2025-12-25,368.69,sz000333,美的集团
2025-12-26,369.74,sz000333,美的集团
2025-12-29,368.01,sz000333,美的集团
2025-12-30,369.66,sz000333,美的集团
2025-12-31,367.04,sz000333,美的集团
2018-01-02,4786.51,sz000651,格力电器
2018-01-03,4832.54,sz000651,格力电器
2018-01-04,4918.15,sz000651,格力电器
2018-01-05,5037.83,sz000651,格力电器
2018-01-08,5033.23,sz000651,格力电器
2018-01-09,5177.76,sz000651,格力电器
2018-01-10,5329.65,sz000651,格力电器
2018-01-11,5306.64,sz000651,格力电器
2018-01-12,5536.78,sz000651,格力电器
2018-01-15,5656.46,sz000651,格力电器
2018-01-16,5635.29,sz000651,格力电器
2018-01-17,5420.79,sz000651,格力电器
2018-01-18,5441.04,sz000651,格力电器
2018-01-19,5366.48,sz000651,格力电器
2018-01-22,5840.58,sz000651,格力电器
2018-01-23,5858.07,sz000651,格力电器
2018-01-24,5764.17,sz000651,格力电器
2018-01-25,5730.11,sz000651,格力电器
2018-01-26,5914.22,sz000651,格力电器
2018-01-29,5765.09,sz000651,格力电器
2018-01-30,5633.45,sz000651,格力电器
2018-01-31,5779.82,sz000651,格力电器
2018-02-01,5746.68,sz000651,格力电器
2018-02-02,5738.39,sz000651,格力电器
2018-02-05,5605.83,sz000651,格力电器
2018-02-06,5547.83,sz000651,格力电器
2018-02-07,5258.77,sz000651,格力电器
2018-02-08,5325.05,sz000651,格力电器
2018-02-09,5182.36,sz000651,格力电器
2018-02-12,5372.0,sz000651,格力电器
2018-02-13,5453.93,sz000651,格力电器
2018-02-14,5623.32,sz000651,格力电器
2018-02-22,5692.36,sz000651,格力电器
2018-02-23,5606.75,sz000651,格力电器
2018-02-26,5661.06,sz000651,格力电器
2018-02-27,5418.03,sz000651,格力电器
2018-02-28,5388.57,sz000651,格力电器
2018-03-01,5378.44,sz000651,格力电器
2018-03-02,5461.3,sz000651,格力电器
2018-03-05,5383.05,sz000651,格力电器
2018-03-06,5405.14,sz000651,格力电器
2018-03-07,5391.33,sz000651,格力电器
2018-03-08,5523.9,sz000651,格力电器
2018-03-09,5512.85,sz000651,格力电器
2018-03-12,5535.86,sz000651,格力电器
2018-03-13,5509.17,sz000651,格力电器
2018-03-14,5433.68,sz000651,格力电器
2018-03-15,5582.81,sz000651,格力电器
2018-03-16,5547.83,sz000651,格力电器
2018-03-19,5502.72,sz000651,格力电器
2018-03-20,5435.52,sz000651,格力电器
2018-03-21,5389.49,sz000651,格力电器
2018-03-22,5223.79,sz000651,格力电器
2018-03-23,5129.89,sz000651,格力电器
2018-03-26,5060.84,sz000651,格力电器
2018-03-27,4997.32,sz000651,格力电器
2018-03-28,4819.65,sz000651,格力电器
2018-03-29,4966.02,sz000651,格力电器
2018-03-30,4947.61,sz000651,格力电器
2018-04-02,4862.0,sz000651,格力电器
2018-04-03,4875.81,sz000651,格力电器
2018-04-04,4938.4,sz000651,格力电器
2018-04-09,4838.98,sz000651,格力电器
2018-04-10,5019.42,sz000651,格力电器
2018-04-11,5059.92,sz000651,格力电器
2018-04-12,5030.46,sz000651,格力电器
2018-04-13,4998.24,sz000651,格力电器
2018-04-16,4882.25,sz000651,格力电器
2018-04-17,4799.4,sz000651,格力电器
2018-04-18,4804.92,sz000651,格力电器
2018-04-19,5012.05,sz000651,格力电器
2018-04-20,5035.07,sz000651,格力电器
2018-04-23,5207.22,sz000651,格力电器
2018-04-24,5250.48,sz000651,格力电器
2018-04-25,5239.44,sz000651,格力电器
2018-04-26,4826.09,sz000651,格力电器
2018-04-27,4688.01,sz000651,格力电器
2018-05-02,4791.11,sz000651,格力电器
2018-05-03,4845.43,sz000651,格力电器
2018-05-04,4853.71,sz000651,格力电器
2018-05-07,4931.04,sz000651,格力电器
2018-05-08,5048.88,sz000651,格力电器
2018-05-09,5067.29,sz000651,格力电器
2018-05-10,5068.21,sz000651,格力电器
2018-05-11,5002.85,sz000651,格力电器
2018-05-14,5102.27,sz000651,格力电器
2018-05-15,5081.1,sz000651,格力电器
2018-05-16,5037.83,sz000651,格力电器
2018-05-17,5025.86,sz000651,格力电器
2018-05-18,5073.73,sz000651,格力电器
2018-05-21,5043.35,sz000651,格力电器
2018-05-22,4938.4,sz000651,格力电器
2018-05-23,4885.01,sz000651,格力电器
2018-05-24,4828.86,sz000651,格力电器
2018-05-25,4840.82,sz000651,格力电器
2018-05-28,4922.75,sz000651,格力电器
2018-05-29,4871.2,sz000651,格力电器
2018-05-30,4803.08,sz000651,格力电器
2018-05-31,5002.85,sz000651,格力电器
2018-06-01,4918.15,sz000651,格力电器
2018-06-04,5031.38,sz000651,格力电器
2018-06-05,5099.51,sz000651,格力电器
2018-06-06,5086.62,sz000651,格力电器
2018-06-07,5047.03,sz000651,格力电器
2018-06-08,5062.68,sz000651,格力电器
2018-06-11,5134.49,sz000651,格力电器
2018-06-12,5269.81,sz000651,格力电器
2018-06-13,5221.94,sz000651,格力电器
2018-06-14,5135.41,sz000651,格力电器
2018-06-15,5141.85,sz000651,格力电器
2018-06-19,4987.2,sz000651,格力电器
2018-06-20,5037.83,sz000651,格力电器
2018-06-21,5035.99,sz000651,格力电器
2018-06-22,5054.4,sz000651,格力电器
2018-06-25,5026.78,sz000651,格力电器
2018-06-26,4984.43,sz000651,格力电器
2018-06-27,4815.97,sz000651,格力电器
2018-06-28,4789.27,sz000651,格力电器
2018-06-29,4970.63,sz000651,格力电器
2018-07-02,4804.92,sz000651,格力电器
2018-07-03,4735.88,sz000651,格力电器
2018-07-04,4605.15,sz000651,格力电器
2018-07-05,4626.33,sz000651,格力电器
2018-07-06,4699.05,sz000651,格力电器
2018-07-09,4866.6,sz000651,格力电器
2018-07-10,4853.71,sz000651,格力电器
2018-07-11,4799.4,sz000651,格力电器
2018-07-12,4873.96,sz000651,格力电器
2018-07-13,4907.11,sz000651,格力电器
2018-07-16,4906.18,sz000651,格力电器
2018-07-17,4840.82,sz000651,格力电器
2018-07-18,4758.89,sz000651,格力电器
2018-07-19,4793.87,sz000651,格力电器
2018-07-20,4778.22,sz000651,格力电器
2018-07-23,4726.67,sz000651,格力电器
2018-07-24,4844.51,sz000651,格力电器
2018-07-25,4769.02,sz000651,格力电器
2018-07-26,4727.59,sz000651,格力电器
2018-07-27,4691.69,sz000651,格力电器
2018-07-30,4700.89,sz000651,格力电器
2018-07-31,4696.29,sz000651,格力电器
2018-08-01,4593.19,sz000651,格力电器
2018-08-02,4415.51,sz000651,格力电器
2018-08-03,4267.3,sz000651,格力电器
2018-08-06,4204.7,sz000651,格力电器
2018-08-07,4351.07,sz000651,格力电器
2018-08-08,4237.84,sz000651,格力电器
2018-08-09,4345.55,sz000651,格力电器
2018-08-10,4376.85,sz000651,格力电器
2018-08-13,4344.63,sz000651,格力电器
2018-08-14,4312.41,sz000651,格力电器
2018-08-15,4214.83,sz000651,格力电器
2018-08-16,4191.81,sz000651,格力电器
2018-08-17,4128.29,sz000651,格力电器
2018-08-20,4160.51,sz000651,格力电器
2018-08-21,4292.16,sz000651,格力电器
2018-08-22,4246.13,sz000651,格力电器
2018-08-23,4236.92,sz000651,格力电器
2018-08-24,4214.83,sz000651,格力电器
2018-08-27,4343.71,sz000651,格力电器
2018-08-28,4370.4,sz000651,格力电器
2018-08-29,4396.18,sz000651,格力电器
2018-08-30,4367.64,sz000651,格力电器
2018-08-31,4215.75,sz000651,格力电器
2018-09-03,4170.64,sz000651,格力电器
2018-09-04,4207.46,sz000651,格力电器
2018-09-05,4092.39,sz000651,格力电器
2018-09-06,3991.12,sz000651,格力电器
2018-09-07,3993.89,sz000651,格力电器
2018-09-10,3944.17,sz000651,格力电器
2018-09-11,3965.35,sz000651,格力电器
2018-09-12,3923.0,sz000651,格力电器
2018-09-13,3985.6,sz000651,格力电器
2018-09-14,4043.6,sz000651,格力电器
2018-09-17,4017.82,sz000651,格力电器
2018-09-18,4039.92,sz000651,格力电器
2018-09-19,4162.35,sz000651,格力电器
2018-09-20,4166.04,sz000651,格力电器
2018-09-21,4300.44,sz000651,格力电器
2018-09-25,4224.95,sz000651,格力电器
2018-09-26,4250.73,sz000651,格力电器
2018-09-27,4268.22,sz000651,格力电器
2018-09-28,4330.82,sz000651,格力电器
2018-10-08,4121.85,sz000651,格力电器
2018-10-09,4204.7,sz000651,格力电器
2018-10-10,4156.83,sz000651,格力电器
2018-10-11,4040.84,sz000651,格力电器
2018-10-12,4192.73,sz000651,格力电器
2018-10-15,4142.1,sz000651,格力电器
2018-10-16,4138.42,sz000651,格力电器
2018-10-17,4169.72,sz000651,格力电器
2018-10-18,4054.64,sz000651,格力电器
2018-10-19,4186.29,sz000651,格力电器
2018-10-22,4322.53,sz000651,格力电器
2018-10-23,4242.44,sz000651,格力电器
2018-10-24,4261.78,sz000651,格力电器
2018-10-25,4229.56,sz000651,格力电器
2018-10-26,4201.94,sz000651,格力电器
2018-10-29,3979.16,sz000651,格力电器
2018-10-30,4036.23,sz000651,格力电器
2018-10-31,4133.81,sz000651,格力电器
2018-11-01,4192.73,sz000651,格力电器
2018-11-02,4327.14,sz000651,格力电器
2018-11-05,4310.57,sz000651,格力电器
2018-11-06,4258.09,sz000651,格力电器
2018-11-07,4236.92,sz000651,格力电器
2018-11-08,4237.84,sz000651,格力电器
2018-11-09,4187.21,sz000651,格力电器
2018-11-12,4239.68,sz000651,格力电器
2018-11-13,4258.09,sz000651,格力电器
2018-11-14,4201.94,sz000651,格力电器
2018-11-15,4177.08,sz000651,格力电器
2018-11-16,4182.61,sz000651,格力电器
2018-11-19,4207.46,sz000651,格力电器
2018-11-20,4127.37,sz000651,格力电器
2018-11-21,4125.53,sz000651,格力电器
2018-11-22,4124.61,sz000651,格力电器
2018-11-23,4078.58,sz000651,格力电器
2018-11-26,4057.41,sz000651,格力电器
2018-11-27,4027.03,sz000651,格力电器
2018-11-28,4091.47,sz000651,格力电器
2018-11-29,4042.68,sz000651,格力电器
2018-11-30,4022.42,sz000651,格力电器
2018-12-03,4123.69,sz000651,格力电器
2018-12-04,4114.48,sz000651,格力电器
2018-12-05,4067.53,sz000651,格力电器
2018-12-06,3990.2,sz000651,格力电器
2018-12-07,3988.36,sz000651,格力电器
2018-12-10,3928.52,sz000651,格力电器
2018-12-11,3958.9,sz000651,格力电器
2018-12-12,3975.47,sz000651,格力电器
2018-12-13,4109.88,sz000651,格力电器
2018-12-14,4066.61,sz000651,格力电器
2018-12-17,4041.76,sz000651,格力电器
2018-12-18,4017.82,sz000651,格力电器
2018-12-19,3983.76,sz000651,格力电器
2018-12-20,3971.79,sz000651,格力电器
2018-12-21,3950.62,sz000651,格力电器
2018-12-24,3960.75,sz000651,格力电器
2018-12-25,3933.13,sz000651,格力电器
2018-12-26,3933.13,sz000651,格力电器
2018-12-27,3914.72,sz000651,格力电器
2018-12-28,3915.64,sz000651,格力电器
2019-01-02,3925.76,sz000651,格力电器
2019-01-03,3936.81,sz000651,格力电器
2019-01-04,4004.01,sz000651,格力电器
2019-01-07,3988.36,sz000651,格力电器
2019-01-08,3975.47,sz000651,格力电器
2019-01-09,4083.18,sz000651,格力电器
2019-01-10,4106.2,sz000651,格力电器
2019-01-11,4103.44,sz000651,格力电器
2019-01-14,4098.83,sz000651,格力电器
2019-01-15,4200.1,sz000651,格力电器
2019-01-16,4248.89,sz000651,格力电器
2019-01-17,4189.05,sz000651,格力电器
2019-01-18,4217.59,sz000651,格力电器
2019-01-21,4264.54,sz000651,格力电器
2019-01-22,4212.06,sz000651,格力电器
2019-01-23,4237.84,sz000651,格力电器
2019-01-24,4255.33,sz000651,格力电器
2019-01-25,4303.2,sz000651,格力电器
2019-01-28,4339.11,sz000651,格力电器
2019-01-29,4413.67,sz000651,格力电器
2019-01-30,4376.85,sz000651,格力电器
2019-01-31,4473.51,sz000651,格力电器
2019-02-01,4492.84,sz000651,格力电器
2019-02-11,4595.03,sz000651,格力电器
2019-02-12,4608.84,sz000651,格力电器
2019-02-13,4635.53,sz000651,格力电器
2019-02-14,4712.86,sz000651,格力电器
2019-02-15,4565.57,sz000651,格力电器
2019-02-18,4688.93,sz000651,格力电器
2019-02-19,4737.72,sz000651,格力电器
2019-02-20,4771.78,sz000651,格力电器
2019-02-21,4757.97,sz000651,格力电器
2019-02-22,4769.02,sz000651,格力电器
2019-02-25,4927.36,sz000651,格力电器
2019-02-26,4821.49,sz000651,格力电器
2019-02-27,4786.51,sz000651,格力电器
2019-02-28,4809.52,sz000651,格力电器
2019-03-01,4895.14,sz000651,格力电器
2019-03-04,4979.83,sz000651,格力电器
2019-03-05,5019.42,sz000651,格力电器
2019-03-06,5021.26,sz000651,格力电器
2019-03-07,4896.06,sz000651,格力电器
2019-03-08,4782.83,sz000651,格力电器
2019-03-11,4862.0,sz000651,格力电器
2019-03-12,4809.52,sz000651,格力电器
2019-03-13,4823.33,sz000651,格力电器
2019-03-14,4870.28,sz000651,格力电器
2019-03-15,5004.69,sz000651,格力电器
2019-03-18,5094.9,sz000651,格力电器
2019-03-19,5031.38,sz000651,格力电器
2019-03-20,4976.15,sz000651,格力电器
2019-03-21,4944.85,sz000651,格力电器
2019-03-22,4934.72,sz000651,格力电器
2019-03-25,4827.01,sz000651,格力电器
2019-03-26,4809.52,sz000651,格力电器
2019-03-27,4883.17,sz000651,格力电器
2019-03-28,4885.93,sz000651,格力电器
2019-03-29,5031.38,sz000651,格力电器
2019-04-09,5465.9,sz000651,格力电器
2019-04-10,5943.68,sz000651,格力电器
2019-04-11,5766.93,sz000651,格力电器
2019-04-12,5707.09,sz000651,格力电器
2019-04-15,5905.02,sz000651,格力电器
2019-04-16,6046.79,sz000651,格力电器
2019-04-17,5974.98,sz000651,格力电器
2019-04-18,6162.78,sz000651,格力电器
2019-04-19,6669.1,sz000651,格力电器
2019-04-22,6313.76,sz000651,格力电器
2019-04-23,6299.95,sz000651,格力电器
2019-04-24,6200.52,sz000651,格力电器
2019-04-25,6001.68,sz000651,格力电器
2019-04-26,5857.15,sz000651,格力电器
2019-04-29,5961.17,sz000651,格力电器
2019-04-30,5801.91,sz000651,格力电器
2019-05-06,5429.08,sz000651,格力电器
2019-05-07,5603.07,sz000651,格力电器
2019-05-08,5502.72,sz000651,格力电器
2019-05-09,5453.93,sz000651,格力电器
2019-05-10,5771.53,sz000651,格力电器
2019-05-13,5665.67,sz000651,格力电器
2019-05-14,5597.54,sz000651,格力电器
2019-05-15,5835.05,sz000651,格力电器
2019-05-16,5858.07,sz000651,格力电器
2019-05-17,5730.11,sz000651,格力电器
2019-05-20,5623.32,sz000651,格力电器
2019-05-21,5789.94,sz000651,格力电器
2019-05-22,5748.52,sz000651,格力电器
2019-05-23,5553.35,sz000651,格力电器
2019-05-24,5647.25,sz000651,格力电器
2019-05-27,5661.06,sz000651,格力电器
2019-05-28,5739.31,sz000651,格力电器
2019-05-29,5665.67,sz000651,格力电器
2019-05-30,5558.88,sz000651,格力电器
2019-05-31,5500.88,sz000651,格力电器
2019-06-03,5518.37,sz000651,格力电器
2019-06-04,5424.47,sz000651,格力电器
2019-06-05,5504.56,sz000651,格力电器
2019-06-06,5527.58,sz000651,格力电器
2019-06-10,5568.08,sz000651,格力电器
2019-06-11,5651.86,sz000651,格力电器
2019-06-12,5544.15,sz000651,格力电器
2019-06-13,5405.14,sz000651,格力电器
2019-06-14,5395.01,sz000651,格力电器
2019-06-17,5356.35,sz000651,格力电器
2019-06-18,5383.05,sz000651,格力电器
2019-06-19,5482.47,sz000651,格力电器
2019-06-20,5656.46,sz000651,格力电器
2019-06-21,5592.94,sz000651,格力电器
2019-06-24,5688.68,sz000651,格力电器
2019-06-25,5665.67,sz000651,格力电器
2019-06-26,5699.73,sz000651,格力电器
2019-06-27,5747.6,sz000651,格力电器
2019-06-28,5748.52,sz000651,格力电器
2019-07-01,6079.01,sz000651,格力电器
2019-07-02,6077.17,sz000651,格力电器
2019-07-03,5963.01,sz000651,格力电器
2019-07-04,5921.59,sz000651,格力电器
2019-07-05,6033.9,sz000651,格力电器
2019-07-08,5884.76,sz000651,格力电器
2019-07-09,5839.66,sz000651,格力电器
2019-07-10,5867.27,sz000651,格力电器
2019-07-11,5840.58,sz000651,格力电器
2019-07-12,5884.76,sz000651,格力电器
2019-07-15,5829.53,sz000651,格力电器
2019-07-16,5731.03,sz000651,格力电器
2019-07-17,5705.25,sz000651,格力电器
2019-07-18,5693.28,sz000651,格力电器
2019-07-19,5674.87,sz000651,格力电器
2019-07-22,5656.46,sz000651,格力电器
2019-07-23,5693.28,sz000651,格力电器
2019-07-24,5726.42,sz000651,格力电器
2019-07-25,5759.57,sz000651,格力电器
2019-07-26,5790.87,sz000651,格力电器
2019-07-29,5713.54,sz000651,格力电器
2019-07-30,5755.88,sz000651,格力电器
2019-07-31,5756.8,sz000651,格力电器
2019-08-01,5627.0,sz000651,格力电器
2019-08-02,5603.99,sz000651,格力电器
2019-08-05,5562.56,sz000651,格力电器
2019-08-06,5511.93,sz000651,格力电器
2019-08-07,5451.17,sz000651,格力电器
2019-08-08,5518.37,sz000651,格力电器
2019-08-09,5420.79,sz000651,格力电器
2019-08-12,5461.3,sz000651,格力电器
2019-08-13,5551.51,sz000651,格力电器
2019-08-14,5569.93,sz000651,格力电器
2019-08-15,5545.99,sz000651,格力电器
2019-08-16,5541.39,sz000651,格力电器
2019-08-19,5649.1,sz000651,格力电器
2019-08-20,5683.16,sz000651,格力电器
2019-08-21,5844.26,sz000651,格力电器
2019-08-22,5875.56,sz000651,格力电器
2019-08-23,5876.48,sz000651,格力电器
2019-08-26,5810.2,sz000651,格力电器
2019-08-27,5918.83,sz000651,格力电器
2019-08-28,5916.06,sz000651,格力电器
2019-08-29,5866.35,sz000651,格力电器
2019-08-30,5932.64,sz000651,格力电器
2019-09-02,6113.99,sz000651,格力电器
2019-09-03,6144.37,sz000651,格力电器
2019-09-04,6333.09,sz000651,格力电器
2019-09-05,6242.87,sz000651,格力电器
2019-09-06,6236.43,sz000651,格力电器
2019-09-09,6286.14,sz000651,格力电器
2019-09-10,6291.66,sz000651,格力电器
2019-09-11,6227.22,sz000651,格力电器
2019-09-12,6311.0,sz000651,格力电器
2019-09-16,6248.4,sz000651,格力电器
2019-09-17,6125.96,sz000651,格力电器
2019-09-18,6183.03,sz000651,格力电器
2019-09-19,6207.89,sz000651,格力电器
2019-09-20,6166.46,sz000651,格力电器
2019-09-23,6136.08,sz000651,格力电器
2019-09-24,6177.51,sz000651,格力电器
2019-09-25,6146.21,sz000651,格力电器
2019-09-26,6127.8,sz000651,格力电器
2019-09-27,6061.52,sz000651,格力电器
2019-09-30,6098.34,sz000651,格力电器
2019-10-08,6176.59,sz000651,格力电器
2019-10-09,6072.56,sz000651,格力电器
2019-10-10,6136.08,sz000651,格力电器
2019-10-11,6215.25,sz000651,格力电器
2019-10-14,6227.22,sz000651,格力电器
2019-10-15,6245.63,sz000651,格力电器
2019-10-16,6256.68,sz000651,格力电器
2019-10-17,6185.8,sz000651,格力电器
2019-10-18,6144.37,sz000651,格力电器
2019-10-21,6203.29,sz000651,格力电器
2019-10-22,6237.35,sz000651,格力电器
2019-10-23,6229.98,sz000651,格力电器
2019-10-24,6179.35,sz000651,格力电器
2019-10-25,6084.53,sz000651,格力电器
2019-10-28,6061.52,sz000651,格力电器
2019-10-29,6290.74,sz000651,格力电器
2019-10-30,6224.46,sz000651,格力电器
2019-10-31,6227.22,sz000651,格力电器
2019-11-01,6694.88,sz000651,格力电器
2019-11-04,6756.56,sz000651,格力电器
2019-11-05,6722.5,sz000651,格力电器
2019-11-06,6669.1,sz000651,格力电器
2019-11-07,6688.43,sz000651,格力电器
2019-11-08,6679.23,sz000651,格力电器
2019-11-11,6454.61,sz000651,格力电器
2019-11-12,6269.57,sz000651,格力电器
2019-11-13,6241.03,sz000651,格力电器
2019-11-14,6266.81,sz000651,格力电器
2019-11-15,6241.95,sz000651,格力电器
2019-11-18,6253.92,sz000651,格力电器
2019-11-19,6297.19,sz000651,格力电器
2019-11-20,6241.95,sz000651,格力电器
2019-11-21,6112.15,sz000651,格力电器
2019-11-22,6044.95,sz000651,格力电器
2019-11-25,6145.29,sz000651,格力电器
2019-11-26,6212.49,sz000651,格力电器
2019-11-27,6129.64,sz000651,格力电器
2019-11-28,6204.21,sz000651,格力电器
2019-11-29,6136.08,sz000651,格力电器
2019-12-03,6420.54,sz000651,格力电器
2019-12-04,6584.41,sz000651,格力电器
2019-12-05,6555.87,sz000651,格力电器
2019-12-06,6566.92,sz000651,格力电器
2019-12-09,6544.82,sz000651,格力电器
2019-12-10,6545.74,sz000651,格力电器
2019-12-11,6475.78,sz000651,格力电器
2019-12-12,6483.14,sz000651,格力电器
2019-12-13,6622.15,sz000651,格力电器
2019-12-16,6632.28,sz000651,格力电器
2019-12-17,6725.26,sz000651,格力电器
2019-12-18,6749.19,sz000651,格力电器
2019-12-19,6807.19,sz000651,格力电器
2019-12-20,6762.08,sz000651,格力电器
2019-12-23,6761.16,sz000651,格力电器
2019-12-24,6809.03,sz000651,格力电器
2019-12-25,6751.95,sz000651,格力电器
2019-12-26,6786.94,sz000651,格力电器
2019-12-27,6763.92,sz000651,格力电器
2019-12-30,6860.58,sz000651,格力电器
2019-12-31,6860.58,sz000651,格力电器
2020-01-02,7074.16,sz000651,格力电器
2020-01-03,7000.51,sz000651,格力电器
2020-01-06,6888.2,sz000651,格力电器
2020-01-07,7020.77,sz000651,格力电器
2020-01-08,7157.01,sz000651,格力电器
2020-01-09,7256.43,sz000651,格力电器
2020-01-10,7244.47,sz000651,格力电器
2020-01-13,7245.39,sz000651,格力电器
2020-01-14,7249.99,sz000651,格力电器
2020-01-15,7166.22,sz000651,格力电器
2020-01-16,7020.77,sz000651,格力电器
2020-01-17,7075.08,sz000651,格力电器
2020-01-20,7115.59,sz000651,格力电器
2020-01-21,6945.28,sz000651,格力电器
2020-01-22,6958.17,sz000651,格力电器
2020-01-23,6709.61,sz000651,格力电器
2020-02-03,6233.67,sz000651,格力电器
2020-02-04,6491.43,sz000651,格力电器
2020-02-05,6609.26,sz000651,格力电器
2020-02-06,6645.17,sz000651,格力电器
2020-02-07,6566.0,sz000651,格力电器
2020-02-10,6540.22,sz000651,格力电器
2020-02-11,6707.77,sz000651,格力电器
2020-02-12,6698.56,sz000651,格力电器
2020-02-13,6613.87,sz000651,格力电器
2020-02-14,6598.22,sz000651,格力电器
2020-02-17,6634.12,sz000651,格力电器
2020-02-18,6545.74,sz000651,格力电器
2020-02-19,6500.64,sz000651,格力电器
2020-02-20,6669.1,sz000651,格力电器
2020-02-21,6589.93,sz000651,格力电器
2020-02-24,6491.43,sz000651,格力电器
2020-02-25,6369.91,sz000651,格力电器
2020-02-26,6373.59,sz000651,格力电器
2020-02-27,6412.26,sz000651,格力电器
2020-02-28,6273.25,sz000651,格力电器
2020-03-02,6349.66,sz000651,格力电器
2020-03-03,6345.98,sz000651,格力电器
2020-03-04,6330.33,sz000651,格力电器
2020-03-05,6622.15,sz000651,格力电器
2020-03-06,6483.14,sz000651,格力电器
2020-03-09,6276.01,sz000651,格力电器
2020-03-10,6417.78,sz000651,格力电器
2020-03-11,6312.84,sz000651,格力电器
2020-03-12,6183.03,sz000651,格力电器
2020-03-13,6062.44,sz000651,格力电器
2020-03-16,5831.37,sz000651,格力电器
2020-03-17,5697.89,sz000651,格力电器
2020-03-18,5650.94,sz000651,格力电器
2020-03-19,5453.93,sz000651,格力电器
2020-03-20,5570.85,sz000651,格力电器
2020-03-23,5354.51,sz000651,格力电器
2020-03-24,5531.26,sz000651,格力电器
2020-03-25,5746.68,sz000651,格力电器
2020-03-26,5686.84,sz000651,格力电器
2020-03-27,5662.9,sz000651,格力电器
2020-03-30,5617.8,sz000651,格力电器
2020-03-31,5628.84,sz000651,格力电器
2020-04-01,5609.51,sz000651,格力电器
2020-04-02,5638.05,sz000651,格力电器
2020-04-03,5606.75,sz000651,格力电器
2020-04-07,5676.71,sz000651,格力电器
2020-04-08,5592.02,sz000651,格力电器
2020-04-09,5599.38,sz000651,格力电器
2020-04-10,5770.61,sz000651,格力电器
2020-04-13,6025.61,sz000651,格力电器
2020-04-14,6015.49,sz000651,格力电器
2020-04-15,5832.29,sz000651,格力电器
2020-04-16,5884.76,sz000651,格力电器
2020-04-17,5858.99,sz000651,格力电器
2020-04-20,5838.74,sz000651,格力电器
2020-04-21,5739.31,sz000651,格力电器
2020-04-22,5812.96,sz000651,格力电器
2020-04-23,5874.64,sz000651,格力电器
2020-04-24,5808.36,sz000651,格力电器
2020-04-27,5801.91,sz000651,格力电器
2020-04-28,5885.69,sz000651,格力电器
2020-04-29,5906.86,sz000651,格力电器
2020-04-30,5865.43,sz000651,格力电器
2020-05-06,5836.89,sz000651,格力电器
2020-05-07,5803.75,sz000651,格力电器
2020-05-08,6069.8,sz000651,格力电器
2020-05-11,6182.11,sz000651,格力电器
2020-05-12,6254.84,sz000651,格力电器
2020-05-13,6198.68,sz000651,格力电器
2020-05-14,6215.25,sz000651,格力电器
2020-05-15,6156.34,sz000651,格力电器
2020-05-18,6161.86,sz000651,格力电器
2020-05-19,6164.62,sz000651,格力电器
2020-05-20,6105.71,sz000651,格力电器
2020-05-21,6071.64,sz000651,格力电器
2020-05-22,5943.68,sz000651,格力电器
2020-05-25,5877.4,sz000651,格力电器
2020-05-26,6059.68,sz000651,格力电器
2020-05-27,6000.76,sz000651,格力电器
2020-05-28,6054.15,sz000651,格力电器
2020-05-29,6065.2,sz000651,格力电器
2020-06-01,6160.02,sz000651,格力电器
2020-06-02,6171.07,sz000651,格力电器
2020-06-03,6164.62,sz000651,格力电器
2020-06-04,6314.68,sz000651,格力电器
2020-06-05,6362.55,sz000651,格力电器
2020-06-08,6566.92,sz000651,格力电器
2020-06-09,6523.65,sz000651,格力电器
2020-06-10,6469.34,sz000651,格力电器
2020-06-11,6357.94,sz000651,格力电器
2020-06-12,6357.94,sz000651,格力电器
2020-06-15,6207.89,sz000651,格力电器
2020-06-16,6258.52,sz000651,格力电器
2020-06-17,6252.08,sz000651,格力电器
2020-06-18,6278.77,sz000651,格力电器
2020-06-19,6350.58,sz000651,格力电器
2020-06-22,6205.13,sz000651,格力电器
2020-06-23,6110.31,sz000651,格力电器
2020-06-24,6201.45,sz000651,格力电器
2020-06-29,6131.48,sz000651,格力电器
2020-06-30,6141.61,sz000651,格力电器
2020-07-01,6218.94,sz000651,格力电器
2020-07-02,6292.58,sz000651,格力电器
2020-07-03,6313.76,sz000651,格力电器
2020-07-06,6573.36,sz000651,格力电器
2020-07-07,6464.73,sz000651,格力电器
2020-07-08,6410.42,sz000651,格力电器
2020-07-09,6440.8,sz000651,格力电器
2020-07-10,6364.39,sz000651,格力电器
2020-07-13,6406.74,sz000651,格力电器
2020-07-14,6321.12,sz000651,格力电器
2020-07-15,6335.85,sz000651,格力电器
2020-07-16,6088.21,sz000651,格力电器
2020-07-17,6200.52,sz000651,格力电器
2020-07-20,6358.87,sz000651,格力电器
2020-07-21,6357.02,sz000651,格力电器
2020-07-22,6413.18,sz000651,格力电器
2020-07-23,6465.65,sz000651,格力电器
2020-07-24,6195.92,sz000651,格力电器
2020-07-27,6160.94,sz000651,格力电器
2020-07-28,6178.43,sz000651,格力电器
2020-07-29,6402.13,sz000651,格力电器
2020-07-30,6225.38,sz000651,格力电器
2020-07-31,6172.91,sz000651,格力电器
2020-08-03,6210.65,sz000651,格力电器
2020-08-04,6196.84,sz000651,格力电器
2020-08-05,6167.38,sz000651,格力电器
2020-08-06,6109.39,sz000651,格力电器
2020-08-07,6112.15,sz000651,格力电器
2020-08-10,6116.75,sz000651,格力电器
2020-08-11,6077.17,sz000651,格力电器
2020-08-12,6065.2,sz000651,格力电器
2020-08-13,6068.88,sz000651,格力电器
2020-08-14,6112.15,sz000651,格力电器
2020-08-17,6162.78,sz000651,格力电器
2020-08-18,6090.98,sz000651,格力电器
2020-08-19,6014.57,sz000651,格力电器
2020-08-20,5916.99,sz000651,格力电器
2020-08-21,5925.27,sz000651,格力电器
2020-08-24,5917.91,sz000651,格力电器
2020-08-25,5931.71,sz000651,格力电器
2020-08-26,5849.78,sz000651,格力电器
2020-08-27,5807.44,sz000651,格力电器
2020-08-28,6000.76,sz000651,格力电器
2020-08-31,5951.05,sz000651,格力电器
2020-09-01,5974.06,sz000651,格力电器
2020-09-02,5953.81,sz000651,格力电器
2020-09-03,5974.06,sz000651,格力电器
2020-09-04,5981.43,sz000651,格力电器
2020-09-07,5998.0,sz000651,格力电器
2020-09-08,6041.26,sz000651,格力电器
2020-09-09,5951.05,sz000651,格力电器
2020-09-10,5960.25,sz000651,格力电器
2020-09-11,5984.19,sz000651,格力电器
2020-09-14,6022.85,sz000651,格力电器
2020-09-15,6067.96,sz000651,格力电器
2020-09-16,6001.68,sz000651,格力电器
2020-09-17,5978.66,sz000651,格力电器
2020-09-18,6056.91,sz000651,格力电器
2020-09-21,6139.77,sz000651,格力电器
2020-09-22,6043.11,sz000651,格力电器
2020-09-23,6044.03,sz000651,格力电器
2020-09-24,5935.4,sz000651,格力电器
2020-09-25,5915.14,sz000651,格力电器
2020-09-28,5814.8,sz000651,格力电器
2020-09-29,5818.48,sz000651,格力电器
2020-09-30,5840.58,sz000651,格力电器
2020-10-09,5974.06,sz000651,格力电器
2020-10-12,6072.56,sz000651,格力电器
2020-10-13,6080.85,sz000651,格力电器
2020-10-14,6236.43,sz000651,格力电器
2020-10-15,6267.73,sz000651,格力电器
2020-10-16,6245.63,sz000651,格力电器
2020-10-19,6204.21,sz000651,格力电器
2020-10-20,6241.03,sz000651,格力电器
2020-10-21,6273.25,sz000651,格力电器
2020-10-22,6328.49,sz000651,格力电器
2020-10-23,6302.71,sz000651,格力电器
2020-10-26,6290.74,sz000651,格力电器
2020-10-27,6202.37,sz000651,格力电器
2020-10-28,6205.13,sz000651,格力电器
2020-10-29,6239.19,sz000651,格力电器
2020-10-30,6312.84,sz000651,格力电器
2020-11-02,6474.86,sz000651,格力电器
2020-11-03,6460.13,sz000651,格力电器
2020-11-04,6658.06,sz000651,格力电器
2020-11-05,6715.13,sz000651,格力电器
2020-11-06,7044.7,sz000651,格力电器
2020-11-09,7152.41,sz000651,格力电器
2020-11-10,6996.83,sz000651,格力电器
2020-11-11,6992.23,sz000651,格力电器
2020-11-12,7134.4,sz000651,格力电器
2020-11-13,7124.27,sz000651,格力电器
2020-11-16,7173.98,sz000651,格力电器
2020-11-17,7321.28,sz000651,格力电器
2020-11-18,7163.86,sz000651,格力电器
2020-11-19,7275.25,sz000651,格力电器
2020-11-20,7275.25,sz000651,格力电器
2020-11-23,7307.47,sz000651,格力电器
2020-11-24,7173.98,sz000651,格力电器
2020-11-25,7176.74,sz000651,格力电器
2020-11-26,7141.76,sz000651,格力电器
2020-11-27,7161.09,sz000651,格力电器
2020-11-30,7159.25,sz000651,格力电器
2020-12-01,7210.81,sz000651,格力电器
2020-12-02,7425.3,sz000651,格力电器
2020-12-03,7330.48,sz000651,格力电器
2020-12-04,7376.51,sz000651,格力电器
2020-12-07,7284.45,sz000651,格力电器
2020-12-08,7069.04,sz000651,格力电器
2020-12-09,6788.26,sz000651,格力电器
2020-12-10,6808.51,sz000651,格力电器
2020-12-11,6897.81,sz000651,格力电器
2020-12-14,6802.07,sz000651,格力电器
2020-12-15,6639.12,sz000651,格力电器
2020-12-16,6642.81,sz000651,格力电器
2020-12-17,6696.2,sz000651,格力电器
2020-12-18,6674.11,sz000651,格力电器
2020-12-21,6612.43,sz000651,格力电器
2020-12-22,6558.11,sz000651,格力电器
2020-12-23,6561.79,sz000651,格力电器
2020-12-24,6553.51,sz000651,格力电器
2020-12-25,6475.26,sz000651,格力电器
2020-12-28,6603.22,sz000651,格力电器
2020-12-29,6628.08,sz000651,格力电器
2020-12-30,6664.9,sz000651,格力电器
2020-12-31,6726.58,sz000651,格力电器
2021-01-04,6814.95,sz000651,格力电器
2021-01-05,7032.21,sz000651,格力电器
2021-01-06,6922.66,sz000651,格力电器
2021-01-07,6980.66,sz000651,格力电器
2021-01-08,6980.66,sz000651,格力电器
2021-01-11,6773.53,sz000651,格力电器
2021-01-12,6884.92,sz000651,格力电器
2021-01-13,7000.91,sz000651,格力电器
2021-01-14,6835.21,sz000651,格力电器
2021-01-15,6860.98,sz000651,格力电器
2021-01-18,6894.12,sz000651,格力电器
2021-01-19,6816.8,sz000651,格力电器
2021-01-20,6640.04,sz000651,格力电器
2021-01-21,6673.18,sz000651,格力电器
2021-01-22,6569.16,sz000651,格力电器
2021-01-25,6549.83,sz000651,格力电器
2021-01-26,6455.93,sz000651,格力电器
2021-01-27,6493.67,sz000651,格力电器
2021-01-28,6298.51,sz000651,格力电器
2021-01-29,6207.37,sz000651,格力电器
2021-02-01,6219.34,sz000651,格力电器
2021-02-02,6513.92,sz000651,格力电器
2021-02-03,6439.36,sz000651,格力电器
2021-02-04,6418.18,sz000651,格力电器
2021-02-05,6450.4,sz000651,格力电器
2021-02-08,6441.2,sz000651,格力电器
2021-02-09,6458.69,sz000651,格力电器
2021-02-10,6593.09,sz000651,格力电器
2021-02-18,6591.25,sz000651,格力电器
2021-02-19,6642.81,sz000651,格力电器
2021-02-22,6408.06,sz000651,格力电器
2021-02-23,6276.41,sz000651,格力电器
2021-02-24,6297.59,sz000651,格力电器
2021-02-25,6534.18,sz000651,格力电器
2021-02-26,6455.93,sz000651,格力电器
2021-03-01,6587.57,sz000651,格力电器
2021-03-02,6608.74,sz000651,格力电器
2021-03-03,6566.4,sz000651,格力电器
2021-03-04,6442.12,sz000651,格力电器
2021-03-05,6375.84,sz000651,格力电器
2021-03-08,6236.83,sz000651,格力电器
2021-03-09,6363.87,sz000651,格力电器
2021-03-10,6420.94,sz000651,格力电器
2021-03-11,6418.18,sz000651,格力电器
2021-03-12,6409.9,sz000651,格力电器
2021-03-15,6343.62,sz000651,格力电器
2021-03-16,6547.98,sz000651,格力电器
2021-03-17,6750.51,sz000651,格力电器
2021-03-18,6778.13,sz000651,格力电器
2021-03-19,6547.98,sz000651,格力电器
2021-03-22,6634.52,sz000651,格力电器
2021-03-23,6677.79,sz000651,格力电器
2021-03-24,6672.26,sz000651,格力电器
2021-03-25,6675.03,sz000651,格力电器
2021-03-26,6697.12,sz000651,格力电器
2021-03-29,6775.37,sz000651,格力电器
2021-03-30,6741.31,sz000651,格力电器
2021-03-31,6796.54,sz000651,格力电器
2021-04-01,6799.3,sz000651,格力电器
2021-04-02,6772.61,sz000651,格力电器
2021-04-06,6670.42,sz000651,格力电器
2021-04-07,6702.64,sz000651,格力电器
2021-04-08,6718.29,sz000651,格力电器
2021-04-09,6699.88,sz000651,格力电器
2021-04-12,6566.4,sz000651,格力电器
2021-04-13,6471.58,sz000651,格力电器
2021-04-14,6540.62,sz000651,格力电器
2021-04-15,6596.78,sz000651,格力电器
2021-04-16,6629.0,sz000651,格力电器
2021-04-19,6629.0,sz000651,格力电器
2021-04-20,6546.14,sz000651,格力电器
2021-04-21,6513.0,sz000651,格力电器
2021-04-22,6466.05,sz000651,格力电器
2021-04-23,6530.49,sz000651,格力电器
2021-04-26,6409.9,sz000651,格力电器
2021-04-27,6362.03,sz000651,格力电器
2021-04-28,6369.39,sz000651,格力电器
2021-04-29,6502.88,sz000651,格力电器
2021-04-30,6539.7,sz000651,格力电器
2021-05-06,6544.3,sz000651,格力电器
2021-05-07,6507.48,sz000651,格力电器
2021-05-10,6533.26,sz000651,格力电器
2021-05-11,6538.78,sz000651,格力电器
2021-05-12,6463.29,sz000651,格力电器
2021-05-13,6306.79,sz000651,格力电器
2021-05-14,6339.93,sz000651,格力电器
2021-05-17,6390.56,sz000651,格力电器
2021-05-18,6357.42,sz000651,格力电器
2021-05-19,6309.55,sz000651,格力电器
2021-05-20,6363.87,sz000651,格力电器
2021-05-21,6317.84,sz000651,格力电器
2021-05-24,6253.4,sz000651,格力电器
2021-05-25,6169.63,sz000651,格力电器
2021-05-26,6197.24,sz000651,格力电器
2021-05-27,6367.55,sz000651,格力电器
2021-05-28,6270.89,sz000651,格力电器
2021-05-31,6207.37,sz000651,格力电器
2021-06-01,6207.37,sz000651,格力电器
2021-06-02,6184.35,sz000651,格力电器
2021-06-03,6177.91,sz000651,格力电器
2021-06-04,6177.91,sz000651,格力电器
2021-06-07,6120.83,sz000651,格力电器
2021-06-08,6108.87,sz000651,格力电器
2021-06-09,6108.87,sz000651,格力电器
2021-06-10,6088.61,sz000651,格力电器
2021-06-11,6052.71,sz000651,格力电器
2021-06-15,6121.75,sz000651,格力电器
2021-06-16,6104.26,sz000651,格力电器
2021-06-17,6060.08,sz000651,格力电器
2021-06-18,5966.18,sz000651,格力电器
2021-06-21,5729.59,sz000651,格力电器
2021-06-22,5610.83,sz000651,格力电器
2021-06-23,5785.74,sz000651,格力电器
2021-06-24,5760.89,sz000651,格力电器
2021-06-25,5832.69,sz000651,格力电器
2021-06-28,5872.28,sz000651,格力电器
2021-06-29,5735.11,sz000651,格力电器
2021-06-30,5820.72,sz000651,格力电器
2021-07-01,5798.63,sz000651,格力电器
2021-07-02,5718.54,sz000651,格力电器
2021-07-05,5617.27,sz000651,格力电器
2021-07-06,5637.53,sz000651,格力电器
2021-07-07,5644.89,sz000651,格力电器
2021-07-08,5553.75,sz000651,格力电器
2021-07-09,5562.96,sz000651,格力电器
2021-07-12,5527.98,sz000651,格力电器
2021-07-13,5572.17,sz000651,格力电器
2021-07-14,5590.58,sz000651,格力电器
2021-07-15,5581.37,sz000651,格力电器
2021-07-16,5626.48,sz000651,格力电器
2021-07-19,5763.65,sz000651,格力电器
2021-07-20,5737.87,sz000651,格力电器
2021-07-21,5622.8,sz000651,格力电器
2021-07-22,5622.8,sz000651,格力电器
2021-07-23,5537.18,sz000651,格力电器
2021-07-26,5409.22,sz000651,格力电器
2021-07-27,5329.13,sz000651,格力电器
2021-07-28,5397.26,sz000651,格力电器
2021-07-29,5402.78,sz000651,格力电器
2021-07-30,5397.26,sz000651,格力电器
2021-08-02,5466.3,sz000651,格力电器
2021-08-03,5554.68,sz000651,格力电器
2021-08-04,5490.23,sz000651,格力电器
2021-08-05,5454.33,sz000651,格力电器
2021-08-06,5419.35,sz000651,格力电器
2021-08-09,5486.55,sz000651,格力电器
2021-08-10,5489.31,sz000651,格力电器
2021-08-11,5447.89,sz000651,格力电器
2021-08-12,5330.05,sz000651,格力电器
2021-08-13,5307.04,sz000651,格力电器
2021-08-16,5442.36,sz000651,格力电器
2021-08-17,5362.27,sz000651,格力电器
2021-08-18,5410.14,sz000651,格力电器
2021-08-19,5371.48,sz000651,格力电器
2021-08-20,5268.37,sz000651,格力电器
2021-08-23,5422.55,sz000651,格力电器
2021-08-24,5374.68,sz000651,格力电器
2021-08-25,5369.16,sz000651,格力电器
2021-08-26,5252.24,sz000651,格力电器
2021-08-27,5223.71,sz000651,格力电器
2021-08-30,5055.24,sz000651,格力电器
2021-08-31,5064.44,sz000651,格力电器
2021-09-01,5116.0,sz000651,格力电器
2021-09-02,5006.45,sz000651,格力电器
2021-09-03,5017.5,sz000651,格力电器
2021-09-06,5091.14,sz000651,格力电器
2021-09-07,5124.28,sz000651,格力电器
2021-09-08,5104.03,sz000651,格力电器
2021-09-09,5097.59,sz000651,格力电器
2021-09-10,5077.33,sz000651,格力电器
2021-09-13,5036.83,sz000651,格力电器
2021-09-14,4982.51,sz000651,格力电器
2021-09-15,4870.2,sz000651,格力电器
2021-09-16,4798.4,sz000651,格力电器
2021-09-17,4803.0,sz000651,格力电器
2021-09-22,4759.73,sz000651,格力电器
2021-09-23,4789.19,sz000651,格力电器
2021-09-24,4770.78,sz000651,格力电器
2021-09-27,4819.57,sz000651,格力电器
2021-09-28,4789.19,sz000651,格力电器
2021-09-29,4898.74,sz000651,格力电器
2021-09-30,4848.11,sz000651,格力电器
2021-10-08,4945.69,sz000651,格力电器
2021-10-11,4949.37,sz000651,格力电器
2021-10-12,4911.63,sz000651,格力电器
2021-10-13,4880.33,sz000651,格力电器
2021-10-14,4869.28,sz000651,格力电器
2021-10-15,4875.73,sz000651,格力电器
2021-10-18,4812.21,sz000651,格力电器
2021-10-19,4875.73,sz000651,格力电器
2021-10-20,4832.46,sz000651,格力电器
2021-10-21,4970.55,sz000651,格力电器
2021-10-22,5024.86,sz000651,格力电器
2021-10-25,4905.18,sz000651,格力电器
2021-10-26,4869.28,sz000651,格力电器
2021-10-27,4665.83,sz000651,格力电器
2021-10-28,4640.98,sz000651,格力电器
2021-10-29,4654.79,sz000651,格力电器
2021-11-01,4684.24,sz000651,格力电器
2021-11-02,4628.09,sz000651,格力电器
2021-11-03,4620.72,sz000651,格力电器
2021-11-04,4633.61,sz000651,格力电器
2021-11-05,4628.09,sz000651,格力电器
2021-11-08,4595.87,sz000651,格力电器
2021-11-09,4558.12,sz000651,格力电器
2021-11-10,4472.51,sz000651,格力电器
2021-11-11,4605.99,sz000651,格力电器
2021-11-12,4542.47,sz000651,格力电器
2021-11-15,4603.23,sz000651,格力电器
2021-11-16,4624.41,sz000651,格力电器
2021-11-17,4625.33,sz000651,格力电器
2021-11-18,4571.93,sz000651,格力电器
2021-11-19,4586.66,sz000651,格力电器
2021-11-22,4569.17,sz000651,格力电器
2021-11-23,4585.74,sz000651,格力电器
2021-11-24,4570.09,sz000651,格力电器
2021-11-25,4537.87,sz000651,格力电器
2021-11-26,4514.86,sz000651,格力电器
2021-11-29,4468.83,sz000651,格力电器
2021-11-30,4462.38,sz000651,格力电器
2021-12-01,4519.46,sz000651,格力电器
2021-12-02,4512.09,sz000651,格力电器
2021-12-03,4501.05,sz000651,格力电器
2021-12-06,4539.71,sz000651,格力电器
2021-12-07,4652.94,sz000651,格力电器
2021-12-08,4641.9,sz000651,格力电器
2021-12-09,4675.04,sz000651,格力电器
2021-12-10,4650.18,sz000651,格力电器
2021-12-13,4656.63,sz000651,格力电器
2021-12-14,4613.36,sz000651,格力电器
2021-12-15,4585.74,sz000651,格力电器
2021-12-16,4598.63,sz000651,格力电器
2021-12-17,4548.92,sz000651,格力电器
2021-12-20,4525.9,sz000651,格力电器
2021-12-21,4582.06,sz000651,格力电器
2021-12-22,4588.5,sz000651,格力电器
2021-12-23,4568.25,sz000651,格力电器
2021-12-24,4558.12,sz000651,格力电器
2021-12-27,4741.32,sz000651,格力电器
2021-12-28,4760.65,sz000651,格力电器
2021-12-29,4670.44,sz000651,格力电器
2021-12-30,4671.36,sz000651,格力电器
2021-12-31,4689.77,sz000651,格力电器
2022-01-04,4740.4,sz000651,格力电器
2022-01-05,4875.73,sz000651,格力电器
2022-01-06,4835.22,sz000651,格力电器
2022-01-07,4976.07,sz000651,格力电器
2022-01-10,4988.04,sz000651,格力电器
2022-01-11,4959.5,sz000651,格力电器
2022-01-12,4918.99,sz000651,格力电器
2022-01-13,4880.33,sz000651,格力电器
2022-01-14,4802.08,sz000651,格力电器
2022-01-17,4829.7,sz000651,格力电器
2022-01-18,4890.45,sz000651,格力电器
2022-01-19,4912.55,sz000651,格力电器
2022-01-20,4963.18,sz000651,格力电器
2022-01-21,4880.33,sz000651,格力电器
2022-01-24,4857.31,sz000651,格力电器
2022-01-25,4861.0,sz000651,格力电器
2022-01-26,4885.85,sz000651,格力电器
2022-01-27,4723.83,sz000651,格力电器
2022-01-28,4763.41,sz000651,格力电器
2022-02-07,4799.32,sz000651,格力电器
2022-02-08,4824.17,sz000651,格力电器
2022-02-09,4832.46,sz000651,格力电器
2022-02-10,4847.19,sz000651,格力电器
2022-02-11,4953.97,sz000651,格力电器
2022-02-14,4941.09,sz000651,格力电器
2022-02-15,4884.01,sz000651,格力电器
2022-02-16,4891.38,sz000651,格力电器
2022-02-17,4837.98,sz000651,格力电器
2022-02-18,4874.8,sz000651,格力电器
2022-02-21,4855.47,sz000651,格力电器
2022-02-22,4770.78,sz000651,格力电器
2022-02-23,4801.16,sz000651,格力电器
2022-02-24,4705.42,sz000651,格力电器
2022-02-25,4702.66,sz000651,格力电器
2022-02-28,4665.83,sz000651,格力电器
2022-03-01,4671.36,sz000651,格力电器
2022-03-02,4648.34,sz000651,格力电器
2022-03-03,4604.15,sz000651,格力电器
2022-03-04,4579.3,sz000651,格力电器
2022-03-07,4492.76,sz000651,格力电器
2022-03-08,4404.39,sz000651,格力电器
2022-03-09,4350.07,sz000651,格力电器
2022-03-10,4364.8,sz000651,格力电器
2022-03-11,4392.42,sz000651,格力电器
2022-03-14,4321.53,sz000651,格力电器
2022-03-15,4153.07,sz000651,格力电器
2022-03-16,4203.7,sz000651,格力电器
2022-03-17,4233.16,sz000651,格力电器
2022-03-18,4250.65,sz000651,格力电器
2022-03-21,4241.44,sz000651,格力电器
2022-03-22,4268.14,sz000651,格力电器
2022-03-23,4259.86,sz000651,格力电器
2022-03-24,4233.16,sz000651,格力电器
2022-03-25,4182.53,sz000651,格力电器
2022-03-28,4193.57,sz000651,格力电器
2022-03-29,4160.43,sz000651,格力电器
2022-03-30,4233.16,sz000651,格力电器
2022-03-31,4254.33,sz000651,格力电器
2022-04-01,4320.61,sz000651,格力电器
2022-04-06,4336.26,sz000651,格力电器
2022-04-07,4326.14,sz000651,格力电器
2022-04-08,4332.22,sz000651,格力电器
2022-04-11,4292.64,sz000651,格力电器
2022-04-12,4355.24,sz000651,格力电器
2022-04-13,4309.21,sz000651,格力电器
2022-04-14,4358.0,sz000651,格力电器
2022-04-15,4347.87,sz000651,格力电器
2022-04-18,4312.89,sz000651,格力电器
2022-04-19,4271.47,sz000651,格力电器
2022-04-20,4288.04,sz000651,格力电器
2022-04-21,4237.4,sz000651,格力电器
2022-04-22,4310.13,sz000651,格力电器
2022-04-25,4194.14,sz000651,格力电器
2022-04-26,4128.77,sz000651,格力电器
2022-04-27,4171.12,sz000651,格力电器
2022-04-28,4157.31,sz000651,格力电器
2022-04-29,4240.17,sz000651,格力电器
2022-05-05,4517.26,sz000651,格力电器
2022-05-06,4493.33,sz000651,格力电器
2022-05-09,4439.01,sz000651,格力电器
2022-05-10,4455.58,sz000651,格力电器
2022-05-11,4432.57,sz000651,格力电器
2022-05-12,4427.96,sz000651,格力电器
2022-05-13,4453.74,sz000651,格力电器
2022-05-16,4434.41,sz000651,格力电器
2022-05-17,4438.09,sz000651,格力电器
2022-05-18,4404.95,sz000651,格力电器
2022-05-19,4379.17,sz000651,格力电器
2022-05-20,4426.12,sz000651,格力电器
2022-05-23,4347.87,sz000651,格力电器
2022-05-24,4293.56,sz000651,格力电器
2022-05-25,4291.72,sz000651,格力电器
2022-05-26,4288.96,sz000651,格力电器
2022-05-27,4269.62,sz000651,格力电器
2022-05-30,4298.16,sz000651,格力电器
2022-05-31,4328.54,sz000651,格力电器
2022-06-01,4288.04,sz000651,格力电器
2022-06-02,4268.7,sz000651,格力电器
2022-06-06,4285.27,sz000651,格力电器
2022-06-07,4305.53,sz000651,格力电器
2022-06-08,4295.4,sz000651,格力电器
2022-06-09,4249.37,sz000651,格力电器
2022-06-10,4271.47,sz000651,格力电器
2022-06-13,4250.29,sz000651,格力电器
2022-06-14,4279.75,sz000651,格力电器
2022-06-15,4345.11,sz000651,格力电器
2022-06-16,4312.89,sz000651,格力电器
2022-06-17,4372.73,sz000651,格力电器
2022-06-20,4401.27,sz000651,格力电器
2022-06-21,4421.52,sz000651,格力电器
2022-06-22,4323.94,sz000651,格力电器
2022-06-23,4335.91,sz000651,格力电器
2022-06-24,4487.8,sz000651,格力电器
2022-06-27,4427.96,sz000651,格力电器
2022-06-28,4446.38,sz000651,格力电器
2022-06-29,4429.81,sz000651,格力电器
2022-06-30,4471.23,sz000651,格力电器
2022-07-01,4446.38,sz000651,格力电器
2022-07-04,4463.87,sz000651,格力电器
2022-07-05,4420.6,sz000651,格力电器
2022-07-06,4387.46,sz000651,格力电器
2022-07-07,4394.82,sz000651,格力电器
2022-07-08,4441.77,sz000651,格力电器
2022-07-11,4496.09,sz000651,格力电器
2022-07-12,4582.62,sz000651,格力电器
2022-07-13,4586.31,sz000651,格力电器
2022-07-14,4513.58,sz000651,格力电器
2022-07-15,4469.39,sz000651,格力电器
2022-07-18,4524.63,sz000651,格力电器
2022-07-19,4504.37,sz000651,格力电器
2022-07-20,4507.13,sz000651,格力电器
2022-07-21,4492.41,sz000651,格力电器
2022-07-22,4491.48,sz000651,格力电器
2022-07-25,4518.18,sz000651,格力电器
2022-07-26,4508.98,sz000651,格力电器
2022-07-27,4442.69,sz000651,格力电器
2022-07-28,4433.49,sz000651,格力电器
2022-07-29,4428.89,sz000651,格力电器
2022-08-01,4405.87,sz000651,格力电器
2022-08-02,4300.0,sz000651,格力电器
2022-08-03,4296.32,sz000651,格力电器
2022-08-04,4327.62,sz000651,格力电器
2022-08-05,4377.0,sz000651,格力电器
2022-08-08,4360.43,sz000651,格力电器
2022-08-09,4365.95,sz000651,格力电器
2022-08-10,4348.46,sz000651,格力电器
2022-08-11,4386.2,sz000651,格力电器
2022-08-12,4391.73,sz000651,格力电器
2022-08-15,4391.73,sz000651,格力电器
2022-08-16,4388.96,sz000651,格力电器
2022-08-17,4400.01,sz000651,格力电器
2022-08-18,4349.38,sz000651,格力电器
2022-08-19,4352.14,sz000651,格力电器
2022-08-22,4354.9,sz000651,格力电器
2022-08-23,4330.97,sz000651,格力电器
2022-08-24,4313.48,sz000651,格力电器
2022-08-25,4342.94,sz000651,格力电器
2022-08-26,4323.6,sz000651,格力电器
2022-08-29,4340.17,sz000651,格力电器
2022-08-30,4360.43,sz000651,格力电器
2022-08-31,4487.47,sz000651,格力电器
2022-09-01,4572.16,sz000651,格力电器
2022-09-02,4587.81,sz000651,格力电器
2022-09-05,4619.11,sz000651,格力电器
2022-09-06,4600.7,sz000651,格力电器
2022-09-07,4583.21,sz000651,格力电器
2022-09-08,4602.54,sz000651,格力电器
2022-09-09,4739.71,sz000651,格力电器
2022-09-13,4783.9,sz000651,格力电器
2022-09-14,4762.72,sz000651,格力电器
2022-09-15,4779.29,sz000651,格力电器
2022-09-16,4732.34,sz000651,格力电器
2022-09-19,4720.38,sz000651,格力电器
2022-09-20,4696.44,sz000651,格力电器
2022-09-21,4710.25,sz000651,格力电器
2022-09-22,4597.02,sz000651,格力电器
2022-09-23,4593.33,sz000651,格力电器
2022-09-26,4573.08,sz000651,格力电器
2022-09-27,4627.4,sz000651,格力电器
2022-09-28,4585.97,sz000651,格力电器
2022-09-29,4544.54,sz000651,格力电器
2022-09-30,4533.5,sz000651,格力电器
2022-10-10,4512.32,sz000651,格力电器
2022-10-11,4488.39,sz000651,格力电器
2022-10-12,4519.69,sz000651,格力电器
2022-10-13,4465.37,sz000651,格力电器
2022-10-14,4529.81,sz000651,格力电器
2022-10-17,4518.77,sz000651,格力电器
2022-10-18,4525.21,sz000651,格力电器
2022-10-19,4413.82,sz000651,格力电器
2022-10-20,4370.55,sz000651,格力电器
2022-10-21,4365.03,sz000651,格力电器
2022-10-24,4307.95,sz000651,格力电器
2022-10-25,4291.38,sz000651,格力电器
2022-10-26,4311.64,sz000651,格力电器
2022-10-27,4347.54,sz000651,格力电器
2022-10-28,4327.29,sz000651,格力电器
2022-10-31,4187.36,sz000651,格力电器
2022-11-01,4251.8,sz000651,格力电器
2022-11-02,4268.37,sz000651,格力电器
2022-11-03,4244.43,sz000651,格力电器
2022-11-04,4324.52,sz000651,格力电器
2022-11-07,4334.65,sz000651,格力电器
2022-11-08,4322.68,sz000651,格力电器
2022-11-09,4333.73,sz000651,格力电器
2022-11-10,4320.84,sz000651,格力电器
2022-11-11,4411.98,sz000651,格力电器
2022-11-14,4467.21,sz000651,格力电器
2022-11-15,4492.99,sz000651,格力电器
2022-11-16,4469.06,sz000651,格力电器
2022-11-17,4470.9,sz000651,格力电器
2022-11-18,4471.82,sz000651,格力电器
2022-11-21,4411.06,sz000651,格力电器
2022-11-22,4428.55,sz000651,格力电器
2022-11-23,4420.26,sz000651,格力电器
2022-11-24,4422.11,sz000651,格力电器
2022-11-25,4471.82,sz000651,格力电器
2022-11-28,4447.88,sz000651,格力电器
2022-11-29,4537.18,sz000651,格力电器
2022-11-30,4509.56,sz000651,格力电器
2022-12-01,4532.58,sz000651,格力电器
2022-12-02,4515.09,sz000651,格力电器
2022-12-05,4574.92,sz000651,格力电器
2022-12-06,4580.45,sz000651,格力电器
2022-12-07,4597.02,sz000651,格力电器
2022-12-08,4586.89,sz000651,格力电器
2022-12-09,4666.98,sz000651,格力电器
2022-12-12,4611.75,sz000651,格力电器
2022-12-13,4620.03,sz000651,格力电器
2022-12-14,4622.79,sz000651,格力电器
2022-12-15,4586.89,sz000651,格力电器
2022-12-16,4609.9,sz000651,格力电器
2022-12-19,4569.4,sz000651,格力电器
2022-12-20,4521.53,sz000651,格力电器
2022-12-21,4533.5,sz000651,格力电器
2022-12-22,4580.45,sz000651,格力电器
2022-12-23,4565.72,sz000651,格力电器
2022-12-26,4526.13,sz000651,格力电器
2022-12-27,4551.91,sz000651,格力电器
2022-12-28,4546.38,sz000651,格力电器
2022-12-29,4508.64,sz000651,格力电器
2022-12-30,4523.37,sz000651,格力电器
2023-01-03,4539.94,sz000651,格力电器
2023-01-04,4614.51,sz000651,格力电器
2023-01-05,4696.44,sz000651,格力电器
2023-01-06,4687.23,sz000651,格力电器
2023-01-09,4686.31,sz000651,格力电器
2023-01-10,4689.08,sz000651,格力电器
2023-01-11,4717.61,sz000651,格力电器
2023-01-12,4689.08,sz000651,格力电器
2023-01-13,4719.45,sz000651,格力电器
2023-01-16,4814.27,sz000651,格力电器
2023-01-17,4811.51,sz000651,格力电器
2023-01-18,4789.42,sz000651,格力电器
2023-01-19,4779.29,sz000651,格力电器
2023-01-20,4774.69,sz000651,格力电器
2023-01-30,4774.69,sz000651,格力电器
2023-01-31,4736.02,sz000651,格力电器
2023-02-01,4765.48,sz000651,格力电器
2023-02-02,4759.04,sz000651,格力电器
2023-02-03,4742.47,sz000651,格力电器
2023-02-06,4663.3,sz000651,格力电器
2023-02-07,4716.69,sz000651,格力电器
2023-02-08,4704.73,sz000651,格力电器
2023-02-09,4710.25,sz000651,格力电器
2023-02-10,4702.88,sz000651,格力电器
2023-02-13,4743.39,sz000651,格力电器
2023-02-14,4758.12,sz000651,格力电器
2023-02-15,4727.74,sz000651,格力电器
2023-02-16,4691.84,sz000651,格力电器
2023-02-17,4675.27,sz000651,格力电器
2023-02-20,4783.9,sz000651,格力电器
2023-02-21,4875.03,sz000651,格力电器
2023-02-22,4869.51,sz000651,格力电器
2023-02-23,4956.96,sz000651,格力电器
2023-02-24,4913.7,sz000651,格力电器
2023-02-27,4881.19,sz000651,格力电器
2023-02-28,4909.73,sz000651,格力电器
2023-03-01,4992.58,sz000651,格力电器
2023-03-02,5010.07,sz000651,格力电器
2023-03-03,5043.21,sz000651,格力电器
2023-03-06,5037.69,sz000651,格力电器
2023-03-07,4976.01,sz000651,格力电器
2023-03-08,4999.02,sz000651,格力电器
2023-03-09,5010.99,sz000651,格力电器
2023-03-10,4918.01,sz000651,格力电器
2023-03-13,5056.1,sz000651,格力电器
2023-03-14,5040.45,sz000651,格力电器
2023-03-15,5087.4,sz000651,格力电器
2023-03-16,5073.59,sz000651,格力电器
2023-03-17,5092.92,sz000651,格力电器
2023-03-20,5055.18,sz000651,格力电器
2023-03-21,5103.05,sz000651,格力电器
2023-03-22,5065.31,sz000651,格力电器
2023-03-23,5058.86,sz000651,格力电器
2023-03-24,5033.09,sz000651,格力电器
2023-03-27,4988.9,sz000651,格力电器
2023-03-28,4990.74,sz000651,格力电器
2023-03-29,4967.72,sz000651,格力电器
2023-03-30,5067.15,sz000651,格力电器
2023-03-31,5022.96,sz000651,格力电器
2023-04-03,5069.91,sz000651,格力电器
2023-04-04,5048.74,sz000651,格力电器
2023-04-06,5022.96,sz000651,格力电器
2023-04-07,5072.67,sz000651,格力电器
2023-04-10,5115.02,sz000651,格力电器
2023-04-11,5266.91,sz000651,格力电器
2023-04-12,5266.91,sz000651,格力电器
2023-04-13,5185.9,sz000651,格力电器
2023-04-14,5174.86,sz000651,格力电器
2023-04-17,5346.08,sz000651,格力电器
2023-04-18,5375.54,sz000651,格力电器
2023-04-19,5323.99,sz000651,格力电器
2023-04-20,5488.78,sz000651,格力电器
2023-04-21,5416.05,sz000651,格力电器
2023-04-24,5440.9,sz000651,格力电器
2023-04-25,5399.48,sz000651,格力电器
2023-04-26,5322.15,sz000651,格力电器
2023-04-27,5303.74,sz000651,格力电器
2023-04-28,5261.39,sz000651,格力电器
2023-05-04,4900.52,sz000651,格力电器
2023-05-05,4875.67,sz000651,格力电器
2023-05-08,4825.96,sz000651,格力电器
2023-05-09,4831.48,sz000651,格力电器
2023-05-10,4824.11,sz000651,格力电器
2023-05-11,4770.72,sz000651,格力电器
2023-05-12,4794.66,sz000651,格力电器
2023-05-15,4813.07,sz000651,格力电器
2023-05-16,4756.91,sz000651,格力电器
2023-05-17,4771.64,sz000651,格力电器
2023-05-18,4801.1,sz000651,格力电器
2023-05-19,4845.29,sz000651,格力电器
2023-05-22,4880.27,sz000651,格力电器
2023-05-23,4866.46,sz000651,格力电器
2023-05-24,4814.91,sz000651,格力电器
2023-05-25,4801.1,sz000651,格力电器
2023-05-26,4806.62,sz000651,格力电器
2023-05-29,4772.56,sz000651,格力电器
2023-05-30,4733.9,sz000651,格力电器
2023-05-31,4675.9,sz000651,格力电器
2023-06-01,4634.47,sz000651,格力电器
2023-06-02,4778.08,sz000651,格力电器
2023-06-05,4785.45,sz000651,格力电器
2023-06-06,4778.08,sz000651,格力电器
2023-06-07,4813.07,sz000651,格力电器
2023-06-08,4906.97,sz000651,格力电器
2023-06-09,4880.27,sz000651,格力电器
2023-06-12,4961.28,sz000651,格力电器
2023-06-13,4960.36,sz000651,格力电器
2023-06-14,5010.99,sz000651,格力电器
2023-06-15,5049.66,sz000651,格力电器
2023-06-16,5055.18,sz000651,格力电器
2023-06-19,4957.6,sz000651,格力电器
2023-06-20,4987.98,sz000651,格力电器
2023-06-21,4968.65,sz000651,格力电器
2023-06-26,4951.15,sz000651,格力电器
2023-06-27,5034.93,sz000651,格力电器
2023-06-28,5073.59,sz000651,格力电器
2023-06-29,5026.64,sz000651,格力电器
2023-06-30,5000.87,sz000651,格力电器
2023-07-03,5082.8,sz000651,格力电器
2023-07-04,5034.93,sz000651,格力电器
2023-07-05,5041.37,sz000651,格力电器
2023-07-06,5017.44,sz000651,格力电器
2023-07-07,4998.1,sz000651,格力电器
2023-07-10,5015.6,sz000651,格力电器
2023-07-11,5054.26,sz000651,格力电器
2023-07-12,5066.23,sz000651,格力电器
2023-07-13,5066.23,sz000651,格力电器
2023-07-14,5022.04,sz000651,格力电器
2023-07-17,5034.93,sz000651,格力电器
2023-07-18,5068.07,sz000651,格力电器
2023-07-19,5092.92,sz000651,格力电器
2023-07-20,5068.99,sz000651,格力电器
2023-07-21,5048.74,sz000651,格力电器
2023-07-24,5010.99,sz000651,格力电器
2023-07-25,5202.47,sz000651,格力电器
2023-07-26,5217.2,sz000651,格力电器
2023-07-27,5155.52,sz000651,格力电器
2023-07-28,5211.68,sz000651,格力电器
2023-07-31,5208.0,sz000651,格力电器
2023-08-01,5179.46,sz000651,格力电器
2023-08-02,5164.73,sz000651,格力电器
2023-08-03,5158.29,sz000651,格力电器
2023-08-04,5178.54,sz000651,格力电器
2023-08-07,5142.64,sz000651,格力电器
2023-08-08,5128.83,sz000651,格力电器
2023-08-09,5134.06,sz000651,格力电器
2023-08-10,5096.32,sz000651,格力电器
2023-08-11,5037.4,sz000651,格力电器
2023-08-14,5029.12,sz000651,格力电器
2023-08-15,5021.75,sz000651,格力电器
2023-08-16,5029.12,sz000651,格力电器
2023-08-17,5047.53,sz000651,格力电器
2023-08-18,4997.82,sz000651,格力电器
2023-08-21,4917.73,sz000651,格力电器
2023-08-22,4907.6,sz000651,格力电器
2023-08-23,4882.74,sz000651,格力电器
2023-08-24,4932.46,sz000651,格力电器
2023-08-25,4921.41,sz000651,格力电器
2023-08-28,4910.36,sz000651,格力电器
2023-08-29,4934.3,sz000651,格力电器
2023-08-30,4964.68,sz000651,格力电器
2023-08-31,5026.36,sz000651,格力电器
2023-09-01,5109.21,sz000651,格力电器
2023-09-04,5157.08,sz000651,格力电器
2023-09-05,5134.06,sz000651,格力电器
2023-09-06,5112.89,sz000651,格力电器
2023-09-07,5100.0,sz000651,格力电器
2023-09-08,5051.21,sz000651,格力电器
2023-09-11,5065.94,sz000651,格力电器
2023-09-12,5096.32,sz000651,格力电器
2023-09-13,5070.54,sz000651,格力电器
2023-09-14,5071.46,sz000651,格力电器
2023-09-15,5042.0,sz000651,格力电器
2023-09-18,5059.5,sz000651,格力电器
2023-09-19,5054.89,sz000651,格力电器
2023-09-20,5100.92,sz000651,格力电器
2023-09-21,5058.58,sz000651,格力电器
2023-09-22,5111.05,sz000651,格力电器
2023-09-25,5105.53,sz000651,格力电器
2023-09-26,5096.32,sz000651,格力电器
2023-09-27,5091.72,sz000651,格力电器
2023-09-28,5073.3,sz000651,格力电器
2023-10-09,5100.92,sz000651,格力电器
2023-10-10,4976.64,sz000651,格力电器
2023-10-11,4960.07,sz000651,格力电器
2023-10-12,4968.36,sz000651,格力电器
2023-10-13,4936.14,sz000651,格力电器
2023-10-16,4914.96,sz000651,格力电器
2023-10-17,4934.3,sz000651,格力电器
2023-10-18,4897.47,sz000651,格力电器
2023-10-19,4834.87,sz000651,格力电器
2023-10-20,4822.91,sz000651,格力电器
2023-10-23,4810.94,sz000651,格力电器
2023-10-24,4820.14,sz000651,格力电器
2023-10-25,4814.62,sz000651,格力电器
2023-10-26,4805.42,sz000651,格力电器
2023-10-27,4881.82,sz000651,格力电器
2023-10-30,4866.17,sz000651,格力电器
2023-10-31,4855.13,sz000651,格力电器
2023-11-01,4846.84,sz000651,格力电器
2023-11-02,4864.33,sz000651,格力电器
2023-11-03,4862.49,sz000651,格力电器
2023-11-06,4868.94,sz000651,格力电器
2023-11-07,4842.24,sz000651,格力电器
2023-11-08,4831.19,sz000651,格力电器
2023-11-09,4833.95,sz000651,格力电器
2023-11-10,4813.7,sz000651,格力电器
2023-11-13,4729.93,sz000651,格力电器
2023-11-14,4749.26,sz000651,格力电器
2023-11-15,4755.7,sz000651,格力电器
2023-11-16,4733.61,sz000651,格力电器
2023-11-17,4723.48,sz000651,格力电器
2023-11-20,4750.18,sz000651,格力电器
2023-11-21,4757.54,sz000651,格力电器
2023-11-22,4746.5,sz000651,格力电器
2023-11-23,4765.83,sz000651,格力电器
2023-11-24,4769.51,sz000651,格力电器
2023-11-27,4748.34,sz000651,格力电器
2023-11-28,4759.39,sz000651,格力电器
2023-11-29,4758.47,sz000651,格力电器
2023-11-30,4764.91,sz000651,格力电器
2023-12-01,4723.48,sz000651,格力电器
2023-12-04,4751.1,sz000651,格力电器
2023-12-05,4720.72,sz000651,格力电器
2023-12-06,4716.12,sz000651,格力电器
2023-12-07,4752.94,sz000651,格力电器
2023-12-08,4758.47,sz000651,格力电器
2023-12-11,4754.78,sz000651,格力电器
2023-12-12,4795.29,sz000651,格力电器
2023-12-13,4765.83,sz000651,格力电器
2023-12-14,4782.4,sz000651,格力电器
2023-12-15,4778.72,sz000651,格力电器
2023-12-18,4785.16,sz000651,格力电器
2023-12-19,4783.32,sz000651,格力电器
2023-12-20,4566.98,sz000651,格力电器
2023-12-21,4630.5,sz000651,格力电器
2023-12-22,4681.14,sz000651,格力电器
2023-12-25,4672.85,sz000651,格力电器
2023-12-26,4656.28,sz000651,格力电器
2023-12-27,4682.06,sz000651,格力电器
2023-12-28,4705.99,sz000651,格力电器
2023-12-29,4693.1,sz000651,格力电器
2024-01-02,4680.22,sz000651,格力电器
2024-01-03,4659.04,sz000651,格力电器
2024-01-04,4672.85,sz000651,格力电器
2024-01-05,4767.67,sz000651,格力电器
2024-01-08,4760.31,sz000651,格力电器
2024-01-09,4814.62,sz000651,格力电器
2024-01-10,4831.19,sz000651,格力电器
2024-01-11,4823.83,sz000651,格力电器
2024-01-12,4826.59,sz000651,格力电器
2024-01-15,4846.84,sz000651,格力电器
2024-01-16,4871.7,sz000651,格力电器
2024-01-17,4831.19,sz000651,格力电器
2024-01-18,4828.43,sz000651,格力电器
2024-01-19,4820.14,sz000651,格力电器
2024-01-22,4769.51,sz000651,格力电器
2024-01-23,4764.91,sz000651,格力电器
2024-01-24,4829.35,sz000651,格力电器
2024-01-25,4830.27,sz000651,格力电器
2024-01-26,4830.27,sz000651,格力电器
2024-01-29,4959.15,sz000651,格力电器
2024-01-30,4967.44,sz000651,格力电器
2024-01-31,4976.64,sz000651,格力电器
2024-02-01,4979.41,sz000651,格力电器
2024-02-02,5008.86,sz000651,格力电器
2024-02-05,5053.05,sz000651,格力电器
2024-02-06,5036.48,sz000651,格力电器
2024-02-07,5119.33,sz000651,格力电器
2024-02-08,5058.58,sz000651,格力电器
2024-02-19,5135.9,sz000651,格力电器
2024-02-20,5226.12,sz000651,格力电器
2024-02-21,5217.84,sz000651,格力电器
2024-02-22,5255.58,sz000651,格力电器
2024-02-23,5240.85,sz000651,格力电器
2024-02-26,5310.82,sz000651,格力电器
2024-02-27,5310.82,sz000651,格力电器
2024-02-28,5303.45,sz000651,格力电器
2024-02-29,5326.47,sz000651,格力电器
2024-03-01,5414.84,sz000651,格力电器
2024-03-04,5420.36,sz000651,格力电器
2024-03-05,5432.33,sz000651,格力电器
2024-03-06,5424.97,sz000651,格力电器
2024-03-07,5501.38,sz000651,格力电器
2024-03-08,5503.22,sz000651,格力电器
2024-03-11,5457.19,sz000651,格力电器
2024-03-12,5345.8,sz000651,格力电器
2024-03-13,5366.05,sz000651,格力电器
2024-03-14,5372.49,sz000651,格力电器
2024-03-15,5305.29,sz000651,格力电器
2024-03-18,5257.42,sz000651,格力电器
2024-03-19,5255.58,sz000651,格力电器
2024-03-20,5252.82,sz000651,格力电器
2024-03-21,5222.44,sz000651,格力电器
2024-03-22,5242.69,sz000651,格力电器
2024-03-25,5244.53,sz000651,格力电器
2024-03-26,5239.01,sz000651,格力电器
2024-03-27,5291.48,sz000651,格力电器
2024-03-28,5340.27,sz000651,格力电器
2024-03-29,5350.4,sz000651,格力电器
2024-04-01,5424.97,sz000651,格力电器
2024-04-02,5413.0,sz000651,格力电器
2024-04-03,5447.98,sz000651,格力电器
2024-04-08,5374.34,sz000651,格力电器
2024-04-09,5239.01,sz000651,格力电器
2024-04-10,5222.44,sz000651,格力电器
2024-04-11,5220.6,sz000651,格力电器
2024-04-12,5246.37,sz000651,格力电器
2024-04-15,5358.69,sz000651,格力电器
2024-04-16,5356.84,sz000651,格力电器
2024-04-17,5374.34,sz000651,格力电器
2024-04-18,5413.92,sz000651,格力电器
2024-04-19,5408.4,sz000651,格力电器
2024-04-22,5374.34,sz000651,格力电器
2024-04-23,5335.67,sz000651,格力电器
2024-04-24,5309.9,sz000651,格力电器
2024-04-25,5317.26,sz000651,格力电器
2024-04-26,5367.89,sz000651,格力电器
2024-04-29,5460.87,sz000651,格力电器
2024-04-30,5609.08,sz000651,格力电器
2024-05-06,5727.84,sz000651,格力电器
2024-05-07,5659.72,sz000651,格力电器
2024-05-08,5616.45,sz000651,格力电器
2024-05-09,5660.64,sz000651,格力电器
2024-05-10,5710.35,sz000651,格力电器
2024-05-13,5743.49,sz000651,格力电器
2024-05-14,5656.95,sz000651,格力电器
2024-05-15,5668.0,sz000651,格力电器
2024-05-16,5629.34,sz000651,格力电器
2024-05-17,5621.05,sz000651,格力电器
2024-05-20,5586.99,sz000651,格力电器
2024-05-21,5579.63,sz000651,格力电器
2024-05-22,5557.53,sz000651,格力电器
2024-05-23,5526.23,sz000651,格力电器
2024-05-24,5521.63,sz000651,格力电器
2024-05-27,5590.67,sz000651,格力电器
2024-05-28,5557.53,sz000651,格力电器
2024-05-29,5522.55,sz000651,格力电器
2024-05-30,5515.19,sz000651,格力电器
2024-05-31,5478.36,sz000651,格力电器
2024-06-03,5550.17,sz000651,格力电器
2024-06-04,5559.37,sz000651,格力电器
2024-06-05,5496.77,sz000651,格力电器
2024-06-06,5552.93,sz000651,格力电器
2024-06-07,5515.19,sz000651,格力电器
2024-06-11,5466.39,sz000651,格力电器
2024-06-12,5479.28,sz000651,格力电器
2024-06-13,5435.09,sz000651,格力电器
2024-06-14,5499.54,sz000651,格力电器
2024-06-17,5447.06,sz000651,格力电器
2024-06-18,5451.66,sz000651,格力电器
2024-06-19,5412.08,sz000651,格力电器
2024-06-20,5392.75,sz000651,格力电器
2024-06-21,5387.22,sz000651,格力电器
2024-06-24,5418.52,sz000651,格力电器
2024-06-25,5453.51,sz000651,格力电器
2024-06-26,5405.64,sz000651,格力电器
2024-06-27,5366.05,sz000651,格力电器
2024-06-28,5342.12,sz000651,格力电器
2024-07-01,5312.66,sz000651,格力电器
2024-07-02,5253.74,sz000651,格力电器
2024-07-03,5241.77,sz000651,格力电器
2024-07-04,5231.65,sz000651,格力电器
2024-07-05,5202.19,sz000651,格力电器
2024-07-08,5225.2,sz000651,格力电器
2024-07-09,5264.79,sz000651,格力电器
2024-07-10,5218.76,sz000651,格力电器
2024-07-11,5292.4,sz000651,格力电器
2024-07-12,5309.9,sz000651,格力电器
2024-07-15,5287.8,sz000651,格力电器
2024-07-16,5273.99,sz000651,格力电器
2024-07-17,5267.55,sz000651,格力电器
2024-07-18,5355.0,sz000651,格力电器
2024-07-19,5344.88,sz000651,格力电器
2024-07-22,5308.97,sz000651,格力电器
2024-07-23,5239.01,sz000651,格力电器
2024-07-24,5152.48,sz000651,格力电器
2024-07-25,5173.65,sz000651,格力电器
2024-07-26,5398.27,sz000651,格力电器
2024-07-29,5398.27,sz000651,格力电器
2024-07-30,5320.94,sz000651,格力电器
2024-07-31,5415.76,sz000651,格力电器
2024-08-01,5471.0,sz000651,格力电器
2024-08-02,5473.76,sz000651,格力电器
2024-08-05,5516.11,sz000651,格力电器
2024-08-06,5476.52,sz000651,格力电器
2024-08-07,5457.19,sz000651,格力电器
2024-08-08,5458.11,sz000651,格力电器
2024-08-09,5441.54,sz000651,格力电器
2024-08-12,5444.3,sz000651,格力电器
2024-08-13,5435.09,sz000651,格力电器
2024-08-14,5424.97,sz000651,格力电器
2024-08-15,5461.79,sz000651,格力电器
2024-08-16,5507.82,sz000651,格力电器
2024-08-19,5482.04,sz000651,格力电器
2024-08-20,5502.3,sz000651,格力电器
2024-08-21,5490.33,sz000651,格力电器
2024-08-22,5529.91,sz000651,格力电器
2024-08-23,5601.72,sz000651,格力电器
2024-08-26,5604.48,sz000651,格力电器
2024-08-27,5576.86,sz000651,格力电器
2024-08-28,5518.29,sz000651,格力电器
2024-08-29,5519.21,sz000651,格力电器
2024-08-30,5601.14,sz000651,格力电器
2024-09-02,5633.36,sz000651,格力电器
2024-09-03,5686.76,sz000651,格力电器
2024-09-04,5677.55,sz000651,格力电器
2024-09-05,5660.06,sz000651,格力电器
2024-09-06,5625.08,sz000651,格力电器
2024-09-09,5527.5,sz000651,格力电器
2024-09-10,5536.7,sz000651,格力电器
2024-09-11,5544.99,sz000651,格力电器
2024-09-12,5505.4,sz000651,格力电器
2024-09-13,5558.8,sz000651,格力电器
2024-09-18,5676.63,sz000651,格力电器
2024-09-19,5688.6,sz000651,格力电器
2024-09-20,5727.26,sz000651,格力电器
2024-09-23,5760.4,sz000651,格力电器
2024-09-24,5765.01,sz000651,格力电器
2024-09-25,5857.07,sz000651,格力电器
2024-09-26,6031.98,sz000651,格力电器
2024-09-27,6033.82,sz000651,格力电器
2024-09-30,6359.7,sz000651,格力电器
2024-10-08,6687.43,sz000651,格力电器
2024-10-09,6358.78,sz000651,格力电器
2024-10-10,6517.12,sz000651,格力电器
2024-10-11,6419.54,sz000651,格力电器
2024-10-14,6534.62,sz000651,格力电器
2024-10-15,6417.7,sz000651,格力电器
2024-10-16,6316.44,sz000651,格力电器
2024-10-17,6237.27,sz000651,格力电器
2024-10-18,6300.79,sz000651,格力电器
2024-10-21,6273.17,sz000651,格力电器
2024-10-22,6344.98,sz000651,格力电器
2024-10-23,6358.78,sz000651,格力电器
2024-10-24,6308.15,sz000651,格力电器
2024-10-25,6272.25,sz000651,格力电器
2024-10-28,6251.08,sz000651,格力电器
2024-10-29,6235.43,sz000651,格力电器
2024-10-30,6160.86,sz000651,格力电器
2024-10-31,5950.97,sz000651,格力电器
2024-11-01,5952.81,sz000651,格力电器
2024-11-04,5932.55,sz000651,格力电器
2024-11-05,5987.79,sz000651,格力电器
2024-11-06,5890.21,sz000651,格力电器
2024-11-07,6020.93,sz000651,格力电器
2024-11-08,6020.01,sz000651,格力电器
2024-11-11,5973.98,sz000651,格力电器
2024-11-12,5969.38,sz000651,格力电器
2024-11-13,5989.63,sz000651,格力电器
2024-11-14,5971.22,sz000651,格力电器
2024-11-15,5915.98,sz000651,格力电器
2024-11-18,5892.97,sz000651,格力电器
2024-11-19,5898.49,sz000651,格力电器
2024-11-20,5880.08,sz000651,格力电器
2024-11-21,5841.42,sz000651,格力电器
2024-11-22,5748.44,sz000651,格力电器
2024-11-25,5718.06,sz000651,格力电器
2024-11-26,5737.39,sz000651,格力电器
2024-11-27,5821.16,sz000651,格力电器
2024-11-28,5776.05,sz000651,格力电器
2024-11-29,5820.24,sz000651,格力电器
2024-12-02,5816.56,sz000651,格力电器
2024-12-03,5845.1,sz000651,格力电器
2024-12-04,5870.87,sz000651,格力电器
2024-12-05,5842.34,sz000651,格力电器
2024-12-06,5837.73,sz000651,格力电器
2024-12-09,5845.1,sz000651,格力电器
2024-12-10,5903.09,sz000651,格力电器
2024-12-11,5933.47,sz000651,格力电器
2024-12-12,5947.28,sz000651,格力电器
2024-12-13,5904.94,sz000651,格力电器
2024-12-16,5893.89,sz000651,格力电器
2024-12-17,5904.94,sz000651,格力电器
2024-12-18,5946.36,sz000651,格力电器
2024-12-19,5964.77,sz000651,格力电器
2024-12-20,5928.87,sz000651,格力电器
2024-12-23,6042.1,sz000651,格力电器
2024-12-24,6142.45,sz000651,格力电器
2024-12-25,6129.56,sz000651,格力电器
2024-12-26,6129.56,sz000651,格力电器
2024-12-27,6094.58,sz000651,格力电器
2024-12-30,6141.53,sz000651,格力电器
2024-12-31,6130.48,sz000651,格力电器
2025-01-02,6212.41,sz000651,格力电器
2025-01-03,6157.18,sz000651,格力电器
2025-01-06,6182.95,sz000651,格力电器
2025-01-07,6148.89,sz000651,格力电器
2025-01-08,6295.26,sz000651,格力电器
2025-01-09,6319.2,sz000651,格力电器
2025-01-10,6217.93,sz000651,格力电器
2025-01-13,6079.85,sz000651,格力电器
2025-01-14,6147.97,sz000651,格力电器
2025-01-15,6189.4,sz000651,格力电器
2025-01-16,6208.73,sz000651,格力电器
2025-01-17,6181.11,sz000651,格力电器
2025-01-20,6096.42,sz000651,格力电器
2025-01-21,6066.96,sz000651,格力电器
2025-01-22,6002.52,sz000651,格力电器
2025-01-23,6021.85,sz000651,格力电器
2025-01-24,6039.34,sz000651,格力电器
2025-01-27,6078.93,sz000651,格力电器
2025-02-05,5981.34,sz000651,格力电器
2025-02-06,5963.85,sz000651,格力电器
2025-02-07,6008.04,sz000651,格力电器
2025-02-10,5985.95,sz000651,格力电器
2025-02-11,5965.69,sz000651,格力电器
2025-02-12,5974.9,sz000651,格力电器
2025-02-13,5980.42,sz000651,格力电器
2025-02-14,5996.07,sz000651,格力电器
2025-02-17,5966.62,sz000651,格力电器
2025-02-18,5907.7,sz000651,格力电器
2025-02-19,5807.35,sz000651,格力电器
2025-02-20,5799.07,sz000651,格力电器
2025-02-21,5753.96,sz000651,格力电器
2025-02-24,5745.67,sz000651,格力电器
2025-02-25,5674.79,sz000651,格力电器
2025-02-26,5713.45,sz000651,格力电器
2025-02-27,5760.4,sz000651,格力电器
2025-02-28,5707.01,sz000651,格力电器
2025-03-03,5680.31,sz000651,格力电器
2025-03-04,5784.34,sz000651,格力电器
2025-03-05,5818.4,sz000651,格力电器
2025-03-06,5823.0,sz000651,格力电器
2025-03-07,5799.99,sz000651,格力电器
2025-03-10,5835.89,sz000651,格力电器
2025-03-11,5845.1,sz000651,格力电器
2025-03-12,5823.92,sz000651,格力电器
2025-03-13,5861.67,sz000651,格力电器
2025-03-14,5923.35,sz000651,格力电器
2025-03-17,5932.55,sz000651,格力电器
2025-03-18,5975.82,sz000651,格力电器
2025-03-19,5961.09,sz000651,格力电器
2025-03-20,5878.24,sz000651,格力电器
2025-03-21,5973.06,sz000651,格力电器
2025-03-24,6087.21,sz000651,格力电器
2025-03-25,6103.78,sz000651,格力电器
2025-03-26,6084.45,sz000651,格力电器
2025-03-27,6106.54,sz000651,格力电器
2025-03-28,6114.83,sz000651,格力电器
2025-03-31,6131.4,sz000651,格力电器
2025-04-01,6101.02,sz000651,格力电器
2025-04-02,6104.7,sz000651,格力电器
2025-04-03,6121.27,sz000651,格力电器
2025-04-07,5932.55,sz000651,格力电器
2025-04-08,6054.07,sz000651,格力电器
2025-04-09,6077.09,sz000651,格力电器
2025-04-10,6071.56,sz000651,格力电器
2025-04-11,6098.26,sz000651,格力电器
2025-04-14,5986.87,sz000651,格力电器
2025-04-15,6076.16,sz000651,格力电器
2025-04-16,6114.83,sz000651,格力电器
2025-04-17,6087.21,sz000651,格力电器
2025-04-18,6116.67,sz000651,格力电器
2025-04-21,6106.54,sz000651,格力电器
2025-04-22,6139.68,sz000651,格力电器
2025-04-23,6115.75,sz000651,格力电器
2025-04-24,6125.88,sz000651,格力电器
2025-04-25,6109.31,sz000651,格力电器
2025-04-28,6231.74,sz000651,格力电器
2025-04-29,6205.97,sz000651,格力电器
2025-04-30,6140.61,sz000651,格力电器
2025-05-06,6132.32,sz000651,格力电器
2025-05-07,6190.32,sz000651,格力电器
2025-05-08,6228.98,sz000651,格力电器
2025-05-09,6273.17,sz000651,格力电器
2025-05-12,6263.96,sz000651,格力电器
2025-05-13,6271.33,sz000651,格力电器
2025-05-14,6263.96,sz000651,格力电器
2025-05-15,6291.31,sz000651,格力电器
2025-05-16,6234.24,sz000651,格力电器
2025-05-19,6246.21,sz000651,格力电器
2025-05-20,6364.96,sz000651,格力电器
2025-05-21,6352.99,sz000651,格力电器
2025-05-22,6372.33,sz000651,格力电器
2025-05-23,6324.45,sz000651,格力电器
2025-05-26,6276.58,sz000651,格力电器
2025-05-27,6289.47,sz000651,格力电器
2025-05-28,6335.5,sz000651,格力电器
2025-05-29,6278.43,sz000651,格力电器
2025-05-30,6311.57,sz000651,格力电器
2025-06-03,6179.0,sz000651,格力电器
2025-06-04,6210.3,sz000651,格力电器
2025-06-05,6175.32,sz000651,格力电器
2025-06-06,6168.88,sz000651,格力电器
2025-06-09,6164.27,sz000651,格力电器
2025-06-10,6148.62,sz000651,格力电器
2025-06-11,6159.67,sz000651,格力电器
2025-06-12,6167.96,sz000651,格力电器
2025-06-13,6173.48,sz000651,格力电器
2025-06-16,6144.02,sz000651,格力电器
2025-06-17,6130.21,sz000651,格力电器
2025-06-18,6132.97,sz000651,格力电器
2025-06-19,6096.15,sz000651,格力电器
2025-06-20,6147.7,sz000651,格力电器
2025-06-23,6127.45,sz000651,格力电器
2025-06-24,6171.64,sz000651,格力电器
2025-06-25,6214.91,sz000651,格力电器
2025-06-26,6226.87,sz000651,格力电器
2025-06-27,6201.1,sz000651,格力电器
2025-06-30,6173.48,sz000651,格力电器
2025-07-01,6222.27,sz000651,格力电器
2025-07-02,6310.65,sz000651,格力电器
2025-07-03,6321.69,sz000651,格力电器
2025-07-04,6341.03,sz000651,格力电器
2025-07-07,6318.01,sz000651,格力电器
2025-07-08,6328.14,sz000651,格力电器
2025-07-09,6291.31,sz000651,格力电器
2025-07-10,6304.2,sz000651,格力电器
2025-07-11,6360.36,sz000651,格力电器
2025-07-14,6387.98,sz000651,格力电器
2025-07-15,6452.42,sz000651,格力电器
2025-07-16,6409.15,sz000651,格力电器
2025-07-17,6416.51,sz000651,格力电器
2025-07-18,6445.97,sz000651,格力电器
2025-07-21,6415.59,sz000651,格力电器
2025-07-22,6446.89,sz000651,格力电器
2025-07-23,6470.83,sz000651,格力电器
2025-07-24,6437.69,sz000651,格力电器
2025-07-25,6346.55,sz000651,格力电器
2025-07-28,6330.9,sz000651,格力电器
2025-07-29,6283.95,sz000651,格力电器
2025-07-30,6306.96,sz000651,格力电器
2025-07-31,6237.92,sz000651,格力电器
2025-08-01,6262.78,sz000651,格力电器
2025-08-04,6283.95,sz000651,格力电器
2025-08-05,6339.18,sz000651,格力电器
2025-08-06,6355.75,sz000651,格力电器
2025-08-07,6364.96,sz000651,格力电器
2025-08-08,6405.47,sz000651,格力电器
2025-08-11,6386.13,sz000651,格力电器
2025-08-12,6445.97,sz000651,格力电器
2025-08-13,6432.16,sz000651,格力电器
2025-08-14,6429.4,sz000651,格力电器
2025-08-15,6437.69,sz000651,格力电器
2025-08-18,6424.8,sz000651,格力电器
2025-08-19,6370.48,sz000651,格力电器
2025-08-20,6381.53,sz000651,格力电器
2025-08-21,6331.82,sz000651,格力电器
2025-08-22,6375.09,sz000651,格力电器
2025-08-25,6466.22,sz000651,格力电器
2025-08-26,6460.7,sz000651,格力电器
2025-08-27,6387.05,sz000651,格力电器
2025-08-28,6387.98,sz000651,格力电器
2025-08-29,6143.49,sz000651,格力电器
2025-09-01,6033.94,sz000651,格力电器
2025-09-02,6044.06,sz000651,格力电器
2025-09-03,6045.9,sz000651,格力电器
2025-09-04,6013.68,sz000651,格力电器
2025-09-05,6029.33,sz000651,格力电器
2025-09-08,6034.86,sz000651,格力电器
2025-09-09,6027.49,sz000651,格力电器
2025-09-10,6010.92,sz000651,格力电器
2025-09-11,6030.25,sz000651,格力电器
2025-09-12,6000.8,sz000651,格力电器
2025-09-15,5990.67,sz000651,格力电器
2025-09-16,5950.16,sz000651,格力电器
2025-09-17,5976.86,sz000651,格力电器
2025-09-18,5923.47,sz000651,格力电器
2025-09-19,5944.64,sz000651,格力电器
2025-09-22,5888.48,sz000651,格力电器
2025-09-23,5870.99,sz000651,格力电器
2025-09-24,5903.21,sz000651,格力电器
2025-09-25,5858.1,sz000651,格力电器
2025-09-26,5890.33,sz000651,格力电器
2025-09-29,5898.61,sz000651,格力电器
2025-09-30,5878.36,sz000651,格力电器
2025-10-09,5939.12,sz000651,格力电器
2025-10-10,5941.88,sz000651,格力电器
2025-10-13,5945.56,sz000651,格力电器
2025-10-14,5957.53,sz000651,格力电器
2025-10-15,5979.62,sz000651,格力电器
2025-10-16,5975.02,sz000651,格力电器
2025-10-17,5924.39,sz000651,格力电器
2025-10-20,5975.02,sz000651,格力电器
2025-10-21,5967.65,sz000651,格力电器
2025-10-22,5956.61,sz000651,格力电器
2025-10-23,5952.92,sz000651,格力电器
2025-10-24,5950.16,sz000651,格力电器
2025-10-27,5993.43,sz000651,格力电器
2025-10-28,5970.42,sz000651,格力电器
2025-10-29,5967.65,sz000651,格力电器
2025-10-30,5947.4,sz000651,格力电器
2025-10-31,5881.12,sz000651,格力电器
2025-11-03,5859.95,sz000651,格力电器
2025-11-04,5877.44,sz000651,格力电器
2025-11-05,5878.36,sz000651,格力电器
2025-11-06,5903.21,sz000651,格力电器
2025-11-07,5905.98,sz000651,格力电器
2025-11-10,5983.3,sz000651,格力电器
2025-11-11,5988.83,sz000651,格力电器
2025-11-12,6010.0,sz000651,格力电器
2025-11-13,5996.19,sz000651,格力电器
2025-11-14,5961.21,sz000651,格力电器
2025-11-17,5921.63,sz000651,格力电器
2025-11-18,5914.26,sz000651,格力电器
2025-11-19,5918.86,sz000651,格力电器
2025-11-20,5936.35,sz000651,格力电器
2025-11-21,5927.15,sz000651,格力电器
2025-11-24,5914.26,sz000651,格力电器
2025-11-25,5910.58,sz000651,格力电器
2025-11-26,5934.51,sz000651,格力电器
2025-11-27,5934.51,sz000651,格力电器
2025-11-28,5937.27,sz000651,格力电器
2025-12-01,5982.38,sz000651,格力电器
2025-12-02,5986.99,sz000651,格力电器
2025-12-03,5978.7,sz000651,格力电器
2025-12-04,5990.67,sz000651,格力电器
2025-12-05,5984.22,sz000651,格力电器
2025-12-08,5966.73,sz000651,格力电器
2025-12-09,5936.35,sz000651,格力电器
2025-12-10,5938.2,sz000651,格力电器
2025-12-11,5963.97,sz000651,格力电器
2025-12-12,5973.18,sz000651,格力电器
2025-12-15,5984.22,sz000651,格力电器
2025-12-16,5982.38,sz000651,格力电器
2025-12-17,6005.4,sz000651,格力电器
2025-12-18,5992.51,sz000651,格力电器
2025-12-19,6009.08,sz000651,格力电器
2025-12-22,5985.15,sz000651,格力电器
2025-12-23,5986.99,sz000651,格力电器
2025-12-24,5974.1,sz000651,格力电器
2025-12-25,5987.91,sz000651,格力电器
2025-12-26,5974.1,sz000651,格力电器
2025-12-29,5970.42,sz000651,格力电器
2025-12-30,5952.92,sz000651,格力电器
2025-12-31,5924.39,sz000651,格力电器
2018-01-02,34.12,sh600900,长江电力
2018-01-03,34.73,sh600900,长江电力
2018-01-04,34.48,sh600900,长江电力
2018-01-05,34.76,sh600900,长江电力
2018-01-08,34.71,sh600900,长江电力
2018-01-09,34.97,sh600900,长江电力
2018-01-10,35.04,sh600900,长江电力
2018-01-11,35.31,sh600900,长江电力
2018-01-12,35.24,sh600900,长江电力
2018-01-15,35.39,sh600900,长江电力
2018-01-16,34.85,sh600900,长江电力
2018-01-17,34.96,sh600900,长江电力
2018-01-18,34.87,sh600900,长江电力
2018-01-19,34.92,sh600900,长江电力
2018-01-22,34.9,sh600900,长江电力
2018-01-23,34.97,sh600900,长江电力
2018-01-24,34.76,sh600900,长江电力
2018-01-25,34.87,sh600900,长江电力
2018-01-26,34.85,sh600900,长江电力
2018-01-29,34.5,sh600900,长江电力
2018-01-30,34.38,sh600900,长江电力
2018-01-31,34.57,sh600900,长江电力
2018-02-01,35.03,sh600900,长江电力
2018-02-02,35.06,sh600900,长江电力
2018-02-05,35.25,sh600900,长江电力
2018-02-06,35.25,sh600900,长江电力
2018-02-07,35.22,sh600900,长江电力
2018-02-08,35.13,sh600900,长江电力
2018-02-09,34.69,sh600900,长江电力
2018-02-12,34.05,sh600900,长江电力
2018-02-13,34.33,sh600900,长江电力
2018-02-14,34.73,sh600900,长江电力
2018-02-22,34.94,sh600900,长江电力
2018-02-23,35.18,sh600900,长江电力
2018-02-26,35.46,sh600900,长江电力
2018-02-27,35.69,sh600900,长江电力
2018-02-28,35.57,sh600900,长江电力
2018-03-01,35.6,sh600900,长江电力
2018-03-02,36.06,sh600900,长江电力
2018-03-05,36.22,sh600900,长江电力
2018-03-06,35.9,sh600900,长江电力
2018-03-07,35.92,sh600900,长江电力
2018-03-08,36.41,sh600900,长江电力
2018-03-09,36.43,sh600900,长江电力
2018-03-12,35.97,sh600900,长江电力
2018-03-13,35.97,sh600900,长江电力
2018-03-14,35.97,sh600900,长江电力
2018-03-15,35.88,sh600900,长江电力
2018-03-16,35.88,sh600900,长江电力
2018-03-19,35.88,sh600900,长江电力
2018-03-20,35.94,sh600900,长江电力
2018-03-21,35.85,sh600900,长江电力
2018-03-22,35.64,sh600900,长江电力
2018-03-23,35.6,sh600900,长江电力
2018-03-26,35.39,sh600900,长江电力
2018-03-27,35.6,sh600900,长江电力
2018-03-28,35.08,sh600900,长江电力
2018-03-29,34.92,sh600900,长江电力
2018-03-30,34.78,sh600900,长江电力
2018-04-02,34.69,sh600900,长江电力
2018-04-03,34.52,sh600900,长江电力
2018-04-04,34.5,sh600900,长江电力
2018-04-09,34.8,sh600900,长江电力
2018-04-10,35.01,sh600900,长江电力
2018-04-11,35.15,sh600900,长江电力
2018-04-12,35.01,sh600900,长江电力
2018-04-13,34.64,sh600900,长江电力
2018-04-16,34.45,sh600900,长江电力
2018-04-17,34.73,sh600900,长江电力
2018-04-18,34.8,sh600900,长江电力
2018-04-19,34.66,sh600900,长江电力
2018-04-20,34.83,sh600900,长江电力
2018-04-23,34.99,sh600900,长江电力
2018-04-24,35.1,sh600900,长江电力
2018-04-25,34.75,sh600900,长江电力
2018-04-26,34.75,sh600900,长江电力
2018-04-27,34.94,sh600900,长江电力
2018-05-02,34.68,sh600900,长江电力
2018-05-03,34.71,sh600900,长江电力
2018-05-04,34.9,sh600900,长江电力
2018-05-07,34.97,sh600900,长江电力
2018-05-08,35.04,sh600900,长江电力
2018-05-09,35.08,sh600900,长江电力
2018-05-10,34.8,sh600900,长江电力
2018-05-11,34.97,sh600900,长江电力
2018-05-14,35.15,sh600900,长江电力
2018-05-15,35.87,sh600900,长江电力
2018-05-16,35.97,sh600900,长江电力
2018-05-17,35.97,sh600900,长江电力
2018-05-18,36.11,sh600900,长江电力
2018-05-21,35.9,sh600900,长江电力
2018-05-22,36.01,sh600900,长江电力
2018-05-23,35.87,sh600900,长江电力
2018-05-24,35.8,sh600900,长江电力
2018-05-25,36.27,sh600900,长江电力
2018-05-28,36.34,sh600900,长江电力
2018-05-29,36.46,sh600900,长江电力
2018-05-30,36.11,sh600900,长江电力
2018-05-31,36.69,sh600900,长江电力
2018-06-01,36.11,sh600900,长江电力
2018-06-04,36.25,sh600900,长江电力
2018-06-05,36.32,sh600900,长江电力
2018-06-06,36.85,sh600900,长江电力
2018-06-07,36.55,sh600900,长江电力
2018-06-08,36.48,sh600900,长江电力
2018-06-11,36.5,sh600900,长江电力
2018-06-12,36.74,sh600900,长江电力
2018-06-13,37.06,sh600900,长江电力
2018-06-14,37.44,sh600900,长江电力
2018-06-15,37.67,sh600900,长江电力
2018-06-19,37.7,sh600900,长江电力
2018-06-20,37.48,sh600900,长江电力
2018-06-21,37.63,sh600900,长江电力
2018-06-22,37.0,sh600900,长江电力
2018-06-25,36.76,sh600900,长江电力
2018-06-26,36.34,sh600900,长江电力
2018-06-27,36.32,sh600900,长江电力
2018-06-28,36.16,sh600900,长江电力
2018-06-29,36.18,sh600900,长江电力
2018-07-02,35.67,sh600900,长江电力
2018-07-03,35.69,sh600900,长江电力
2018-07-04,36.2,sh600900,长江电力
2018-07-05,36.53,sh600900,长江电力
2018-07-06,36.5,sh600900,长江电力
2018-07-09,36.48,sh600900,长江电力
2018-07-10,36.44,sh600900,长江电力
2018-07-11,36.15,sh600900,长江电力
2018-07-12,36.16,sh600900,长江电力
2018-07-13,36.08,sh600900,长江电力
2018-07-16,36.13,sh600900,长江电力
2018-07-17,35.99,sh600900,长江电力
2018-07-18,36.44,sh600900,长江电力
2018-07-19,37.04,sh600900,长江电力
2018-07-20,37.21,sh600900,长江电力
2018-07-23,37.25,sh600900,长江电力
2018-07-24,36.88,sh600900,长江电力
2018-07-25,36.53,sh600900,长江电力
2018-07-26,36.92,sh600900,长江电力
2018-07-27,36.67,sh600900,长江电力
2018-07-30,37.42,sh600900,长江电力
2018-07-31,37.41,sh600900,长江电力
2018-08-01,37.3,sh600900,长江电力
2018-08-02,37.02,sh600900,长江电力
2018-08-03,37.28,sh600900,长江电力
2018-08-06,36.64,sh600900,长江电力
2018-08-07,36.81,sh600900,长江电力
2018-08-08,36.34,sh600900,长江电力
2018-08-09,36.6,sh600900,长江电力
2018-08-10,36.55,sh600900,长江电力
2018-08-13,36.67,sh600900,长江电力
2018-08-14,36.48,sh600900,长江电力
2018-08-15,36.16,sh600900,长江电力
2018-08-16,36.13,sh600900,长江电力
2018-08-17,36.16,sh600900,长江电力
2018-08-20,37.07,sh600900,长江电力
2018-08-21,36.93,sh600900,长江电力
2018-08-22,36.64,sh600900,长江电力
2018-08-23,36.37,sh600900,长江电力
2018-08-24,36.3,sh600900,长江电力
2018-08-27,36.3,sh600900,长江电力
2018-08-28,36.43,sh600900,长江电力
2018-08-29,36.09,sh600900,长江电力
2018-08-30,36.06,sh600900,长江电力
2018-08-31,35.62,sh600900,长江电力
2018-09-03,35.87,sh600900,长江电力
2018-09-04,36.13,sh600900,长江电力
2018-09-05,35.74,sh600900,长江电力
2018-09-06,35.62,sh600900,长江电力
2018-09-07,35.41,sh600900,长江电力
2018-09-10,35.22,sh600900,长江电力
2018-09-11,35.01,sh600900,长江电力
2018-09-12,35.36,sh600900,长江电力
2018-09-13,35.53,sh600900,长江电力
2018-09-14,35.43,sh600900,长江电力
2018-09-17,35.45,sh600900,长江电力
2018-09-18,35.66,sh600900,长江电力
2018-09-19,35.69,sh600900,长江电力
2018-09-20,35.85,sh600900,长江电力
2018-09-21,36.34,sh600900,长江电力
2018-09-25,36.32,sh600900,长江电力
2018-09-26,36.25,sh600900,长江电力
2018-09-27,36.6,sh600900,长江电力
2018-09-28,36.6,sh600900,长江电力
2018-10-08,35.94,sh600900,长江电力
2018-10-09,35.73,sh600900,长江电力
2018-10-10,35.59,sh600900,长江电力
2018-10-11,34.83,sh600900,长江电力
2018-10-12,34.85,sh600900,长江电力
2018-10-15,34.89,sh600900,长江电力
2018-10-16,35.06,sh600900,长江电力
2018-10-17,35.6,sh600900,长江电力
2018-10-18,35.08,sh600900,长江电力
2018-10-19,35.64,sh600900,长江电力
2018-10-22,36.06,sh600900,长江电力
2018-10-23,35.5,sh600900,长江电力
2018-10-24,35.57,sh600900,长江电力
2018-10-25,35.6,sh600900,长江电力
2018-10-26,35.95,sh600900,长江电力
2018-10-29,35.24,sh600900,长江电力
2018-10-30,35.27,sh600900,长江电力
2018-10-31,35.25,sh600900,长江电力
2018-11-01,35.06,sh600900,长江电力
2018-11-02,35.25,sh600900,长江电力
2018-11-05,34.92,sh600900,长江电力
2018-11-06,34.38,sh600900,长江电力
2018-11-07,34.4,sh600900,长江电力
2018-11-08,34.5,sh600900,长江电力
2018-11-09,33.57,sh600900,长江电力
2018-11-12,33.52,sh600900,长江电力
2018-11-13,33.49,sh600900,长江电力
2018-11-14,33.19,sh600900,长江电力
2018-11-15,33.47,sh600900,长江电力
2018-11-16,33.56,sh600900,长江电力
2018-11-19,33.66,sh600900,长江电力
2018-11-20,33.22,sh600900,长江电力
2018-11-21,33.33,sh600900,长江电力
2018-11-22,33.21,sh600900,长江电力
2018-11-23,32.87,sh600900,长江电力
2018-11-26,33.26,sh600900,长江电力
2018-11-27,33.19,sh600900,长江电力
2018-11-28,33.13,sh600900,长江电力
2018-11-29,32.85,sh600900,长江电力
2018-11-30,33.05,sh600900,长江电力
2018-12-03,33.66,sh600900,长江电力
2018-12-04,33.66,sh600900,长江电力
2018-12-05,33.5,sh600900,长江电力
2018-12-06,32.82,sh600900,长江电力
2018-12-07,33.05,sh600900,长江电力
2018-12-10,33.06,sh600900,长江电力
2018-12-11,32.98,sh600900,长江电力
2018-12-12,33.59,sh600900,长江电力
2018-12-13,34.06,sh600900,长江电力
2018-12-14,34.12,sh600900,长江电力
2018-12-17,34.19,sh600900,长江电力
2018-12-18,34.38,sh600900,长江电力
2018-12-19,34.71,sh600900,长江电力
2018-12-20,34.48,sh600900,长江电力
2018-12-21,34.85,sh600900,长江电力
2018-12-24,34.5,sh600900,长江电力
2018-12-25,34.71,sh600900,长江电力
2018-12-26,35.1,sh600900,长江电力
2018-12-27,35.2,sh600900,长江电力
2018-12-28,35.73,sh600900,长江电力
2019-01-02,34.92,sh600900,长江电力
2019-01-03,35.18,sh600900,长江电力
2019-01-04,34.75,sh600900,长江电力
2019-01-07,34.61,sh600900,长江电力
2019-01-08,35.17,sh600900,长江电力
2019-01-09,35.03,sh600900,长江电力
2019-01-10,34.76,sh600900,长江电力
2019-01-11,34.87,sh600900,长江电力
2019-01-14,34.66,sh600900,长江电力
2019-01-15,34.89,sh600900,长江电力
2019-01-16,35.1,sh600900,长江电力
2019-01-17,34.97,sh600900,长江电力
2019-01-18,35.5,sh600900,长江电力
2019-01-21,35.62,sh600900,长江电力
2019-01-22,35.6,sh600900,长江电力
2019-01-23,35.87,sh600900,长江电力
2019-01-24,35.85,sh600900,长江电力
2019-01-25,35.78,sh600900,长江电力
2019-01-28,35.78,sh600900,长江电力
2019-01-29,36.29,sh600900,长江电力
2019-01-30,36.27,sh600900,长江电力
2019-01-31,36.69,sh600900,长江电力
2019-02-01,36.55,sh600900,长江电力
2019-02-11,36.48,sh600900,长江电力
2019-02-12,36.53,sh600900,长江电力
2019-02-13,36.62,sh600900,长江电力
2019-02-14,36.5,sh600900,长江电力
2019-02-15,36.46,sh600900,长江电力
2019-02-18,36.53,sh600900,长江电力
2019-02-19,36.37,sh600900,长江电力
2019-02-20,36.36,sh600900,长江电力
2019-02-21,36.11,sh600900,长江电力
2019-02-22,36.29,sh600900,长江电力
2019-02-25,36.6,sh600900,长江电力
2019-02-26,36.43,sh600900,长江电力
2019-02-27,36.32,sh600900,长江电力
2019-02-28,36.46,sh600900,长江电力
2019-03-01,36.41,sh600900,长江电力
2019-03-04,36.39,sh600900,长江电力
2019-03-05,36.46,sh600900,长江电力
2019-03-06,37.44,sh600900,长江电力
2019-03-07,37.14,sh600900,长江电力
2019-03-08,37.09,sh600900,长江电力
2019-03-11,36.76,sh600900,长江电力
2019-03-12,36.55,sh600900,长江电力
2019-03-13,36.01,sh600900,长江电力
2019-03-14,36.44,sh600900,长江电力
2019-03-15,36.43,sh600900,长江电力
2019-03-18,37.25,sh600900,长江电力
2019-03-19,37.58,sh600900,长江电力
2019-03-20,37.41,sh600900,长江电力
2019-03-21,37.41,sh600900,长江电力
2019-03-22,37.9,sh600900,长江电力
2019-03-25,37.55,sh600900,长江电力
2019-03-26,37.77,sh600900,长江电力
2019-03-27,37.27,sh600900,长江电力
2019-03-28,37.58,sh600900,长江电力
2019-03-29,37.46,sh600900,长江电力
2019-04-01,37.51,sh600900,长江电力
2019-04-02,37.55,sh600900,长江电力
2019-04-03,37.49,sh600900,长江电力
2019-04-04,37.34,sh600900,长江电力
2019-04-08,36.9,sh600900,长江电力
2019-04-09,36.86,sh600900,长江电力
2019-04-10,36.95,sh600900,长江电力
2019-04-11,37.25,sh600900,长江电力
2019-04-12,37.48,sh600900,长江电力
2019-04-15,37.0,sh600900,长江电力
2019-04-16,37.3,sh600900,长江电力
2019-04-17,37.3,sh600900,长江电力
2019-04-18,37.13,sh600900,长江电力
2019-04-19,37.28,sh600900,长江电力
2019-04-22,37.13,sh600900,长江电力
2019-04-23,37.3,sh600900,长江电力
2019-04-24,37.41,sh600900,长江电力
2019-04-25,37.25,sh600900,长江电力
2019-04-26,36.92,sh600900,长江电力
2019-04-29,37.3,sh600900,长江电力
2019-04-30,37.46,sh600900,长江电力
2019-05-06,37.53,sh600900,长江电力
2019-05-07,37.41,sh600900,长江电力
2019-05-08,36.85,sh600900,长江电力
2019-05-09,36.64,sh600900,长江电力
2019-05-10,36.86,sh600900,长江电力
2019-05-13,36.81,sh600900,长江电力
2019-05-14,36.64,sh600900,长江电力
2019-05-15,36.65,sh600900,长江电力
2019-05-16,37.0,sh600900,长江电力
2019-05-17,36.92,sh600900,长江电力
2019-05-20,36.83,sh600900,长江电力
2019-05-21,37.14,sh600900,长江电力
2019-05-22,37.48,sh600900,长江电力
2019-05-23,37.51,sh600900,长江电力
2019-05-24,37.69,sh600900,长江电力
2019-05-27,37.6,sh600900,长江电力
2019-05-28,38.05,sh600900,长江电力
2019-05-29,38.07,sh600900,长江电力
2019-05-30,38.95,sh600900,长江电力
2019-05-31,38.93,sh600900,长江电力
2019-06-03,38.84,sh600900,长江电力
2019-06-04,38.74,sh600900,长江电力
2019-06-05,38.61,sh600900,长江电力
2019-06-06,38.6,sh600900,长江电力
2019-06-10,39.35,sh600900,长江电力
2019-06-11,39.44,sh600900,长江电力
2019-06-12,39.28,sh600900,长江电力
2019-06-13,38.86,sh600900,长江电力
2019-06-14,38.56,sh600900,长江电力
2019-06-17,38.72,sh600900,长江电力
2019-06-18,38.89,sh600900,长江电力
2019-06-19,39.05,sh600900,长江电力
2019-06-20,39.4,sh600900,长江电力
2019-06-21,38.79,sh600900,长江电力
2019-06-24,38.7,sh600900,长江电力
2019-06-25,38.82,sh600900,长江电力
2019-06-26,39.14,sh600900,长江电力
2019-06-27,39.1,sh600900,长江电力
2019-06-28,39.26,sh600900,长江电力
2019-07-01,39.1,sh600900,长江电力
2019-07-02,39.16,sh600900,长江电力
2019-07-03,39.89,sh600900,长江电力
2019-07-04,39.93,sh600900,长江电力
2019-07-05,40.09,sh600900,长江电力
2019-07-08,39.63,sh600900,长江电力
2019-07-09,39.16,sh600900,长江电力
2019-07-10,39.44,sh600900,长江电力
2019-07-11,39.88,sh600900,长江电力
2019-07-12,39.81,sh600900,长江电力
2019-07-15,39.77,sh600900,长江电力
2019-07-16,39.63,sh600900,长江电力
2019-07-17,39.6,sh600900,长江电力
2019-07-18,40.14,sh600900,长江电力
2019-07-19,40.56,sh600900,长江电力
2019-07-22,40.96,sh600900,长江电力
2019-07-23,40.98,sh600900,长江电力
2019-07-24,40.94,sh600900,长江电力
2019-07-25,41.01,sh600900,长江电力
2019-07-26,41.5,sh600900,长江电力
2019-07-29,42.03,sh600900,长江电力
2019-07-30,41.92,sh600900,长江电力
2019-07-31,41.89,sh600900,长江电力
2019-08-01,41.96,sh600900,长江电力
2019-08-02,42.01,sh600900,长江电力
2019-08-05,41.07,sh600900,长江电力
2019-08-06,41.22,sh600900,长江电力
2019-08-07,41.21,sh600900,长江电力
2019-08-08,42.24,sh600900,长江电力
2019-08-09,42.13,sh600900,长江电力
2019-08-12,41.98,sh600900,长江电力
2019-08-13,41.91,sh600900,长江电力
2019-08-14,42.06,sh600900,长江电力
2019-08-15,42.1,sh600900,长江电力
2019-08-16,42.47,sh600900,长江电力
2019-08-19,43.29,sh600900,长江电力
2019-08-20,42.2,sh600900,长江电力
2019-08-21,41.98,sh600900,长江电力
2019-08-22,42.03,sh600900,长江电力
2019-08-23,42.2,sh600900,长江电力
2019-08-26,42.12,sh600900,长江电力
2019-08-27,42.69,sh600900,长江电力
2019-08-28,42.45,sh600900,长江电力
2019-08-29,41.99,sh600900,长江电力
2019-08-30,41.71,sh600900,长江电力
2019-09-02,41.29,sh600900,长江电力
2019-09-03,41.75,sh600900,长江电力
2019-09-04,41.56,sh600900,长江电力
2019-09-05,41.45,sh600900,长江电力
2019-09-06,41.68,sh600900,长江电力
2019-09-09,41.57,sh600900,长江电力
2019-09-10,41.78,sh600900,长江电力
2019-09-11,41.77,sh600900,长江电力
2019-09-12,42.12,sh600900,长江电力
2019-09-16,42.38,sh600900,长江电力
2019-09-17,41.52,sh600900,长江电力
2019-09-18,42.01,sh600900,长江电力
2019-09-19,41.77,sh600900,长江电力
2019-09-20,42.15,sh600900,长江电力
2019-09-23,41.87,sh600900,长江电力
2019-09-24,42.34,sh600900,长江电力
2019-09-25,41.4,sh600900,长江电力
2019-09-26,41.36,sh600900,长江电力
2019-09-27,40.98,sh600900,长江电力
2019-09-30,41.03,sh600900,长江电力
2019-10-08,41.64,sh600900,长江电力
2019-10-09,41.45,sh600900,长江电力
2019-10-10,41.05,sh600900,长江电力
2019-10-11,41.28,sh600900,长江电力
2019-10-14,41.03,sh600900,长江电力
2019-10-15,40.45,sh600900,长江电力
2019-10-16,40.3,sh600900,长江电力
2019-10-17,40.4,sh600900,长江电力
2019-10-18,40.16,sh600900,长江电力
2019-10-21,39.61,sh600900,长江电力
2019-10-22,39.96,sh600900,长江电力
2019-10-23,40.21,sh600900,长江电力
2019-10-24,40.21,sh600900,长江电力
2019-10-25,40.26,sh600900,长江电力
2019-10-28,40.16,sh600900,长江电力
2019-10-29,39.75,sh600900,长江电力
2019-10-30,39.91,sh600900,长江电力
2019-10-31,40.38,sh600900,长江电力
2019-11-01,40.42,sh600900,长江电力
2019-11-04,40.63,sh600900,长江电力
2019-11-05,40.77,sh600900,长江电力
2019-11-06,40.75,sh600900,长江电力
2019-11-07,40.31,sh600900,长江电力
2019-11-08,40.63,sh600900,长江电力
2019-11-11,40.63,sh600900,长江电力
2019-11-12,40.79,sh600900,长江电力
2019-11-13,40.61,sh600900,长江电力
2019-11-14,40.3,sh600900,长江电力
2019-11-15,40.54,sh600900,长江电力
2019-11-18,40.75,sh600900,长江电力
2019-11-19,40.75,sh600900,长江电力
2019-11-20,40.84,sh600900,长江电力
2019-11-21,40.63,sh600900,长江电力
2019-11-22,40.45,sh600900,长江电力
2019-11-25,40.89,sh600900,长江电力
2019-11-26,41.28,sh600900,长江电力
2019-11-27,40.79,sh600900,长江电力
2019-11-28,40.84,sh600900,长江电力
2019-11-29,40.86,sh600900,长江电力
2019-12-02,40.52,sh600900,长江电力
2019-12-03,40.54,sh600900,长江电力
2019-12-04,40.52,sh600900,长江电力
2019-12-05,40.33,sh600900,长江电力
2019-12-06,40.33,sh600900,长江电力
2019-12-09,40.49,sh600900,长江电力
2019-12-10,40.35,sh600900,长江电力
2019-12-11,40.65,sh600900,长江电力
2019-12-12,41.36,sh600900,长江电力
2019-12-13,41.52,sh600900,长江电力
2019-12-16,42.08,sh600900,长江电力
2019-12-17,41.98,sh600900,长江电力
2019-12-18,41.33,sh600900,长江电力
2019-12-19,41.35,sh600900,长江电力
2019-12-20,41.14,sh600900,长江电力
2019-12-23,41.08,sh600900,长江电力
2019-12-24,40.98,sh600900,长江电力
2019-12-25,40.77,sh600900,长江电力
2019-12-26,40.94,sh600900,长江电力
2019-12-27,40.96,sh600900,长江电力
2019-12-30,41.28,sh600900,长江电力
2019-12-31,41.29,sh600900,长江电力
2020-01-02,41.45,sh600900,长江电力
2020-01-03,41.63,sh600900,长江电力
2020-01-06,40.98,sh600900,长江电力
2020-01-07,40.96,sh600900,长江电力
2020-01-08,40.72,sh600900,长江电力
2020-01-09,40.79,sh600900,长江电力
2020-01-10,40.63,sh600900,长江电力
2020-01-13,40.75,sh600900,长江电力
2020-01-14,40.94,sh600900,长江电力
2020-01-15,40.65,sh600900,长江电力
2020-01-16,40.66,sh600900,长江电力
2020-01-17,40.17,sh600900,长江电力
2020-01-20,40.4,sh600900,长江电力
2020-01-21,40.26,sh600900,长江电力
2020-01-22,39.93,sh600900,长江电力
2020-01-23,39.14,sh600900,长江电力
2020-02-03,39.1,sh600900,长江电力
2020-02-04,39.42,sh600900,长江电力
2020-02-05,39.42,sh600900,长江电力
2020-02-06,39.65,sh600900,长江电力
2020-02-07,40.44,sh600900,长江电力
2020-02-10,39.98,sh600900,长江电力
2020-02-11,39.93,sh600900,长江电力
2020-02-12,39.89,sh600900,长江电力
2020-02-13,39.93,sh600900,长江电力
2020-02-14,39.96,sh600900,长江电力
2020-02-17,40.09,sh600900,长江电力
2020-02-18,39.79,sh600900,长江电力
2020-02-19,39.79,sh600900,长江电力
2020-02-20,39.96,sh600900,长江电力
2020-02-21,39.81,sh600900,长江电力
2020-02-24,39.6,sh600900,长江电力
2020-02-25,39.19,sh600900,长江电力
2020-02-26,38.88,sh600900,长江电力
2020-02-27,39.28,sh600900,长江电力
2020-02-28,38.93,sh600900,长江电力
2020-03-02,39.33,sh600900,长江电力
2020-03-03,39.88,sh600900,长江电力
2020-03-04,39.91,sh600900,长江电力
2020-03-05,40.14,sh600900,长江电力
2020-03-06,39.72,sh600900,长江电力
2020-03-09,39.67,sh600900,长江电力
2020-03-10,40.0,sh600900,长江电力
2020-03-11,39.91,sh600900,长江电力
2020-03-12,39.67,sh600900,长江电力
2020-03-13,38.88,sh600900,长江电力
2020-03-16,38.74,sh600900,长江电力
2020-03-17,38.75,sh600900,长江电力
2020-03-18,38.39,sh600900,长江电力
2020-03-19,37.76,sh600900,长江电力
2020-03-20,37.98,sh600900,长江电力
2020-03-23,38.04,sh600900,长江电力
2020-03-24,38.72,sh600900,长江电力
2020-03-25,38.93,sh600900,长江电力
2020-03-26,38.58,sh600900,长江电力
2020-03-27,38.72,sh600900,长江电力
2020-03-30,39.05,sh600900,长江电力
2020-03-31,39.39,sh600900,长江电力
2020-04-01,38.93,sh600900,长江电力
2020-04-02,39.33,sh600900,长江电力
2020-04-03,39.26,sh600900,长江电力
2020-04-07,39.32,sh600900,长江电力
2020-04-08,39.25,sh600900,长江电力
2020-04-09,38.98,sh600900,长江电力
2020-04-10,38.96,sh600900,长江电力
2020-04-13,39.07,sh600900,长江电力
2020-04-14,39.28,sh600900,长江电力
2020-04-15,39.0,sh600900,长江电力
2020-04-16,39.14,sh600900,长江电力
2020-04-17,39.09,sh600900,长江电力
2020-04-20,38.88,sh600900,长江电力
2020-04-21,39.03,sh600900,长江电力
2020-04-22,39.26,sh600900,长江电力
2020-04-23,39.4,sh600900,长江电力
2020-04-24,39.81,sh600900,长江电力
2020-04-27,39.95,sh600900,长江电力
2020-04-28,40.19,sh600900,长江电力
2020-04-29,39.95,sh600900,长江电力
2020-04-30,39.67,sh600900,长江电力
2020-05-06,39.3,sh600900,长江电力
2020-05-07,38.93,sh600900,长江电力
2020-05-08,39.03,sh600900,长江电力
2020-05-11,39.16,sh600900,长江电力
2020-05-12,39.26,sh600900,长江电力
2020-05-13,39.19,sh600900,长江电力
2020-05-14,39.14,sh600900,长江电力
2020-05-15,39.16,sh600900,长江电力
2020-05-18,38.95,sh600900,长江电力
2020-05-19,38.91,sh600900,长江电力
2020-05-20,38.95,sh600900,长江电力
2020-05-21,38.91,sh600900,长江电力
2020-05-22,38.47,sh600900,长江电力
2020-05-25,39.0,sh600900,长江电力
2020-05-26,38.98,sh600900,长江电力
2020-05-27,38.84,sh600900,长江电力
2020-05-28,39.67,sh600900,长江电力
2020-05-29,39.56,sh600900,长江电力
2020-06-01,40.28,sh600900,长江电力
2020-06-02,40.63,sh600900,长江电力
2020-06-03,40.91,sh600900,长江电力
2020-06-04,40.28,sh600900,长江电力
2020-06-05,40.19,sh600900,长江电力
2020-06-08,40.44,sh600900,长江电力
2020-06-09,40.66,sh600900,长江电力
2020-06-10,40.4,sh600900,长江电力
2020-06-11,39.93,sh600900,长江电力
2020-06-12,39.81,sh600900,长江电力
2020-06-15,39.28,sh600900,长江电力
2020-06-16,40.0,sh600900,长江电力
2020-06-17,40.49,sh600900,长江电力
2020-06-18,40.96,sh600900,长江电力
2020-06-19,40.93,sh600900,长江电力
2020-06-22,41.0,sh600900,长江电力
2020-06-23,41.94,sh600900,长江电力
2020-06-24,42.54,sh600900,长江电力
2020-06-29,42.34,sh600900,长江电力
2020-06-30,42.27,sh600900,长江电力
2020-07-01,43.17,sh600900,长江电力
2020-07-02,42.64,sh600900,长江电力
2020-07-03,42.54,sh600900,长江电力
2020-07-06,42.92,sh600900,长江电力
2020-07-07,42.94,sh600900,长江电力
2020-07-08,42.69,sh600900,长江电力
2020-07-09,42.43,sh600900,长江电力
2020-07-10,42.19,sh600900,长江电力
2020-07-13,42.66,sh600900,长江电力
2020-07-14,43.1,sh600900,长江电力
2020-07-15,44.06,sh600900,长江电力
2020-07-16,42.61,sh600900,长江电力
2020-07-17,42.89,sh600900,长江电力
2020-07-20,42.94,sh600900,长江电力
2020-07-21,42.99,sh600900,长江电力
2020-07-22,42.99,sh600900,长江电力
2020-07-23,42.97,sh600900,长江电力
2020-07-24,42.17,sh600900,长江电力
2020-07-27,42.75,sh600900,长江电力
2020-07-28,42.97,sh600900,长江电力
2020-07-29,42.82,sh600900,长江电力
2020-07-30,42.4,sh600900,长江电力
2020-07-31,42.47,sh600900,长江电力
2020-08-03,42.4,sh600900,长江电力
2020-08-04,42.43,sh600900,长江电力
2020-08-05,42.12,sh600900,长江电力
2020-08-06,41.94,sh600900,长江电力
2020-08-07,41.96,sh600900,长江电力
2020-08-10,41.92,sh600900,长江电力
2020-08-11,41.94,sh600900,长江电力
2020-08-12,41.85,sh600900,长江电力
2020-08-13,41.85,sh600900,长江电力
2020-08-14,42.19,sh600900,长江电力
2020-08-17,42.47,sh600900,长江电力
2020-08-18,42.24,sh600900,长江电力
2020-08-19,42.75,sh600900,长江电力
2020-08-20,43.53,sh600900,长江电力
2020-08-21,43.55,sh600900,长江电力
2020-08-24,43.41,sh600900,长江电力
2020-08-25,42.78,sh600900,长江电力
2020-08-26,43.08,sh600900,长江电力
2020-08-27,42.99,sh600900,长江电力
2020-08-28,43.55,sh600900,长江电力
2020-08-31,44.09,sh600900,长江电力
2020-09-01,44.5,sh600900,长江电力
2020-09-02,44.71,sh600900,长江电力
2020-09-03,45.36,sh600900,长江电力
2020-09-04,45.34,sh600900,长江电力
2020-09-07,45.46,sh600900,长江电力
2020-09-08,45.32,sh600900,长江电力
2020-09-09,45.3,sh600900,长江电力
2020-09-10,45.44,sh600900,长江电力
2020-09-11,45.95,sh600900,长江电力
2020-09-14,46.9,sh600900,长江电力
2020-09-15,46.35,sh600900,长江电力
2020-09-16,46.39,sh600900,长江电力
2020-09-17,46.06,sh600900,长江电力
2020-09-18,46.56,sh600900,长江电力
2020-09-21,45.88,sh600900,长江电力
2020-09-22,45.41,sh600900,长江电力
2020-09-23,45.34,sh600900,长江电力
2020-09-24,44.27,sh600900,长江电力
2020-09-25,43.32,sh600900,长江电力
2020-09-28,43.66,sh600900,长江电力
2020-09-29,43.64,sh600900,长江电力
2020-09-30,43.8,sh600900,长江电力
2020-10-09,43.5,sh600900,长江电力
2020-10-12,44.01,sh600900,长江电力
2020-10-13,44.15,sh600900,长江电力
2020-10-14,43.78,sh600900,长江电力
2020-10-15,43.62,sh600900,长江电力
2020-10-16,43.41,sh600900,长江电力
2020-10-19,43.25,sh600900,长江电力
2020-10-20,43.29,sh600900,长江电力
2020-10-21,43.57,sh600900,长江电力
2020-10-22,43.57,sh600900,长江电力
2020-10-23,43.1,sh600900,长江电力
2020-10-26,43.55,sh600900,长江电力
2020-10-27,43.73,sh600900,长江电力
2020-10-28,43.8,sh600900,长江电力
2020-10-29,43.39,sh600900,长江电力
2020-10-30,43.5,sh600900,长江电力
2020-11-02,44.95,sh600900,长江电力
2020-11-03,45.32,sh600900,长江电力
2020-11-04,45.23,sh600900,长江电力
2020-11-05,45.93,sh600900,长江电力
2020-11-06,45.95,sh600900,长江电力
2020-11-09,45.95,sh600900,长江电力
2020-11-10,45.71,sh600900,长江电力
2020-11-11,46.27,sh600900,长江电力
2020-11-12,46.39,sh600900,长江电力
2020-11-13,45.95,sh600900,长江电力
2020-11-16,45.29,sh600900,长江电力
2020-11-17,44.53,sh600900,长江电力
2020-11-18,44.92,sh600900,长江电力
2020-11-19,45.04,sh600900,长江电力
2020-11-20,44.99,sh600900,长江电力
2020-11-23,45.15,sh600900,长江电力
2020-11-24,44.81,sh600900,长江电力
2020-11-25,44.37,sh600900,长江电力
2020-11-26,45.72,sh600900,长江电力
2020-11-27,45.86,sh600900,长江电力
2020-11-30,45.51,sh600900,长江电力
2020-12-01,45.85,sh600900,长江电力
2020-12-02,45.67,sh600900,长江电力
2020-12-03,45.74,sh600900,长江电力
2020-12-04,45.53,sh600900,长江电力
2020-12-07,44.97,sh600900,长江电力
2020-12-08,45.02,sh600900,长江电力
2020-12-09,45.48,sh600900,长江电力
2020-12-10,45.23,sh600900,长江电力
2020-12-11,45.34,sh600900,长江电力
2020-12-14,44.92,sh600900,长江电力
2020-12-15,44.5,sh600900,长江电力
2020-12-16,44.9,sh600900,长江电力
2020-12-17,45.0,sh600900,长江电力
2020-12-18,44.88,sh600900,长江电力
2020-12-21,44.58,sh600900,长江电力
2020-12-22,43.83,sh600900,长江电力
2020-12-23,43.66,sh600900,长江电力
2020-12-24,43.53,sh600900,长江电力
2020-12-25,44.13,sh600900,长江电力
2020-12-28,43.8,sh600900,长江电力
2020-12-29,43.53,sh600900,长江电力
2020-12-30,43.62,sh600900,长江电力
2020-12-31,43.85,sh600900,长江电力
2021-01-04,43.39,sh600900,长江电力
2021-01-05,43.38,sh600900,长江电力
2021-01-06,43.94,sh600900,长江电力
2021-01-07,43.97,sh600900,长江电力
2021-01-08,44.16,sh600900,长江电力
2021-01-11,43.74,sh600900,长江电力
2021-01-12,43.85,sh600900,长江电力
2021-01-13,44.3,sh600900,长江电力
2021-01-14,43.88,sh600900,长江电力
2021-01-15,43.92,sh600900,长江电力
2021-01-18,43.74,sh600900,长江电力
2021-01-19,44.27,sh600900,长江电力
2021-01-20,43.74,sh600900,长江电力
2021-01-21,43.8,sh600900,长江电力
2021-01-22,43.41,sh600900,长江电力
2021-01-25,43.39,sh600900,长江电力
2021-01-26,43.55,sh600900,长江电力
2021-01-27,43.85,sh600900,长江电力
2021-01-28,45.32,sh600900,长江电力
2021-01-29,44.76,sh600900,长江电力
2021-02-01,44.32,sh600900,长江电力
2021-02-02,44.46,sh600900,长江电力
2021-02-03,44.41,sh600900,长江电力
2021-02-04,44.48,sh600900,长江电力
2021-02-05,44.32,sh600900,长江电力
2021-02-08,44.44,sh600900,长江电力
2021-02-09,44.06,sh600900,长江电力
2021-02-10,44.78,sh600900,长江电力
2021-02-18,44.67,sh600900,长江电力
2021-02-19,45.29,sh600900,长江电力
2021-02-22,44.55,sh600900,长江电力
2021-02-23,44.85,sh600900,长江电力
2021-02-24,44.64,sh600900,长江电力
2021-02-25,44.97,sh600900,长江电力
2021-02-26,44.88,sh600900,长江电力
2021-03-01,44.74,sh600900,长江电力
2021-03-02,44.88,sh600900,长江电力
2021-03-03,45.37,sh600900,长江电力
2021-03-04,45.79,sh600900,长江电力
2021-03-05,45.67,sh600900,长江电力
2021-03-08,45.67,sh600900,长江电力
2021-03-09,45.76,sh600900,长江电力
2021-03-10,45.15,sh600900,长江电力
2021-03-11,45.67,sh600900,长江电力
2021-03-12,47.63,sh600900,长江电力
2021-03-15,46.97,sh600900,长江电力
2021-03-16,46.91,sh600900,长江电力
2021-03-17,46.06,sh600900,长江电力
2021-03-18,46.07,sh600900,长江电力
2021-03-19,46.14,sh600900,长江电力
2021-03-22,47.44,sh600900,长江电力
2021-03-23,47.02,sh600900,长江电力
2021-03-24,46.69,sh600900,长江电力
2021-03-25,47.18,sh600900,长江电力
2021-03-26,46.77,sh600900,长江电力
2021-03-29,47.53,sh600900,长江电力
2021-03-30,47.84,sh600900,长江电力
2021-03-31,47.84,sh600900,长江电力
2021-04-01,48.17,sh600900,长江电力
2021-04-02,47.28,sh600900,长江电力
2021-04-06,46.98,sh600900,长江电力
2021-04-07,47.3,sh600900,长江电力
2021-04-08,46.83,sh600900,长江电力
2021-04-09,46.81,sh600900,长江电力
2021-04-12,47.4,sh600900,长江电力
2021-04-13,47.11,sh600900,长江电力
2021-04-14,46.65,sh600900,长江电力
2021-04-15,45.88,sh600900,长江电力
2021-04-16,46.14,sh600900,长江电力
2021-04-19,46.21,sh600900,长江电力
2021-04-20,46.39,sh600900,长江电力
2021-04-21,46.37,sh600900,长江电力
2021-04-22,46.02,sh600900,长江电力
2021-04-23,45.99,sh600900,长江电力
2021-04-26,45.6,sh600900,长江电力
2021-04-27,45.53,sh600900,长江电力
2021-04-28,45.53,sh600900,长江电力
2021-04-29,45.55,sh600900,长江电力
2021-04-30,45.27,sh600900,长江电力
2021-05-06,45.13,sh600900,长江电力
2021-05-07,44.9,sh600900,长江电力
2021-05-10,44.74,sh600900,长江电力
2021-05-11,45.13,sh600900,长江电力
2021-05-12,44.92,sh600900,长江电力
2021-05-13,44.9,sh600900,长江电力
2021-05-14,44.71,sh600900,长江电力
2021-05-17,44.9,sh600900,长江电力
2021-05-18,44.95,sh600900,长江电力
2021-05-19,44.64,sh600900,长江电力
2021-05-20,44.32,sh600900,长江电力
2021-05-21,44.62,sh600900,长江电力
2021-05-24,44.23,sh600900,长江电力
2021-05-25,44.99,sh600900,长江电力
2021-05-26,44.3,sh600900,长江电力
2021-05-27,44.34,sh600900,长江电力
2021-05-28,44.74,sh600900,长江电力
2021-05-31,45.07,sh600900,长江电力
2021-06-01,45.2,sh600900,长江电力
2021-06-02,45.0,sh600900,长江电力
2021-06-03,45.15,sh600900,长江电力
2021-06-04,45.09,sh600900,长江电力
2021-06-07,44.86,sh600900,长江电力
2021-06-08,45.0,sh600900,长江电力
2021-06-09,45.88,sh600900,长江电力
2021-06-10,45.88,sh600900,长江电力
2021-06-11,46.53,sh600900,长江电力
2021-06-15,46.07,sh600900,长江电力
2021-06-16,46.02,sh600900,长江电力
2021-06-17,46.02,sh600900,长江电力
2021-06-18,45.46,sh600900,长江电力
2021-06-21,45.22,sh600900,长江电力
2021-06-22,45.58,sh600900,长江电力
2021-06-23,45.79,sh600900,长江电力
2021-06-24,46.02,sh600900,长江电力
2021-06-25,46.44,sh600900,长江电力
2021-06-28,47.02,sh600900,长江电力
2021-06-29,46.2,sh600900,长江电力
2021-06-30,46.44,sh600900,长江电力
2021-07-01,46.88,sh600900,长江电力
2021-07-02,45.85,sh600900,长江电力
2021-07-05,45.55,sh600900,长江电力
2021-07-06,45.79,sh600900,长江电力
2021-07-07,45.86,sh600900,长江电力
2021-07-08,45.86,sh600900,长江电力
2021-07-09,45.86,sh600900,长江电力
2021-07-12,45.25,sh600900,长江电力
2021-07-13,45.65,sh600900,长江电力
2021-07-14,45.69,sh600900,长江电力
2021-07-15,45.81,sh600900,长江电力
2021-07-16,45.3,sh600900,长江电力
2021-07-19,45.5,sh600900,长江电力
2021-07-20,45.3,sh600900,长江电力
2021-07-21,44.81,sh600900,长江电力
2021-07-22,44.51,sh600900,长江电力
2021-07-23,44.43,sh600900,长江电力
2021-07-26,44.51,sh600900,长江电力
2021-07-27,43.62,sh600900,长江电力
2021-07-28,44.37,sh600900,长江电力
2021-07-29,44.08,sh600900,长江电力
2021-07-30,44.79,sh600900,长江电力
2021-08-02,44.62,sh600900,长江电力
2021-08-03,44.58,sh600900,长江电力
2021-08-04,44.9,sh600900,长江电力
2021-08-05,45.06,sh600900,长江电力
2021-08-06,44.88,sh600900,长江电力
2021-08-09,45.41,sh600900,长江电力
2021-08-10,45.76,sh600900,长江电力
2021-08-11,45.79,sh600900,长江电力
2021-08-12,46.0,sh600900,长江电力
2021-08-13,45.85,sh600900,长江电力
2021-08-16,46.14,sh600900,长江电力
2021-08-17,45.9,sh600900,长江电力
2021-08-18,46.0,sh600900,长江电力
2021-08-19,46.41,sh600900,长江电力
2021-08-20,46.28,sh600900,长江电力
2021-08-23,46.55,sh600900,长江电力
2021-08-24,46.28,sh600900,长江电力
2021-08-25,46.07,sh600900,长江电力
2021-08-26,45.67,sh600900,长江电力
2021-08-27,45.72,sh600900,长江电力
2021-08-30,44.95,sh600900,长江电力
2021-08-31,45.39,sh600900,长江电力
2021-09-01,46.23,sh600900,长江电力
2021-09-02,46.51,sh600900,长江电力
2021-09-03,46.65,sh600900,长江电力
2021-09-06,46.58,sh600900,长江电力
2021-09-07,46.6,sh600900,长江电力
2021-09-08,47.12,sh600900,长江电力
2021-09-09,47.23,sh600900,长江电力
2021-09-10,47.25,sh600900,长江电力
2021-09-13,47.21,sh600900,长江电力
2021-09-14,46.7,sh600900,长江电力
2021-09-15,46.04,sh600900,长江电力
2021-09-16,46.13,sh600900,长江电力
2021-09-17,47.09,sh600900,长江电力
2021-09-22,48.93,sh600900,长江电力
2021-09-23,48.7,sh600900,长江电力
2021-09-24,48.45,sh600900,长江电力
2021-09-27,49.31,sh600900,长江电力
2021-09-28,49.68,sh600900,长江电力
2021-09-29,50.26,sh600900,长江电力
2021-09-30,50.05,sh600900,长江电力
2021-10-08,49.96,sh600900,长江电力
2021-10-11,49.38,sh600900,长江电力
2021-10-12,48.87,sh600900,长江电力
2021-10-13,48.03,sh600900,长江电力
2021-10-14,47.74,sh600900,长江电力
2021-10-15,48.03,sh600900,长江电力
2021-10-18,48.4,sh600900,长江电力
2021-10-19,48.84,sh600900,长江电力
2021-10-20,48.28,sh600900,长江电力
2021-10-21,48.42,sh600900,长江电力
2021-10-22,48.3,sh600900,长江电力
2021-10-25,48.35,sh600900,长江电力
2021-10-26,48.58,sh600900,长江电力
2021-10-27,48.77,sh600900,长江电力
2021-10-28,48.52,sh600900,长江电力
2021-10-29,48.73,sh600900,长江电力
2021-11-01,48.96,sh600900,长江电力
2021-11-02,48.21,sh600900,长江电力
2021-11-03,48.59,sh600900,长江电力
2021-11-04,48.4,sh600900,长江电力
2021-11-05,47.7,sh600900,长江电力
2021-11-08,47.16,sh600900,长江电力
2021-11-09,47.14,sh600900,长江电力
2021-11-10,46.81,sh600900,长江电力
2021-11-11,46.77,sh600900,长江电力
2021-11-12,46.49,sh600900,长江电力
2021-11-15,46.84,sh600900,长江电力
2021-11-16,46.55,sh600900,长江电力
2021-11-17,46.65,sh600900,长江电力
2021-11-18,46.62,sh600900,长江电力
2021-11-19,46.91,sh600900,长江电力
2021-11-22,46.53,sh600900,长江电力
2021-11-23,46.51,sh600900,长江电力
2021-11-24,46.18,sh600900,长江电力
2021-11-25,46.18,sh600900,长江电力
2021-11-26,45.72,sh600900,长江电力
2021-12-13,48.05,sh600900,长江电力
2021-12-14,49.49,sh600900,长江电力
2021-12-15,49.75,sh600900,长江电力
2021-12-16,50.08,sh600900,长江电力
2021-12-17,49.89,sh600900,长江电力
2021-12-20,49.61,sh600900,长江电力
2021-12-21,50.01,sh600900,长江电力
2021-12-22,50.06,sh600900,长江电力
2021-12-23,50.4,sh600900,长江电力
2021-12-24,50.69,sh600900,长江电力
2021-12-27,50.66,sh600900,长江电力
2021-12-28,50.69,sh600900,长江电力
2021-12-29,50.48,sh600900,长江电力
2021-12-30,50.97,sh600900,长江电力
2021-12-31,51.27,sh600900,长江电力
2022-01-04,51.52,sh600900,长江电力
2022-01-05,51.43,sh600900,长江电力
2022-01-06,50.06,sh600900,长江电力
2022-01-07,50.33,sh600900,长江电力
2022-01-10,50.75,sh600900,长江电力
2022-01-11,50.92,sh600900,长江电力
2022-01-12,50.52,sh600900,长江电力
2022-01-13,50.68,sh600900,长江电力
2022-01-14,50.83,sh600900,长江电力
2022-01-17,51.13,sh600900,长江电力
2022-01-18,51.55,sh600900,长江电力
2022-01-19,51.71,sh600900,长江电力
2022-01-20,51.94,sh600900,长江电力
2022-01-21,51.76,sh600900,长江电力
2022-01-24,51.54,sh600900,长江电力
2022-01-25,50.82,sh600900,长江电力
2022-01-26,51.04,sh600900,长江电力
2022-01-27,50.71,sh600900,长江电力
2022-01-28,49.91,sh600900,长江电力
2022-02-07,50.73,sh600900,长江电力
2022-02-08,52.18,sh600900,长江电力
2022-02-09,52.38,sh600900,长江电力
2022-02-10,53.16,sh600900,长江电力
2022-02-11,53.09,sh600900,长江电力
2022-02-14,52.48,sh600900,长江电力
2022-02-15,51.97,sh600900,长江电力
2022-02-16,51.96,sh600900,长江电力
2022-02-17,52.22,sh600900,长江电力
2022-02-18,52.2,sh600900,长江电力
2022-02-21,51.89,sh600900,长江电力
2022-02-22,51.52,sh600900,长江电力
2022-02-23,51.45,sh600900,长江电力
2022-02-24,51.2,sh600900,长江电力
2022-02-25,51.36,sh600900,长江电力
2022-02-28,52.11,sh600900,长江电力
2022-03-01,52.27,sh600900,长江电力
2022-03-02,52.8,sh600900,长江电力
2022-03-03,53.46,sh600900,长江电力
2022-03-04,53.46,sh600900,长江电力
2022-03-07,53.23,sh600900,长江电力
2022-03-08,52.15,sh600900,长江电力
2022-03-09,51.76,sh600900,长江电力
2022-03-10,51.29,sh600900,长江电力
2022-03-11,51.1,sh600900,长江电力
2022-03-14,50.92,sh600900,长江电力
2022-03-15,48.56,sh600900,长江电力
2022-03-16,50.71,sh600900,长江电力
2022-03-17,49.87,sh600900,长江电力
2022-03-18,49.66,sh600900,长江电力
2022-03-21,49.43,sh600900,长江电力
2022-03-22,50.12,sh600900,长江电力
2022-03-23,49.85,sh600900,长江电力
2022-03-24,49.29,sh600900,长江电力
2022-03-25,48.84,sh600900,长江电力
2022-03-28,49.61,sh600900,长江电力
2022-03-29,49.71,sh600900,长江电力
2022-03-30,49.87,sh600900,长江电力
2022-03-31,50.05,sh600900,长江电力
2022-04-01,50.43,sh600900,长江电力
2022-04-06,50.68,sh600900,长江电力
2022-04-07,51.22,sh600900,长江电力
2022-04-08,52.15,sh600900,长江电力
2022-04-11,51.69,sh600900,长江电力
2022-04-12,51.87,sh600900,长江电力
2022-04-13,51.96,sh600900,长江电力
2022-04-14,52.22,sh600900,长江电力
2022-04-15,52.5,sh600900,长江电力
2022-04-18,51.71,sh600900,长江电力
2022-04-19,52.13,sh600900,长江电力
2022-04-20,52.41,sh600900,长江电力
2022-04-21,52.74,sh600900,长江电力
2022-04-22,53.01,sh600900,长江电力
2022-04-25,51.66,sh600900,长江电力
2022-04-26,52.13,sh600900,长江电力
2022-04-27,51.59,sh600900,长江电力
2022-04-28,51.82,sh600900,长江电力
2022-04-29,51.31,sh600900,长江电力
2022-05-05,51.94,sh600900,长江电力
2022-05-06,51.31,sh600900,长江电力
2022-05-09,50.64,sh600900,长江电力
2022-05-10,51.52,sh600900,长江电力
2022-05-11,51.01,sh600900,长江电力
2022-05-12,50.59,sh600900,长江电力
2022-05-13,52.2,sh600900,长江电力
2022-05-16,51.78,sh600900,长江电力
2022-05-17,51.8,sh600900,长江电力
2022-05-18,51.41,sh600900,长江电力
2022-05-19,52.29,sh600900,长江电力
2022-05-20,52.32,sh600900,长江电力
2022-05-23,51.62,sh600900,长江电力
2022-05-24,51.61,sh600900,长江电力
2022-05-25,52.17,sh600900,长江电力
2022-05-26,53.2,sh600900,长江电力
2022-05-27,53.06,sh600900,长江电力
2022-05-30,53.09,sh600900,长江电力
2022-05-31,53.58,sh600900,长江电力
2022-06-01,53.95,sh600900,长江电力
2022-06-02,53.41,sh600900,长江电力
2022-06-06,53.78,sh600900,长江电力
2022-06-07,52.97,sh600900,长江电力
2022-06-08,53.15,sh600900,长江电力
2022-06-09,53.04,sh600900,长江电力
2022-06-10,53.58,sh600900,长江电力
2022-06-13,52.29,sh600900,长江电力
2022-06-14,53.55,sh600900,长江电力
2022-06-15,52.97,sh600900,长江电力
2022-06-16,52.2,sh600900,长江电力
2022-06-17,52.85,sh600900,长江电力
2022-06-20,52.03,sh600900,长江电力
2022-06-21,52.06,sh600900,长江电力
2022-06-22,52.15,sh600900,长江电力
2022-06-23,51.97,sh600900,长江电力
2022-06-24,52.45,sh600900,长江电力
2022-06-27,52.34,sh600900,长江电力
2022-06-28,51.99,sh600900,长江电力
2022-06-29,52.06,sh600900,长江电力
2022-06-30,52.01,sh600900,长江电力
2022-07-01,54.11,sh600900,长江电力
2022-07-04,54.16,sh600900,长江电力
2022-07-05,53.97,sh600900,长江电力
2022-07-06,53.65,sh600900,长江电力
2022-07-07,53.72,sh600900,长江电力
2022-07-08,53.9,sh600900,长江电力
2022-07-11,54.76,sh600900,长江电力
2022-07-12,55.12,sh600900,长江电力
2022-07-13,55.25,sh600900,长江电力
2022-07-14,55.05,sh600900,长江电力
2022-07-15,54.07,sh600900,长江电力
2022-07-18,55.21,sh600900,长江电力
2022-07-19,55.39,sh600900,长江电力
2022-07-20,55.19,sh600900,长江电力
2022-07-21,54.99,sh600900,长江电力
2022-07-22,55.2,sh600900,长江电力
2022-07-25,55.15,sh600900,长江电力
2022-07-26,55.15,sh600900,长江电力
2022-07-27,54.84,sh600900,长江电力
2022-07-28,54.8,sh600900,长江电力
2022-07-29,54.77,sh600900,长江电力
2022-08-01,54.59,sh600900,长江电力
2022-08-02,54.31,sh600900,长江电力
2022-08-03,54.0,sh600900,长江电力
2022-08-04,54.71,sh600900,长江电力
2022-08-05,55.12,sh600900,长江电力
2022-08-08,55.22,sh600900,长江电力
2022-08-09,55.03,sh600900,长江电力
2022-08-10,54.78,sh600900,长江电力
2022-08-11,54.98,sh600900,长江电力
2022-08-12,55.38,sh600900,长江电力
2022-08-15,54.99,sh600900,长江电力
2022-08-16,54.8,sh600900,长江电力
2022-08-17,54.21,sh600900,长江电力
2022-08-18,53.93,sh600900,长江电力
2022-08-19,54.26,sh600900,长江电力
2022-08-22,54.07,sh600900,长江电力
2022-08-23,53.63,sh600900,长江电力
2022-08-24,53.51,sh600900,长江电力
2022-08-25,54.26,sh600900,长江电力
2022-08-26,53.91,sh600900,长江电力
2022-08-29,53.75,sh600900,长江电力
2022-08-30,53.72,sh600900,长江电力
2022-08-31,54.94,sh600900,长江电力
2022-09-01,54.82,sh600900,长江电力
2022-09-02,54.66,sh600900,长江电力
2022-09-05,54.66,sh600900,长江电力
2022-09-06,54.54,sh600900,长江电力
2022-09-07,54.22,sh600900,长江电力
2022-09-08,54.36,sh600900,长江电力
2022-09-09,54.82,sh600900,长江电力
2022-09-13,54.61,sh600900,长江电力
2022-09-14,54.45,sh600900,长江电力
2022-09-15,54.49,sh600900,长江电力
2022-09-16,54.03,sh600900,长江电力
2022-09-19,54.07,sh600900,长江电力
2022-09-20,53.96,sh600900,长江电力
2022-09-21,53.98,sh600900,长江电力
2022-09-22,53.96,sh600900,长江电力
2022-09-23,53.8,sh600900,长江电力
2022-09-26,53.31,sh600900,长江电力
2022-09-27,52.7,sh600900,长江电力
2022-09-28,52.28,sh600900,长江电力
2022-09-29,52.17,sh600900,长江电力
2022-09-30,52.77,sh600900,长江电力
2022-10-10,53.86,sh600900,长江电力
2022-10-11,53.96,sh600900,长江电力
2022-10-12,53.59,sh600900,长江电力
2022-10-13,53.3,sh600900,长江电力
2022-10-14,53.16,sh600900,长江电力
2022-10-17,52.8,sh600900,长江电力
2022-10-18,52.44,sh600900,长江电力
2022-10-19,52.12,sh600900,长江电力
2022-10-20,52.07,sh600900,长江电力
2022-10-21,52.19,sh600900,长江电力
2022-10-24,51.18,sh600900,长江电力
2022-10-25,51.49,sh600900,长江电力
2022-10-27,49.71,sh600900,长江电力
2022-10-28,49.16,sh600900,长江电力
2022-10-31,48.43,sh600900,长江电力
2022-11-01,48.53,sh600900,长江电力
2022-11-02,48.78,sh600900,长江电力
2022-11-03,47.94,sh600900,长江电力
2022-11-04,48.22,sh600900,长江电力
2022-11-07,48.22,sh600900,长江电力
2022-11-08,48.06,sh600900,长江电力
2022-11-09,48.18,sh600900,长江电力
2022-11-10,47.97,sh600900,长江电力
2022-11-11,48.76,sh600900,长江电力
2022-11-14,48.27,sh600900,长江电力
2022-11-15,49.74,sh600900,长江电力
2022-11-16,49.81,sh600900,长江电力
2022-11-17,50.18,sh600900,长江电力
2022-11-18,49.81,sh600900,长江电力
2022-11-21,49.88,sh600900,长江电力
2022-11-22,50.34,sh600900,长江电力
2022-11-23,50.35,sh600900,长江电力
2022-11-24,50.39,sh600900,长江电力
2022-11-25,51.14,sh600900,长江电力
2022-11-28,50.6,sh600900,长江电力
2022-11-29,50.37,sh600900,长江电力
2022-11-30,50.11,sh600900,长江电力
2022-12-01,50.09,sh600900,长江电力
2022-12-02,50.37,sh600900,长江电力
2022-12-05,50.69,sh600900,长江电力
2022-12-06,50.2,sh600900,长江电力
2022-12-07,49.58,sh600900,长江电力
2022-12-08,49.55,sh600900,长江电力
2022-12-09,49.58,sh600900,长江电力
2022-12-12,49.16,sh600900,长江电力
2022-12-13,49.09,sh600900,长江电力
2022-12-14,49.11,sh600900,长江电力
2022-12-15,48.88,sh600900,长江电力
2022-12-16,49.48,sh600900,长江电力
2022-12-19,48.76,sh600900,长江电力
2022-12-20,48.64,sh600900,长江电力
2022-12-21,48.78,sh600900,长江电力
2022-12-22,48.6,sh600900,长江电力
2022-12-23,48.69,sh600900,长江电力
2022-12-26,48.62,sh600900,长江电力
2022-12-27,48.92,sh600900,长江电力
2022-12-28,49.15,sh600900,长江电力
2022-12-29,49.37,sh600900,长江电力
2022-12-30,49.72,sh600900,长江电力
2023-01-03,49.57,sh600900,长江电力
2023-01-04,49.43,sh600900,长江电力
2023-01-05,49.32,sh600900,长江电力
2023-01-06,49.53,sh600900,长江电力
2023-01-09,49.34,sh600900,长江电力
2023-01-10,49.08,sh600900,长江电力
2023-01-11,49.41,sh600900,长江电力
2023-01-12,49.16,sh600900,长江电力
2023-01-13,49.6,sh600900,长江电力
2023-01-16,49.67,sh600900,长江电力
2023-01-17,49.16,sh600900,长江电力
2023-01-18,49.2,sh600900,长江电力
2023-01-19,48.71,sh600900,长江电力
2023-01-20,49.78,sh600900,长江电力
2023-01-30,49.57,sh600900,长江电力
2023-01-31,49.36,sh600900,长江电力
2023-02-01,49.36,sh600900,长江电力
2023-02-02,49.64,sh600900,长江电力
2023-02-03,49.58,sh600900,长江电力
2023-02-06,49.69,sh600900,长江电力
2023-02-07,50.25,sh600900,长江电力
2023-02-08,50.37,sh600900,长江电力
2023-02-09,50.23,sh600900,长江电力
2023-02-10,50.09,sh600900,长江电力
2023-02-13,49.92,sh600900,长江电力
2023-02-14,50.0,sh600900,长江电力
2023-02-15,49.81,sh600900,长江电力
2023-02-16,49.64,sh600900,长江电力
2023-02-17,49.3,sh600900,长江电力
2023-02-20,50.04,sh600900,长江电力
2023-02-21,50.2,sh600900,长江电力
2023-02-22,49.97,sh600900,长江电力
2023-02-23,49.88,sh600900,长江电力
2023-02-24,49.76,sh600900,长江电力
2023-02-27,49.64,sh600900,长江电力
2023-02-28,50.0,sh600900,长江电力
2023-03-01,50.16,sh600900,长江电力
2023-03-02,50.14,sh600900,长江电力
2023-03-03,50.3,sh600900,长江电力
2023-03-06,50.18,sh600900,长江电力
2023-03-07,49.95,sh600900,长江电力
2023-03-08,49.65,sh600900,长江电力
2023-03-09,49.37,sh600900,长江电力
2023-03-10,49.29,sh600900,长江电力
2023-03-13,49.62,sh600900,长江电力
2023-03-14,49.85,sh600900,长江电力
2023-03-15,49.74,sh600900,长江电力
2023-03-16,50.09,sh600900,长江电力
2023-03-17,50.07,sh600900,长江电力
2023-03-20,49.64,sh600900,长江电力
2023-03-21,49.62,sh600900,长江电力
2023-03-22,49.67,sh600900,长江电力
2023-03-23,49.58,sh600900,长江电力
2023-03-24,49.34,sh600900,长江电力
2023-03-27,48.53,sh600900,长江电力
2023-03-28,48.29,sh600900,长江电力
2023-03-29,49.23,sh600900,长江电力
2023-03-30,50.11,sh600900,长江电力
2023-03-31,50.16,sh600900,长江电力
2023-04-03,49.9,sh600900,长江电力
2023-04-04,50.2,sh600900,长江电力
2023-04-06,50.07,sh600900,长江电力
2023-04-07,49.86,sh600900,长江电力
2023-04-10,50.14,sh600900,长江电力
2023-04-11,50.21,sh600900,长江电力
2023-04-12,50.42,sh600900,长江电力
2023-04-13,49.99,sh600900,长江电力
2023-04-14,50.09,sh600900,长江电力
2023-04-17,50.25,sh600900,长江电力
2023-04-18,50.18,sh600900,长江电力
2023-04-19,49.86,sh600900,长江电力
2023-04-20,49.95,sh600900,长江电力
2023-04-21,49.83,sh600900,长江电力
2023-04-24,49.78,sh600900,长江电力
2023-04-25,50.02,sh600900,长江电力
2023-04-26,50.04,sh600900,长江电力
2023-04-27,51.28,sh600900,长江电力
2023-04-28,51.26,sh600900,长江电力
2023-05-04,52.45,sh600900,长江电力
2023-05-05,51.65,sh600900,长江电力
2023-05-08,52.07,sh600900,长江电力
2023-05-09,52.79,sh600900,长江电力
2023-05-10,52.16,sh600900,长江电力
2023-05-11,52.88,sh600900,长江电力
2023-05-12,53.07,sh600900,长江电力
2023-05-15,53.23,sh600900,长江电力
2023-05-16,53.16,sh600900,长江电力
2023-05-17,53.02,sh600900,长江电力
2023-05-18,53.37,sh600900,长江电力
2023-05-19,52.91,sh600900,长江电力
2023-05-22,53.63,sh600900,长江电力
2023-05-23,53.3,sh600900,长江电力
2023-05-24,52.58,sh600900,长江电力
2023-05-25,52.7,sh600900,长江电力
2023-05-26,52.45,sh600900,长江电力
2023-05-29,53.03,sh600900,长江电力
2023-05-30,52.79,sh600900,长江电力
2023-05-31,52.37,sh600900,长江电力
2023-06-01,52.14,sh600900,长江电力
2023-06-02,52.05,sh600900,长江电力
2023-06-05,52.26,sh600900,长江电力
2023-06-06,52.03,sh600900,长江电力
2023-06-07,52.07,sh600900,长江电力
2023-06-08,52.63,sh600900,长江电力
2023-06-09,52.98,sh600900,长江电力
2023-06-12,52.14,sh600900,长江电力
2023-06-13,52.0,sh600900,长江电力
2023-06-14,51.91,sh600900,长江电力
2023-06-15,51.96,sh600900,长江电力
2023-06-16,51.82,sh600900,长江电力
2023-06-19,51.79,sh600900,长江电力
2023-06-20,51.63,sh600900,长江电力
2023-06-21,51.65,sh600900,长江电力
2023-06-26,51.89,sh600900,长江电力
2023-06-27,51.68,sh600900,长江电力
2023-06-28,52.31,sh600900,长江电力
2023-06-29,51.7,sh600900,长江电力
2023-06-30,51.58,sh600900,长江电力
2023-07-03,51.68,sh600900,长江电力
2023-07-04,51.56,sh600900,长江电力
2023-07-05,51.6,sh600900,长江电力
2023-07-06,51.47,sh600900,长江电力
2023-07-07,51.47,sh600900,长江电力
2023-07-10,51.47,sh600900,长江电力
2023-07-11,51.47,sh600900,长江电力
2023-07-12,51.72,sh600900,长江电力
2023-07-13,52.21,sh600900,长江电力
2023-07-14,52.3,sh600900,长江电力
2023-07-17,52.24,sh600900,长江电力
2023-07-18,52.19,sh600900,长江电力
2023-07-19,52.35,sh600900,长江电力
2023-07-20,52.17,sh600900,长江电力
2023-07-21,52.21,sh600900,长江电力
2023-07-24,52.14,sh600900,长江电力
2023-07-25,51.74,sh600900,长江电力
2023-07-26,51.84,sh600900,长江电力
2023-07-27,51.56,sh600900,长江电力
2023-07-28,51.76,sh600900,长江电力
2023-07-31,51.97,sh600900,长江电力
2023-08-01,52.42,sh600900,长江电力
2023-08-02,52.19,sh600900,长江电力
2023-08-03,52.32,sh600900,长江电力
2023-08-04,52.11,sh600900,长江电力
2023-08-07,52.77,sh600900,长江电力
2023-08-08,53.09,sh600900,长江电力
2023-08-09,53.1,sh600900,长江电力
2023-08-10,53.07,sh600900,长江电力
2023-08-11,52.47,sh600900,长江电力
2023-08-14,52.58,sh600900,长江电力
2023-08-15,52.95,sh600900,长江电力
2023-08-16,52.68,sh600900,长江电力
2023-08-17,53.12,sh600900,长江电力
2023-08-18,53.02,sh600900,长江电力
2023-08-21,52.65,sh600900,长江电力
2023-08-22,52.91,sh600900,长江电力
2023-08-23,52.82,sh600900,长江电力
2023-08-24,52.51,sh600900,长江电力
2023-08-25,53.19,sh600900,长江电力
2023-08-28,53.12,sh600900,长江电力
2023-08-29,52.77,sh600900,长江电力
2023-08-30,52.86,sh600900,长江电力
2023-08-31,53.02,sh600900,长江电力
2023-09-01,52.58,sh600900,长江电力
2023-09-04,52.33,sh600900,长江电力
2023-09-05,52.72,sh600900,长江电力
2023-09-06,52.58,sh600900,长江电力
2023-09-07,52.65,sh600900,长江电力
2023-09-08,52.63,sh600900,长江电力
2023-09-11,52.89,sh600900,长江电力
2023-09-12,53.03,sh600900,长江电力
2023-09-13,53.35,sh600900,长江电力
2023-09-14,54.12,sh600900,长江电力
2023-09-15,53.82,sh600900,长江电力
2023-09-18,53.63,sh600900,长江电力
2023-09-19,53.84,sh600900,长江电力
2023-09-20,53.89,sh600900,长江电力
2023-09-21,53.58,sh600900,长江电力
2023-09-22,53.75,sh600900,长江电力
2023-09-25,53.77,sh600900,长江电力
2023-09-26,53.63,sh600900,长江电力
2023-09-27,53.28,sh600900,长江电力
2023-09-28,53.33,sh600900,长江电力
2023-10-09,53.89,sh600900,长江电力
2023-10-10,53.98,sh600900,长江电力
2023-10-11,54.01,sh600900,长江电力
2023-10-12,54.0,sh600900,长江电力
2023-10-13,54.21,sh600900,长江电力
2023-10-16,54.28,sh600900,长江电力
2023-10-17,54.59,sh600900,长江电力
2023-10-18,54.58,sh600900,长江电力
2023-10-19,53.87,sh600900,长江电力
2023-10-20,53.52,sh600900,长江电力
2023-10-23,53.42,sh600900,长江电力
2023-10-24,53.96,sh600900,长江电力
2023-10-25,52.75,sh600900,长江电力
2023-10-26,53.49,sh600900,长江电力
2023-10-27,53.33,sh600900,长江电力
2023-10-30,53.7,sh600900,长江电力
2023-10-31,53.91,sh600900,长江电力
2023-11-01,54.07,sh600900,长江电力
2023-11-02,54.24,sh600900,长江电力
2023-11-03,54.15,sh600900,长江电力
2023-11-06,53.33,sh600900,长江电力
2023-11-07,53.38,sh600900,长江电力
2023-11-08,53.56,sh600900,长江电力
2023-11-09,53.91,sh600900,长江电力
2023-11-10,53.91,sh600900,长江电力
2023-11-13,53.84,sh600900,长江电力
2023-11-14,53.56,sh600900,长江电力
2023-11-15,53.96,sh600900,长江电力
2023-11-16,54.15,sh600900,长江电力
2023-11-17,54.0,sh600900,长江电力
2023-11-20,54.05,sh600900,长江电力
2023-11-21,54.14,sh600900,长江电力
2023-11-22,54.14,sh600900,长江电力
2023-11-23,54.0,sh600900,长江电力
2023-11-24,54.1,sh600900,长江电力
2023-11-27,53.98,sh600900,长江电力
2023-11-28,53.79,sh600900,长江电力
2023-11-29,53.72,sh600900,长江电力
2023-11-30,54.37,sh600900,长江电力
2023-12-01,54.19,sh600900,长江电力
2023-12-04,54.14,sh600900,长江电力
2023-12-05,53.93,sh600900,长江电力
2023-12-06,53.79,sh600900,长江电力
2023-12-07,53.96,sh600900,长江电力
2023-12-08,54.0,sh600900,长江电力
2023-12-11,54.35,sh600900,长江电力
2023-12-12,54.63,sh600900,长江电力
2023-12-13,54.65,sh600900,长江电力
2023-12-14,54.68,sh600900,长江电力
2023-12-15,54.28,sh600900,长江电力
2023-12-18,54.79,sh600900,长江电力
2023-12-19,54.75,sh600900,长江电力
2023-12-20,55.19,sh600900,长江电力
2023-12-21,54.93,sh600900,长江电力
2023-12-22,54.98,sh600900,长江电力
2023-12-25,55.36,sh600900,长江电力
2023-12-26,55.59,sh600900,长江电力
2023-12-27,55.59,sh600900,长江电力
2023-12-28,55.15,sh600900,长江电力
2023-12-29,55.26,sh600900,长江电力
2024-01-02,55.85,sh600900,长江电力
2024-01-03,55.99,sh600900,长江电力
2024-01-04,56.06,sh600900,长江电力
2024-01-05,55.96,sh600900,长江电力
2024-01-08,55.71,sh600900,长江电力
2024-01-09,55.61,sh600900,长江电力
2024-01-10,55.26,sh600900,长江电力
2024-01-11,54.98,sh600900,长江电力
2024-01-12,55.59,sh600900,长江电力
2024-01-15,55.54,sh600900,长江电力
2024-01-16,55.63,sh600900,长江电力
2024-01-17,55.22,sh600900,长江电力
2024-01-18,55.22,sh600900,长江电力
2024-01-19,55.54,sh600900,长江电力
2024-01-22,55.07,sh600900,长江电力
2024-01-23,55.1,sh600900,长江电力
2024-01-24,56.15,sh600900,长江电力
2024-01-25,56.31,sh600900,长江电力
2024-01-26,56.64,sh600900,长江电力
2024-01-29,56.89,sh600900,长江电力
2024-01-30,56.59,sh600900,长江电力
2024-01-31,57.11,sh600900,长江电力
2024-02-01,56.68,sh600900,长江电力
2024-02-02,56.9,sh600900,长江电力
2024-02-05,57.74,sh600900,长江电力
2024-02-06,57.67,sh600900,长江电力
2024-02-07,57.64,sh600900,长江电力
2024-02-08,57.53,sh600900,长江电力
2024-02-19,58.51,sh600900,长江电力
2024-02-20,59.11,sh600900,长江电力
2024-02-21,58.85,sh600900,长江电力
2024-02-22,59.13,sh600900,长江电力
2024-02-23,59.37,sh600900,长江电力
2024-02-26,58.08,sh600900,长江电力
2024-02-27,58.04,sh600900,长江电力
2024-02-28,58.69,sh600900,长江电力
2024-02-29,58.25,sh600900,长江电力
2024-03-01,58.16,sh600900,长江电力
2024-03-04,58.95,sh600900,长江电力
2024-03-05,59.81,sh600900,长江电力
2024-03-06,59.67,sh600900,长江电力
2024-03-07,59.74,sh600900,长江电力
2024-03-08,59.62,sh600900,长江电力
2024-03-11,59.49,sh600900,长江电力
2024-03-12,57.87,sh600900,长江电力
2024-03-13,57.97,sh600900,长江电力
2024-03-14,57.62,sh600900,长江电力
2024-03-15,57.66,sh600900,长江电力
2024-03-18,57.59,sh600900,长江电力
2024-03-19,57.67,sh600900,长江电力
2024-03-20,58.16,sh600900,长江电力
2024-03-21,58.06,sh600900,长江电力
2024-03-22,58.18,sh600900,长江电力
2024-03-25,58.13,sh600900,长江电力
2024-03-26,57.88,sh600900,长江电力
2024-03-27,57.87,sh600900,长江电力
2024-03-28,57.9,sh600900,长江电力
2024-03-29,58.04,sh600900,长江电力
2024-04-01,57.69,sh600900,长江电力
2024-04-02,57.53,sh600900,长江电力
2024-04-03,57.18,sh600900,长江电力
2024-04-08,58.79,sh600900,长江电力
2024-04-09,58.43,sh600900,长江电力
2024-04-10,59.27,sh600900,长江电力
2024-04-11,59.23,sh600900,长江电力
2024-04-12,58.9,sh600900,长江电力
2024-04-15,59.72,sh600900,长江电力
2024-04-16,59.79,sh600900,长江电力
2024-04-17,59.88,sh600900,长江电力
2024-04-18,59.83,sh600900,长江电力
2024-04-19,59.91,sh600900,长江电力
2024-04-22,59.67,sh600900,长江电力
2024-04-23,59.51,sh600900,长江电力
2024-04-24,59.51,sh600900,长江电力
2024-04-25,59.35,sh600900,长江电力
2024-04-26,59.16,sh600900,长江电力
2024-04-29,59.0,sh600900,长江电力
2024-04-30,59.55,sh600900,长江电力
2024-05-06,58.99,sh600900,长江电力
2024-05-07,58.78,sh600900,长江电力
2024-05-08,58.71,sh600900,长江电力
2024-05-09,58.79,sh600900,长江电力
2024-05-10,59.0,sh600900,长江电力
2024-05-13,59.25,sh600900,长江电力
2024-05-14,59.18,sh600900,长江电力
2024-05-15,59.0,sh600900,长江电力
2024-05-16,58.9,sh600900,长江电力
2024-05-17,59.53,sh600900,长江电力
2024-05-20,59.9,sh600900,长江电力
2024-05-21,60.09,sh600900,长江电力
2024-05-22,59.88,sh600900,长江电力
2024-05-23,60.18,sh600900,长江电力
2024-05-24,60.44,sh600900,长江电力
2024-05-27,60.81,sh600900,长江电力
2024-05-28,61.16,sh600900,长江电力
2024-05-29,61.12,sh600900,长江电力
2024-05-30,61.14,sh600900,长江电力
2024-05-31,60.98,sh600900,长江电力
2024-06-03,62.42,sh600900,长江电力
2024-06-04,62.51,sh600900,长江电力
2024-06-05,63.35,sh600900,长江电力
2024-06-06,63.47,sh600900,长江电力
2024-06-07,63.96,sh600900,长江电力
2024-06-11,63.73,sh600900,长江电力
2024-06-12,64.08,sh600900,长江电力
2024-06-13,64.64,sh600900,长江电力
2024-06-14,63.24,sh600900,长江电力
2024-06-17,63.22,sh600900,长江电力
2024-06-18,63.07,sh600900,长江电力
2024-06-19,63.49,sh600900,长江电力
2024-06-20,64.01,sh600900,长江电力
2024-06-21,63.99,sh600900,长江电力
2024-06-24,64.97,sh600900,长江电力
2024-06-25,64.55,sh600900,长江电力
2024-06-26,64.55,sh600900,长江电力
2024-06-27,64.85,sh600900,长江电力
2024-06-28,65.03,sh600900,长江电力
2024-07-01,66.01,sh600900,长江电力
2024-07-02,66.01,sh600900,长江电力
2024-07-03,65.69,sh600900,长江电力
2024-07-04,65.85,sh600900,长江电力
2024-07-05,65.73,sh600900,长江电力
2024-07-08,66.78,sh600900,长江电力
2024-07-09,67.46,sh600900,长江电力
2024-07-10,67.09,sh600900,长江电力
2024-07-11,67.25,sh600900,长江电力
2024-07-12,66.71,sh600900,长江电力
2024-07-15,67.67,sh600900,长江电力
2024-07-16,68.32,sh600900,长江电力
2024-07-17,68.32,sh600900,长江电力
2024-07-18,69.3,sh600900,长江电力
2024-07-19,69.37,sh600900,长江电力
2024-07-22,69.02,sh600900,长江电力
2024-07-23,69.53,sh600900,长江电力
2024-07-24,70.17,sh600900,长江电力
2024-07-25,69.81,sh600900,长江电力
2024-07-26,68.62,sh600900,长江电力
2024-07-29,68.7,sh600900,长江电力
2024-07-30,68.55,sh600900,长江电力
2024-07-31,68.11,sh600900,长江电力
2024-08-01,68.56,sh600900,长江电力
2024-08-02,68.77,sh600900,长江电力
2024-08-05,68.18,sh600900,长江电力
2024-08-06,67.41,sh600900,长江电力
2024-08-07,67.92,sh600900,长江电力
2024-08-08,67.97,sh600900,长江电力
2024-08-09,67.55,sh600900,长江电力
2024-08-12,66.92,sh600900,长江电力
2024-08-13,67.06,sh600900,长江电力
2024-08-14,67.57,sh600900,长江电力
2024-08-15,68.0,sh600900,长江电力
2024-08-16,67.69,sh600900,长江电力
2024-08-19,67.88,sh600900,长江电力
2024-08-20,67.74,sh600900,长江电力
2024-08-21,67.92,sh600900,长江电力
2024-08-22,68.77,sh600900,长江电力
2024-08-23,68.2,sh600900,长江电力
2024-08-26,68.04,sh600900,长江电力
2024-08-27,68.0,sh600900,长江电力
2024-08-28,68.04,sh600900,长江电力
2024-08-29,67.23,sh600900,长江电力
2024-08-30,67.27,sh600900,长江电力
2024-09-02,67.85,sh600900,长江电力
2024-09-03,66.8,sh600900,长江电力
2024-09-04,66.87,sh600900,长江电力
2024-09-05,66.81,sh600900,长江电力
2024-09-06,66.78,sh600900,长江电力
2024-09-09,67.22,sh600900,长江电力
2024-09-10,66.87,sh600900,长江电力
2024-09-11,64.5,sh600900,长江电力
2024-09-12,64.61,sh600900,长江电力
2024-09-13,65.38,sh600900,长江电力
2024-09-18,65.41,sh600900,长江电力
2024-09-19,65.43,sh600900,长江电力
2024-09-20,65.11,sh600900,长江电力
2024-09-23,65.2,sh600900,长江电力
2024-09-24,66.18,sh600900,长江电力
2024-09-25,66.48,sh600900,长江电力
2024-09-26,66.83,sh600900,长江电力
2024-09-27,66.59,sh600900,长江电力
2024-09-30,68.44,sh600900,长江电力
2024-10-08,66.99,sh600900,长江电力
2024-10-09,65.81,sh600900,长江电力
2024-10-10,66.92,sh600900,长江电力
2024-10-11,66.97,sh600900,长江电力
2024-10-14,67.22,sh600900,长江电力
2024-10-15,66.39,sh600900,长江电力
2024-10-16,66.09,sh600900,长江电力
2024-10-17,65.38,sh600900,长江电力
2024-10-18,65.6,sh600900,长江电力
2024-10-21,64.78,sh600900,长江电力
2024-10-22,64.99,sh600900,长江电力
2024-10-23,64.96,sh600900,长江电力
2024-10-24,64.85,sh600900,长江电力
2024-10-25,64.05,sh600900,长江电力
2024-10-28,64.05,sh600900,长江电力
2024-10-29,64.34,sh600900,长江电力
2024-10-30,64.34,sh600900,长江电力
2024-10-31,64.12,sh600900,长江电力
2024-11-01,64.82,sh600900,长江电力
2024-11-04,64.68,sh600900,长江电力
2024-11-05,64.61,sh600900,长江电力
2024-11-06,63.98,sh600900,长江电力
2024-11-07,64.55,sh600900,长江电力
2024-11-08,64.19,sh600900,长江电力
2024-11-11,63.94,sh600900,长江电力
2024-11-12,63.05,sh600900,长江电力
2024-11-13,63.78,sh600900,长江电力
2024-11-14,63.84,sh600900,长江电力
2024-11-15,63.28,sh600900,长江电力
2024-11-18,63.84,sh600900,长江电力
2024-11-19,63.75,sh600900,长江电力
2024-11-20,64.19,sh600900,长江电力
2024-11-21,64.27,sh600900,长江电力
2024-11-22,63.56,sh600900,长江电力
2024-11-25,63.33,sh600900,长江电力
2024-11-26,63.1,sh600900,长江电力
2024-11-27,63.78,sh600900,长江电力
2024-11-28,63.85,sh600900,长江电力
2024-11-29,63.66,sh600900,长江电力
2024-12-02,64.17,sh600900,长江电力
2024-12-03,64.76,sh600900,长江电力
2024-12-04,65.64,sh600900,长江电力
2024-12-05,65.38,sh600900,长江电力
2024-12-06,65.17,sh600900,长江电力
2024-12-09,65.57,sh600900,长江电力
2024-12-10,64.89,sh600900,长江电力
2024-12-11,65.15,sh600900,长江电力
2024-12-12,65.55,sh600900,长江电力
2024-12-13,66.11,sh600900,长江电力
2024-12-16,67.09,sh600900,长江电力
2024-12-17,67.08,sh600900,长江电力
2024-12-18,67.34,sh600900,长江电力
2024-12-19,67.06,sh600900,长江电力
2024-12-20,66.95,sh600900,长江电力
2024-12-23,67.6,sh600900,长江电力
2024-12-24,68.02,sh600900,长江电力
2024-12-25,67.99,sh600900,长江电力
2024-12-26,67.16,sh600900,长江电力
2024-12-27,67.67,sh600900,长江电力
2024-12-30,67.32,sh600900,长江电力
2024-12-31,67.57,sh600900,长江电力
2025-01-02,66.95,sh600900,长江电力
2025-01-03,66.6,sh600900,长江电力
2025-01-06,66.41,sh600900,长江电力
2025-01-07,66.08,sh600900,长江电力
2025-01-08,66.6,sh600900,长江电力
2025-01-09,66.24,sh600900,长江电力
2025-01-10,66.38,sh600900,长江电力
2025-01-13,66.27,sh600900,长江电力
2025-01-14,66.32,sh600900,长江电力
2025-01-15,66.25,sh600900,长江电力
2025-01-16,66.32,sh600900,长江电力
2025-01-17,66.62,sh600900,长江电力
2025-01-20,66.55,sh600900,长江电力
2025-01-21,66.88,sh600900,长江电力
2025-01-22,66.06,sh600900,长江电力
2025-01-23,65.73,sh600900,长江电力
2025-01-24,65.57,sh600900,长江电力
2025-01-27,66.8,sh600900,长江电力
2025-02-05,65.83,sh600900,长江电力
2025-02-06,65.69,sh600900,长江电力
2025-02-07,65.45,sh600900,长江电力
2025-02-10,65.06,sh600900,长江电力
2025-02-11,65.04,sh600900,长江电力
2025-02-12,65.2,sh600900,长江电力
2025-02-13,65.52,sh600900,长江电力
2025-02-14,65.59,sh600900,长江电力
2025-02-17,65.52,sh600900,长江电力
2025-02-18,65.85,sh600900,长江电力
2025-02-19,65.34,sh600900,长江电力
2025-02-20,65.29,sh600900,长江电力
2025-02-21,64.87,sh600900,长江电力
2025-02-24,64.43,sh600900,长江电力
2025-02-25,64.05,sh600900,长江电力
2025-02-26,64.57,sh600900,长江电力
2025-02-27,64.38,sh600900,长江电力
2025-02-28,64.13,sh600900,长江电力
2025-03-03,63.63,sh600900,长江电力
2025-03-04,63.73,sh600900,长江电力
2025-03-05,64.31,sh600900,长江电力
2025-03-06,63.85,sh600900,长江电力
2025-03-07,63.92,sh600900,长江电力
2025-03-10,63.64,sh600900,长江电力
2025-03-11,63.8,sh600900,长江电力
2025-03-12,63.68,sh600900,长江电力
2025-03-13,63.91,sh600900,长江电力
2025-03-14,64.26,sh600900,长江电力
2025-03-17,64.12,sh600900,长江电力
2025-03-18,63.82,sh600900,长江电力
2025-03-19,64.57,sh600900,长江电力
2025-03-20,64.59,sh600900,长江电力
2025-03-21,64.17,sh600900,长江电力
2025-03-24,64.69,sh600900,长江电力
2025-03-25,65.1,sh600900,长江电力
2025-03-26,64.92,sh600900,长江电力
2025-03-27,64.82,sh600900,长江电力
2025-03-28,64.96,sh600900,长江电力
2025-03-31,64.89,sh600900,长江电力
2025-04-01,65.04,sh600900,长江电力
2025-04-02,64.92,sh600900,长江电力
2025-04-03,65.92,sh600900,长江电力
2025-04-07,65.8,sh600900,长江电力
2025-04-08,67.06,sh600900,长江电力
2025-04-09,67.97,sh600900,长江电力
2025-04-10,67.27,sh600900,长江电力
2025-04-11,67.32,sh600900,长江电力
2025-04-14,67.23,sh600900,长江电力
2025-04-15,67.44,sh600900,长江电力
2025-04-16,67.67,sh600900,长江电力
2025-04-17,67.34,sh600900,长江电力
2025-04-18,67.99,sh600900,长江电力
2025-04-21,67.51,sh600900,长江电力
2025-04-22,67.55,sh600900,长江电力
2025-04-23,67.32,sh600900,长江电力
2025-04-24,67.78,sh600900,长江电力
2025-04-25,67.88,sh600900,长江电力
2025-04-28,68.23,sh600900,长江电力
2025-04-29,67.78,sh600900,长江电力
2025-04-30,67.85,sh600900,长江电力
2025-05-06,67.29,sh600900,长江电力
2025-05-07,67.58,sh600900,长江电力
2025-05-08,67.51,sh600900,长江电力
2025-05-09,67.93,sh600900,长江电力
2025-05-12,67.92,sh600900,长江电力
2025-05-13,68.27,sh600900,长江电力
2025-05-14,68.86,sh600900,长江电力
2025-05-15,69.33,sh600900,长江电力
2025-05-16,68.9,sh600900,长江电力
2025-05-19,69.54,sh600900,长江电力
2025-05-20,69.91,sh600900,长江电力
2025-05-21,70.12,sh600900,长江电力
2025-05-22,70.52,sh600900,长江电力
2025-05-23,69.58,sh600900,长江电力
2025-05-26,69.32,sh600900,长江电力
2025-05-27,69.18,sh600900,长江电力
2025-05-28,69.65,sh600900,长江电力
2025-05-29,69.23,sh600900,长江电力
2025-05-30,69.07,sh600900,长江电力
2025-06-03,68.98,sh600900,长江电力
2025-06-04,68.53,sh600900,长江电力
2025-06-05,68.37,sh600900,长江电力
2025-06-06,68.7,sh600900,长江电力
2025-06-09,68.69,sh600900,长江电力
2025-06-10,68.77,sh600900,长江电力
2025-06-11,69.04,sh600900,长江电力
2025-06-12,69.05,sh600900,长江电力
2025-06-13,69.81,sh600900,长江电力
2025-06-16,69.53,sh600900,长江电力
2025-06-17,69.89,sh600900,长江电力
2025-06-18,69.96,sh600900,长江电力
2025-06-19,69.98,sh600900,长江电力
2025-06-20,69.42,sh600900,长江电力
2025-06-23,69.86,sh600900,长江电力
2025-06-24,69.74,sh600900,长江电力
2025-06-25,70.26,sh600900,长江电力
2025-06-26,70.66,sh600900,长江电力
2025-06-27,69.11,sh600900,长江电力
2025-06-30,68.97,sh600900,长江电力
2025-07-01,69.37,sh600900,长江电力
2025-07-02,69.16,sh600900,长江电力
2025-07-03,68.88,sh600900,长江电力
2025-07-04,69.0,sh600900,长江电力
2025-07-07,69.18,sh600900,长江电力
2025-07-08,68.58,sh600900,长江电力
2025-07-09,68.69,sh600900,长江电力
2025-07-10,68.55,sh600900,长江电力
2025-07-11,69.42,sh600900,长江电力
2025-07-14,69.79,sh600900,长江电力
2025-07-15,69.56,sh600900,长江电力
2025-07-16,69.32,sh600900,长江电力
2025-07-17,69.0,sh600900,长江电力
2025-07-18,69.13,sh600900,长江电力
2025-07-21,69.15,sh600900,长江电力
2025-07-22,68.88,sh600900,长江电力
2025-07-23,68.57,sh600900,长江电力
2025-07-24,68.15,sh600900,长江电力
2025-07-25,67.82,sh600900,长江电力
2025-07-28,67.62,sh600900,长江电力
2025-07-29,67.61,sh600900,长江电力
2025-07-30,67.73,sh600900,长江电力
2025-07-31,66.22,sh600900,长江电力
2025-08-01,66.49,sh600900,长江电力
2025-08-04,66.75,sh600900,长江电力
2025-08-05,66.68,sh600900,长江电力
2025-08-06,66.45,sh600900,长江电力
2025-08-07,66.61,sh600900,长江电力
2025-08-08,66.26,sh600900,长江电力
2025-08-11,65.96,sh600900,长江电力
2025-08-12,66.08,sh600900,长江电力
2025-08-13,65.86,sh600900,长江电力
2025-08-14,65.91,sh600900,长江电力
2025-08-15,65.86,sh600900,长江电力
2025-08-18,65.87,sh600900,长江电力
2025-08-19,65.86,sh600900,长江电力
2025-08-20,65.96,sh600900,长江电力
2025-08-21,66.24,sh600900,长江电力
2025-08-22,66.28,sh600900,长江电力
2025-08-25,67.12,sh600900,长江电力
2025-08-26,67.05,sh600900,长江电力
2025-08-27,66.43,sh600900,长江电力
2025-08-28,66.28,sh600900,长江电力
2025-08-29,66.66,sh600900,长江电力
2025-09-01,66.14,sh600900,长江电力
2025-09-02,66.87,sh600900,长江电力
2025-09-03,66.43,sh600900,长江电力
2025-09-04,66.91,sh600900,长江电力
2025-09-05,66.63,sh600900,长江电力
2025-09-08,66.77,sh600900,长江电力
2025-09-09,66.52,sh600900,长江电力
2025-09-10,66.52,sh600900,长江电力
2025-09-11,66.5,sh600900,长江电力
2025-09-12,66.38,sh600900,长江电力
2025-09-15,66.15,sh600900,长江电力
2025-09-16,66.03,sh600900,长江电力
2025-09-17,65.98,sh600900,长江电力
2025-09-18,65.29,sh600900,长江电力
2025-09-19,65.1,sh600900,长江电力
2025-09-22,64.96,sh600900,长江电力
2025-09-23,65.31,sh600900,长江电力
2025-09-24,65.19,sh600900,长江电力
2025-09-25,65.26,sh600900,长江电力
2025-09-26,65.58,sh600900,长江电力
2025-09-29,65.28,sh600900,长江电力
2025-09-30,65.19,sh600900,长江电力
2025-10-09,65.94,sh600900,长江电力
2025-10-10,66.03,sh600900,长江电力
2025-10-13,66.14,sh600900,长江电力
2025-10-14,66.49,sh600900,长江电力
2025-10-15,66.38,sh600900,长江电力
2025-10-16,66.78,sh600900,长江电力
2025-10-17,66.7,sh600900,长江电力
2025-10-20,66.59,sh600900,长江电力
2025-10-21,66.35,sh600900,长江电力
2025-10-22,66.57,sh600900,长江电力
2025-10-23,66.91,sh600900,长江电力
2025-10-24,66.84,sh600900,长江电力
2025-10-27,67.03,sh600900,长江电力
2025-10-28,67.31,sh600900,长江电力
2025-10-29,67.01,sh600900,长江电力
2025-10-30,67.33,sh600900,长江电力
2025-10-31,66.68,sh600900,长江电力
2025-11-03,67.05,sh600900,长江电力
2025-11-04,67.55,sh600900,长江电力
2025-11-05,67.24,sh600900,长江电力
2025-11-06,67.38,sh600900,长江电力
2025-11-07,67.41,sh600900,长江电力
2025-11-10,67.43,sh600900,长江电力
2025-11-11,67.59,sh600900,长江电力
2025-11-12,67.57,sh600900,长江电力
2025-11-13,67.27,sh600900,长江电力
2025-11-14,67.1,sh600900,长江电力
2025-11-17,66.78,sh600900,长江电力
2025-11-18,66.77,sh600900,长江电力
2025-11-19,66.91,sh600900,长江电力
2025-11-20,66.75,sh600900,长江电力
2025-11-21,66.78,sh600900,长江电力
2025-11-24,66.84,sh600900,长江电力
2025-11-25,66.56,sh600900,长江电力
2025-11-26,66.4,sh600900,长江电力
2025-11-27,66.66,sh600900,长江电力
2025-11-28,66.47,sh600900,长江电力
2025-12-01,66.63,sh600900,长江电力
2025-12-02,66.96,sh600900,长江电力
2025-12-03,66.98,sh600900,长江电力
2025-12-04,66.92,sh600900,长江电力
2025-12-05,66.63,sh600900,长江电力
2025-12-08,66.28,sh600900,长江电力
2025-12-09,66.45,sh600900,长江电力
2025-12-10,66.31,sh600900,长江电力
2025-12-11,66.26,sh600900,长江电力
2025-12-12,66.57,sh600900,长江电力
2025-12-15,66.57,sh600900,长江电力
2025-12-16,66.45,sh600900,长江电力
2025-12-17,66.36,sh600900,长江电力
2025-12-18,66.64,sh600900,长江电力
2025-12-19,66.24,sh600900,长江电力
2025-12-22,65.7,sh600900,长江电力
2025-12-23,66.01,sh600900,长江电力
2025-12-24,65.87,sh600900,长江电力
2025-12-25,65.87,sh600900,长江电力
2025-12-26,65.87,sh600900,长江电力
2025-12-29,65.66,sh600900,长江电力
2025-12-30,65.31,sh600900,长江电力
2025-12-31,65.08,sh600900,长江电力
2018-01-02,88.8,sh600030,中信证券
2018-01-03,89.49,sh600030,中信证券
2018-01-04,89.73,sh600030,中信证券
2018-01-05,90.58,sh600030,中信证券
2018-01-08,93.25,sh600030,中信证券
2018-01-09,92.85,sh600030,中信证券
2018-01-10,93.54,sh600030,中信证券
2018-01-11,92.2,sh600030,中信证券
2018-01-12,92.4,sh600030,中信证券
2018-01-15,92.89,sh600030,中信证券
2018-01-16,96.13,sh600030,中信证券
2018-01-17,98.92,sh600030,中信证券
2018-01-18,100.83,sh600030,中信证券
2018-01-19,100.34,sh600030,中信证券
2018-01-22,99.98,sh600030,中信证券
2018-01-23,100.02,sh600030,中信证券
2018-01-24,106.94,sh600030,中信证券
2018-01-25,104.55,sh600030,中信证券
2018-01-26,104.59,sh600030,中信证券
2018-01-29,103.66,sh600030,中信证券
2018-01-30,101.72,sh600030,中信证券
2018-01-31,100.34,sh600030,中信证券
2018-02-01,101.19,sh600030,中信证券
2018-02-02,101.27,sh600030,中信证券
2018-02-05,102.37,sh600030,中信证券
2018-02-06,97.34,sh600030,中信证券
2018-02-07,93.29,sh600030,中信证券
2018-02-08,92.04,sh600030,中信证券
2018-02-09,84.38,sh600030,中信证券
2018-02-12,84.3,sh600030,中信证券
2018-02-13,85.48,sh600030,中信证券
2018-02-14,85.52,sh600030,中信证券
2018-02-22,87.06,sh600030,中信证券
2018-02-23,87.79,sh600030,中信证券
2018-02-26,89.65,sh600030,中信证券
2018-02-27,88.03,sh600030,中信证券
2018-02-28,87.46,sh600030,中信证券
2018-03-01,87.54,sh600030,中信证券
2018-03-02,86.33,sh600030,中信证券
2018-03-05,86.49,sh600030,中信证券
2018-03-06,88.72,sh600030,中信证券
2018-03-07,88.11,sh600030,中信证券
2018-03-08,88.6,sh600030,中信证券
2018-03-09,90.5,sh600030,中信证券
2018-03-12,92.28,sh600030,中信证券
2018-03-13,90.86,sh600030,中信证券
2018-03-14,89.85,sh600030,中信证券
2018-03-15,90.26,sh600030,中信证券
2018-03-16,88.39,sh600030,中信证券
2018-03-19,89.2,sh600030,中信证券
2018-03-20,89.77,sh600030,中信证券
2018-03-21,89.04,sh600030,中信证券
2018-03-22,90.09,sh600030,中信证券
2018-03-23,85.8,sh600030,中信证券
2018-03-26,87.1,sh600030,中信证券
2018-03-27,88.31,sh600030,中信证券
2018-03-28,86.45,sh600030,中信证券
2018-03-29,88.27,sh600030,中信证券
2018-03-30,89.37,sh600030,中信证券
2018-04-02,90.78,sh600030,中信证券
2018-04-03,91.92,sh600030,中信证券
2018-04-04,91.11,sh600030,中信证券
2018-04-09,92.44,sh600030,中信证券
2018-04-10,94.06,sh600030,中信证券
2018-04-11,92.89,sh600030,中信证券
2018-04-12,91.51,sh600030,中信证券
2018-04-13,90.74,sh600030,中信证券
2018-04-16,88.6,sh600030,中信证券
2018-04-17,88.68,sh600030,中信证券
2018-04-18,90.22,sh600030,中信证券
2018-04-19,91.11,sh600030,中信证券
2018-04-20,88.15,sh600030,中信证券
2018-04-23,89.16,sh600030,中信证券
2018-04-24,92.04,sh600030,中信证券
2018-04-25,91.63,sh600030,中信证券
2018-04-26,90.01,sh600030,中信证券
2018-04-27,91.03,sh600030,中信证券
2018-05-02,91.63,sh600030,中信证券
2018-05-03,93.46,sh600030,中信证券
2018-05-04,92.57,sh600030,中信证券
2018-05-07,93.62,sh600030,中信证券
2018-05-08,94.87,sh600030,中信证券
2018-05-09,94.1,sh600030,中信证券
2018-05-10,94.47,sh600030,中信证券
2018-05-11,93.05,sh600030,中信证券
2018-05-14,94.59,sh600030,中信证券
2018-05-15,94.39,sh600030,中信证券
2018-05-16,93.17,sh600030,中信证券
2018-05-17,92.08,sh600030,中信证券
2018-05-18,94.02,sh600030,中信证券
2018-05-21,94.35,sh600030,中信证券
2018-05-22,93.9,sh600030,中信证券
2018-05-23,93.13,sh600030,中信证券
2018-05-24,92.57,sh600030,中信证券
2018-05-25,91.31,sh600030,中信证券
2018-05-28,92.08,sh600030,中信证券
2018-05-29,90.54,sh600030,中信证券
2018-05-30,87.5,sh600030,中信证券
2018-05-31,89.61,sh600030,中信证券
2018-06-01,89.33,sh600030,中信证券
2018-06-04,89.81,sh600030,中信证券
2018-06-05,90.14,sh600030,中信证券
2018-06-06,89.85,sh600030,中信证券
2018-06-07,91.07,sh600030,中信证券
2018-06-08,89.41,sh600030,中信证券
2018-06-11,89.85,sh600030,中信证券
2018-06-12,90.34,sh600030,中信证券
2018-06-13,89.24,sh600030,中信证券
2018-06-14,89.73,sh600030,中信证券
2018-06-15,88.76,sh600030,中信证券
2018-06-19,83.98,sh600030,中信证券
2018-06-20,83.29,sh600030,中信证券
2018-06-21,80.05,sh600030,中信证券
2018-06-22,81.1,sh600030,中信证券
2018-06-25,79.56,sh600030,中信证券
2018-06-26,80.37,sh600030,中信证券
2018-06-27,79.08,sh600030,中信证券
2018-06-28,79.56,sh600030,中信证券
2018-06-29,81.23,sh600030,中信证券
2018-07-02,79.08,sh600030,中信证券
2018-07-03,80.21,sh600030,中信证券
2018-07-04,79.28,sh600030,中信证券
2018-07-05,79.0,sh600030,中信证券
2018-07-06,79.61,sh600030,中信证券
2018-07-09,80.98,sh600030,中信证券
2018-07-10,81.02,sh600030,中信证券
2018-07-11,79.24,sh600030,中信证券
2018-07-12,81.27,sh600030,中信证券
2018-07-13,81.35,sh600030,中信证券
2018-07-16,81.02,sh600030,中信证券
2018-07-17,80.25,sh600030,中信证券
2018-07-18,79.69,sh600030,中信证券
2018-07-19,79.93,sh600030,中信证券
2018-07-20,82.28,sh600030,中信证券
2018-07-23,83.53,sh600030,中信证券
2018-07-24,84.26,sh600030,中信证券
2018-07-25,84.06,sh600030,中信证券
2018-07-26,82.64,sh600030,中信证券
2018-07-27,82.32,sh600030,中信证券
2018-07-30,82.85,sh600030,中信证券
2018-07-31,82.4,sh600030,中信证券
2018-08-01,81.18,sh600030,中信证券
2018-08-02,79.4,sh600030,中信证券
2018-08-03,79.0,sh600030,中信证券
2018-08-06,78.55,sh600030,中信证券
2018-08-07,80.46,sh600030,中信证券
2018-08-08,79.04,sh600030,中信证券
2018-08-09,80.46,sh600030,中信证券
2018-08-10,80.42,sh600030,中信证券
2018-08-13,79.77,sh600030,中信证券
2018-08-14,79.69,sh600030,中信证券
2018-08-15,78.39,sh600030,中信证券
2018-08-16,78.71,sh600030,中信证券
2018-08-17,77.9,sh600030,中信证券
2018-08-20,79.2,sh600030,中信证券
2018-08-21,79.56,sh600030,中信证券
2018-08-22,79.61,sh600030,中信证券
2018-08-23,80.05,sh600030,中信证券
2018-08-24,80.54,sh600030,中信证券
2018-08-27,81.87,sh600030,中信证券
2018-08-28,81.39,sh600030,中信证券
2018-08-29,80.82,sh600030,中信证券
2018-08-30,80.29,sh600030,中信证券
2018-08-31,80.46,sh600030,中信证券
2018-09-03,80.9,sh600030,中信证券
2018-09-04,81.63,sh600030,中信证券
2018-09-05,80.21,sh600030,中信证券
2018-09-06,79.97,sh600030,中信证券
2018-09-07,80.09,sh600030,中信证券
2018-09-10,78.19,sh600030,中信证券
2018-09-11,78.59,sh600030,中信证券
2018-09-12,78.59,sh600030,中信证券
2018-09-13,79.36,sh600030,中信证券
2018-09-14,79.24,sh600030,中信证券
2018-09-17,78.88,sh600030,中信证券
2018-09-18,80.13,sh600030,中信证券
2018-09-19,81.06,sh600030,中信证券
2018-09-20,81.1,sh600030,中信证券
2018-09-21,83.29,sh600030,中信证券
2018-09-25,82.2,sh600030,中信证券
2018-09-26,82.8,sh600030,中信证券
2018-09-27,82.68,sh600030,中信证券
2018-09-28,83.33,sh600030,中信证券
2018-10-08,80.37,sh600030,中信证券
2018-10-09,80.7,sh600030,中信证券
2018-10-10,81.14,sh600030,中信证券
2018-10-11,77.18,sh600030,中信证券
2018-10-12,77.34,sh600030,中信证券
2018-10-15,76.57,sh600030,中信证券
2018-10-16,76.08,sh600030,中信证券
2018-10-17,76.85,sh600030,中信证券
2018-10-18,75.84,sh600030,中信证券
2018-10-19,78.03,sh600030,中信证券
2018-10-22,84.26,sh600030,中信证券
2018-10-23,83.41,sh600030,中信证券
2018-10-24,84.3,sh600030,中信证券
2018-10-25,86.0,sh600030,中信证券
2018-10-26,84.1,sh600030,中信证券
2018-10-29,83.17,sh600030,中信证券
2018-10-30,85.8,sh600030,中信证券
2018-10-31,85.23,sh600030,中信证券
2018-11-01,86.04,sh600030,中信证券
2018-11-02,87.79,sh600030,中信证券
2018-11-05,87.46,sh600030,中信证券
2018-11-06,87.46,sh600030,中信证券
2018-11-07,85.8,sh600030,中信证券
2018-11-08,84.47,sh600030,中信证券
2018-11-09,84.26,sh600030,中信证券
2018-11-12,85.11,sh600030,中信证券
2018-11-13,86.17,sh600030,中信证券
2018-11-14,84.79,sh600030,中信证券
2018-11-15,86.21,sh600030,中信证券
2018-11-16,86.94,sh600030,中信证券
2018-11-19,88.92,sh600030,中信证券
2018-11-20,86.09,sh600030,中信证券
2018-11-21,85.15,sh600030,中信证券
2018-11-22,84.75,sh600030,中信证券
2018-11-23,82.97,sh600030,中信证券
2018-11-26,82.85,sh600030,中信证券
2018-11-27,83.41,sh600030,中信证券
2018-11-28,84.63,sh600030,中信证券
2018-11-29,83.09,sh600030,中信证券
2018-11-30,84.06,sh600030,中信证券
2018-12-03,86.37,sh600030,中信证券
2018-12-04,87.02,sh600030,中信证券
2018-12-05,86.41,sh600030,中信证券
2018-12-06,84.63,sh600030,中信证券
2018-12-07,84.79,sh600030,中信证券
2018-12-10,83.66,sh600030,中信证券
2018-12-11,84.1,sh600030,中信证券
2018-12-12,84.47,sh600030,中信证券
2018-12-13,85.32,sh600030,中信证券
2018-12-14,83.98,sh600030,中信证券
2018-12-17,84.51,sh600030,中信证券
2018-12-18,83.17,sh600030,中信证券
2018-12-19,82.24,sh600030,中信证券
2018-12-20,82.56,sh600030,中信证券
2018-12-21,80.94,sh600030,中信证券
2018-12-24,80.58,sh600030,中信证券
2019-01-10,83.78,sh600030,中信证券
2019-01-11,84.47,sh600030,中信证券
2019-01-14,84.59,sh600030,中信证券
2019-01-15,87.02,sh600030,中信证券
2019-01-16,87.18,sh600030,中信证券
2019-01-17,86.85,sh600030,中信证券
2019-01-18,88.15,sh600030,中信证券
2019-01-21,87.99,sh600030,中信证券
2019-01-22,86.49,sh600030,中信证券
2019-01-23,86.69,sh600030,中信证券
2019-01-24,88.19,sh600030,中信证券
2019-01-25,88.8,sh600030,中信证券
2019-01-28,88.64,sh600030,中信证券
2019-01-29,89.04,sh600030,中信证券
2019-01-30,88.39,sh600030,中信证券
2019-01-31,89.69,sh600030,中信证券
2019-02-01,90.99,sh600030,中信证券
2019-02-11,92.12,sh600030,中信证券
2019-02-12,92.57,sh600030,中信证券
2019-02-13,94.67,sh600030,中信证券
2019-02-14,93.9,sh600030,中信证券
2019-02-15,91.23,sh600030,中信证券
2019-02-18,96.01,sh600030,中信证券
2019-02-19,95.85,sh600030,中信证券
2019-02-20,97.06,sh600030,中信证券
2019-02-21,98.32,sh600030,中信证券
2019-02-22,106.58,sh600030,中信证券
2019-02-25,115.65,sh600030,中信证券
2019-02-26,114.96,sh600030,中信证券
2019-02-27,113.14,sh600030,中信证券
2019-02-28,110.95,sh600030,中信证券
2019-03-01,114.8,sh600030,中信证券
2019-03-04,114.92,sh600030,中信证券
2019-03-05,116.18,sh600030,中信证券
2019-03-06,123.87,sh600030,中信证券
2019-03-07,124.11,sh600030,中信证券
2019-03-08,113.26,sh600030,中信证券
2019-03-11,113.3,sh600030,中信证券
2019-03-12,115.69,sh600030,中信证券
2019-03-13,112.61,sh600030,中信证券
2019-03-14,110.39,sh600030,中信证券
2019-03-15,112.17,sh600030,中信证券
2019-03-18,115.49,sh600030,中信证券
2019-03-19,113.87,sh600030,中信证券
2019-03-20,115.2,sh600030,中信证券
2019-03-21,116.58,sh600030,中信证券
2019-03-22,116.18,sh600030,中信证券
2019-03-25,111.72,sh600030,中信证券
2019-03-26,108.52,sh600030,中信证券
2019-03-27,108.77,sh600030,中信证券
2019-03-28,108.2,sh600030,中信证券
2019-03-29,116.1,sh600030,中信证券
2019-04-01,118.12,sh600030,中信证券
2019-04-02,117.8,sh600030,中信证券
2019-04-03,121.68,sh600030,中信证券
2019-04-04,121.04,sh600030,中信证券
2019-04-08,118.24,sh600030,中信证券
2019-04-09,118.65,sh600030,中信证券
2019-04-10,116.78,sh600030,中信证券
2019-04-11,114.64,sh600030,中信证券
2019-04-12,114.03,sh600030,中信证券
2019-04-15,112.13,sh600030,中信证券
2019-04-16,114.96,sh600030,中信证券
2019-04-17,114.39,sh600030,中信证券
2019-04-18,114.07,sh600030,中信证券
2019-04-19,114.96,sh600030,中信证券
2019-04-22,112.09,sh600030,中信证券
2019-04-23,112.73,sh600030,中信证券
2019-04-24,113.67,sh600030,中信证券
2019-04-25,110.91,sh600030,中信证券
2019-04-26,111.28,sh600030,中信证券
2019-04-29,108.97,sh600030,中信证券
2019-04-30,109.05,sh600030,中信证券
2019-05-06,99.73,sh600030,中信证券
2019-05-07,99.77,sh600030,中信证券
2019-05-08,97.83,sh600030,中信证券
2019-05-09,95.85,sh600030,中信证券
2019-05-10,99.33,sh600030,中信证券
2019-05-13,96.9,sh600030,中信证券
2019-05-14,96.25,sh600030,中信证券
2019-05-15,97.95,sh600030,中信证券
2019-05-16,97.67,sh600030,中信证券
2019-05-17,95.28,sh600030,中信证券
2019-05-20,96.21,sh600030,中信证券
2019-05-21,97.67,sh600030,中信证券
2019-05-22,97.3,sh600030,中信证券
2019-05-23,96.94,sh600030,中信证券
2019-05-24,97.02,sh600030,中信证券
2019-05-27,99.29,sh600030,中信证券
2019-05-28,99.13,sh600030,中信证券
2019-05-29,98.96,sh600030,中信证券
2019-05-30,97.59,sh600030,中信证券
2019-05-31,97.26,sh600030,中信证券
2019-06-03,97.51,sh600030,中信证券
2019-06-04,97.26,sh600030,中信证券
2019-06-05,98.07,sh600030,中信证券
2019-06-06,97.02,sh600030,中信证券
2019-06-10,97.06,sh600030,中信证券
2019-06-11,101.15,sh600030,中信证券
2019-06-12,100.02,sh600030,中信证券
2019-06-13,100.83,sh600030,中信证券
2019-06-14,99.41,sh600030,中信证券
2019-06-17,99.69,sh600030,中信证券
2019-06-18,100.18,sh600030,中信证券
2019-06-19,103.01,sh600030,中信证券
2019-06-20,109.09,sh600030,中信证券
2019-06-21,111.6,sh600030,中信证券
2019-06-24,111.32,sh600030,中信证券
2019-06-25,110.83,sh600030,中信证券
2019-06-26,110.06,sh600030,中信证券
2019-06-27,112.61,sh600030,中信证券
2019-06-28,112.17,sh600030,中信证券
2019-07-01,114.48,sh600030,中信证券
2019-07-02,113.54,sh600030,中信证券
2019-07-03,110.63,sh600030,中信证券
2019-07-04,111.32,sh600030,中信证券
2019-07-05,111.07,sh600030,中信证券
2019-07-08,109.58,sh600030,中信证券
2019-07-09,109.82,sh600030,中信证券
2019-07-10,109.7,sh600030,中信证券
2019-07-11,109.62,sh600030,中信证券
2019-07-12,110.39,sh600030,中信证券
2019-07-15,111.68,sh600030,中信证券
2019-07-16,110.63,sh600030,中信证券
2019-07-17,109.25,sh600030,中信证券
2019-07-18,107.75,sh600030,中信证券
2019-07-19,109.62,sh600030,中信证券
2019-07-22,108.08,sh600030,中信证券
2019-07-23,108.36,sh600030,中信证券
2019-07-24,109.94,sh600030,中信证券
2019-07-25,110.47,sh600030,中信证券
2019-07-26,110.47,sh600030,中信证券
2019-07-29,109.58,sh600030,中信证券
2019-07-30,110.55,sh600030,中信证券
2019-07-31,109.82,sh600030,中信证券
2019-08-01,108.56,sh600030,中信证券
2019-08-02,105.08,sh600030,中信证券
2019-08-05,101.96,sh600030,中信证券
2019-08-06,101.6,sh600030,中信证券
2019-08-07,100.18,sh600030,中信证券
2019-08-08,101.84,sh600030,中信证券
2019-08-09,101.35,sh600030,中信证券
2019-08-12,103.58,sh600030,中信证券
2019-08-13,102.49,sh600030,中信证券
2019-08-14,102.81,sh600030,中信证券
2019-08-15,103.01,sh600030,中信证券
2019-08-16,103.54,sh600030,中信证券
2019-08-19,110.83,sh600030,中信证券
2019-08-20,109.33,sh600030,中信证券
2019-08-21,108.85,sh600030,中信证券
2019-08-22,109.13,sh600030,中信证券
2019-08-23,108.85,sh600030,中信证券
2019-08-26,107.15,sh600030,中信证券
2019-08-27,109.37,sh600030,中信证券
2019-08-28,107.96,sh600030,中信证券
2019-08-29,107.27,sh600030,中信证券
2019-08-30,107.55,sh600030,中信证券
2019-09-02,109.37,sh600030,中信证券
2019-09-03,109.66,sh600030,中信证券
2019-09-04,111.64,sh600030,中信证券
2019-09-05,113.67,sh600030,中信证券
2019-09-06,114.96,sh600030,中信证券
2019-09-09,115.65,sh600030,中信证券
2019-09-10,115.16,sh600030,中信证券
2019-09-11,115.93,sh600030,中信证券
2019-09-12,117.23,sh600030,中信证券
2019-09-16,115.49,sh600030,中信证券
2019-09-17,112.45,sh600030,中信证券
2019-09-18,112.05,sh600030,中信证券
2019-09-19,112.69,sh600030,中信证券
2019-09-20,111.68,sh600030,中信证券
2019-09-23,110.18,sh600030,中信证券
2019-09-24,110.14,sh600030,中信证券
2019-09-25,109.74,sh600030,中信证券
2019-09-26,109.17,sh600030,中信证券
2019-09-27,110.51,sh600030,中信证券
2019-09-30,108.2,sh600030,中信证券
2019-10-08,107.59,sh600030,中信证券
2019-10-09,107.19,sh600030,中信证券
2019-10-10,107.83,sh600030,中信证券
2019-10-11,110.06,sh600030,中信证券
2019-10-14,110.67,sh600030,中信证券
2019-10-15,109.05,sh600030,中信证券
2019-10-16,108.52,sh600030,中信证券
2019-10-17,108.36,sh600030,中信证券
2019-10-18,106.25,sh600030,中信证券
2019-10-21,105.65,sh600030,中信证券
2019-10-22,106.66,sh600030,中信证券
2019-10-23,105.4,sh600030,中信证券
2019-10-24,105.65,sh600030,中信证券
2019-10-25,106.5,sh600030,中信证券
2019-10-28,107.67,sh600030,中信证券
2019-10-29,105.73,sh600030,中信证券
2019-10-31,105.04,sh600030,中信证券
2019-11-01,106.98,sh600030,中信证券
2019-11-04,107.31,sh600030,中信证券
2019-11-05,108.77,sh600030,中信证券
2019-11-06,108.0,sh600030,中信证券
2019-11-07,109.13,sh600030,中信证券
2019-11-08,107.96,sh600030,中信证券
2019-11-11,106.25,sh600030,中信证券
2019-11-12,106.38,sh600030,中信证券
2019-11-13,105.61,sh600030,中信证券
2019-11-14,105.85,sh600030,中信证券
2019-11-15,105.08,sh600030,中信证券
2019-11-18,105.81,sh600030,中信证券
2019-11-19,106.86,sh600030,中信证券
2019-11-20,105.12,sh600030,中信证券
2019-11-21,104.8,sh600030,中信证券
2019-11-22,104.19,sh600030,中信证券
2019-11-25,104.72,sh600030,中信证券
2019-11-26,104.31,sh600030,中信证券
2019-11-27,103.95,sh600030,中信证券
2019-11-28,104.27,sh600030,中信证券
2019-11-29,103.86,sh600030,中信证券
2019-12-02,104.96,sh600030,中信证券
2019-12-03,105.65,sh600030,中信证券
2019-12-04,105.32,sh600030,中信证券
2019-12-05,107.47,sh600030,中信证券
2019-12-06,107.79,sh600030,中信证券
2019-12-09,107.27,sh600030,中信证券
2019-12-10,107.1,sh600030,中信证券
2019-12-11,107.19,sh600030,中信证券
2019-12-12,107.06,sh600030,中信证券
2019-12-13,110.3,sh600030,中信证券
2019-12-16,111.6,sh600030,中信证券
2019-12-17,113.83,sh600030,中信证券
2019-12-18,113.54,sh600030,中信证券
2019-12-19,113.34,sh600030,中信证券
2019-12-20,112.65,sh600030,中信证券
2019-12-23,110.51,sh600030,中信证券
2019-12-24,111.03,sh600030,中信证券
2019-12-25,110.83,sh600030,中信证券
2019-12-26,113.34,sh600030,中信证券
2019-12-27,111.64,sh600030,中信证券
2019-12-30,121.08,sh600030,中信证券
2019-12-31,119.62,sh600030,中信证券
2020-01-02,120.39,sh600030,中信证券
2020-01-03,119.94,sh600030,中信证券
2020-01-06,119.7,sh600030,中信证券
2020-01-07,121.24,sh600030,中信证券
2020-01-08,118.16,sh600030,中信证券
2020-01-09,120.19,sh600030,中信证券
2020-01-10,120.63,sh600030,中信证券
2020-01-13,122.33,sh600030,中信证券
2020-01-14,120.67,sh600030,中信证券
2020-01-15,119.7,sh600030,中信证券
2020-01-16,118.85,sh600030,中信证券
2020-01-17,119.86,sh600030,中信证券
2020-01-20,121.48,sh600030,中信证券
2020-01-21,119.09,sh600030,中信证券
2020-01-22,119.21,sh600030,中信证券
2020-01-23,113.95,sh600030,中信证券
2020-02-03,104.27,sh600030,中信证券
2020-02-04,105.16,sh600030,中信证券
2020-02-05,106.54,sh600030,中信证券
2020-02-06,108.81,sh600030,中信证券
2020-02-07,108.44,sh600030,中信证券
2020-02-10,108.97,sh600030,中信证券
2020-02-11,109.05,sh600030,中信证券
2020-02-12,109.9,sh600030,中信证券
2020-02-13,108.48,sh600030,中信证券
2020-02-14,110.22,sh600030,中信证券
2020-02-17,115.08,sh600030,中信证券
2020-02-18,114.27,sh600030,中信证券
2020-02-19,114.35,sh600030,中信证券
2020-02-20,120.11,sh600030,中信证券
2020-02-21,119.13,sh600030,中信证券
2020-02-24,118.57,sh600030,中信证券
2020-02-25,119.25,sh600030,中信证券
2020-02-26,117.23,sh600030,中信证券
2020-02-27,117.47,sh600030,中信证券
2020-02-28,111.92,sh600030,中信证券
2020-03-02,116.3,sh600030,中信证券
2020-03-03,117.31,sh600030,中信证券
2020-03-04,119.74,sh600030,中信证券
2020-03-05,122.41,sh600030,中信证券
2020-03-06,118.85,sh600030,中信证券
2020-03-09,115.61,sh600030,中信证券
2020-03-10,118.65,sh600030,中信证券
2020-03-11,115.73,sh600030,中信证券
2020-03-12,114.27,sh600030,中信证券
2020-03-13,114.11,sh600030,中信证券
2020-03-16,108.97,sh600030,中信证券
2020-03-17,110.02,sh600030,中信证券
2020-03-18,107.19,sh600030,中信证券
2020-03-19,107.71,sh600030,中信证券
2020-03-20,108.93,sh600030,中信证券
2020-03-23,105.81,sh600030,中信证券
2020-03-24,107.51,sh600030,中信证券
2020-03-25,109.33,sh600030,中信证券
2020-03-26,108.2,sh600030,中信证券
2020-03-27,108.56,sh600030,中信证券
2020-03-30,107.35,sh600030,中信证券
2020-03-31,106.9,sh600030,中信证券
2020-04-01,106.66,sh600030,中信证券
2020-04-02,108.0,sh600030,中信证券
2020-04-03,106.78,sh600030,中信证券
2020-04-07,108.6,sh600030,中信证券
2020-04-08,108.48,sh600030,中信证券
2020-04-09,108.89,sh600030,中信证券
2020-04-10,108.24,sh600030,中信证券
2020-04-13,107.35,sh600030,中信证券
2020-04-14,111.15,sh600030,中信证券
2020-04-15,110.39,sh600030,中信证券
2020-04-16,113.02,sh600030,中信证券
2020-04-17,111.84,sh600030,中信证券
2020-04-20,112.29,sh600030,中信证券
2020-04-21,110.99,sh600030,中信证券
2020-04-22,111.07,sh600030,中信证券
2020-04-23,109.98,sh600030,中信证券
2020-04-24,109.09,sh600030,中信证券
2020-04-27,109.62,sh600030,中信证券
2020-04-28,111.48,sh600030,中信证券
2020-04-29,111.88,sh600030,中信证券
2020-04-30,113.14,sh600030,中信证券
2020-05-06,112.82,sh600030,中信证券
2020-05-07,111.96,sh600030,中信证券
2020-05-08,113.63,sh600030,中信证券
2020-05-11,112.61,sh600030,中信证券
2020-05-12,112.86,sh600030,中信证券
2020-05-13,113.3,sh600030,中信证券
2020-05-14,112.09,sh600030,中信证券
2020-05-15,112.09,sh600030,中信证券
2020-05-18,110.63,sh600030,中信证券
2020-05-19,111.15,sh600030,中信证券
2020-05-20,110.67,sh600030,中信证券
2020-05-21,110.39,sh600030,中信证券
2020-05-22,107.47,sh600030,中信证券
2020-05-25,107.1,sh600030,中信证券
2020-05-26,108.16,sh600030,中信证券
2020-05-27,107.43,sh600030,中信证券
2020-05-28,108.2,sh600030,中信证券
2020-05-29,107.35,sh600030,中信证券
2020-06-01,110.87,sh600030,中信证券
2020-06-02,110.39,sh600030,中信证券
2020-06-03,109.9,sh600030,中信证券
2020-06-04,109.33,sh600030,中信证券
2020-06-05,109.66,sh600030,中信证券
2020-06-08,110.18,sh600030,中信证券
2020-06-09,111.48,sh600030,中信证券
2020-06-10,110.55,sh600030,中信证券
2020-06-11,109.45,sh600030,中信证券
2020-06-12,108.72,sh600030,中信证券
2020-06-15,108.64,sh600030,中信证券
2020-06-16,109.74,sh600030,中信证券
2020-06-17,109.37,sh600030,中信证券
2020-06-18,110.63,sh600030,中信证券
2020-06-19,113.75,sh600030,中信证券
2020-06-22,114.8,sh600030,中信证券
2020-06-23,114.52,sh600030,中信证券
2020-06-24,115.37,sh600030,中信证券
2020-06-29,112.33,sh600030,中信证券
2020-06-30,114.8,sh600030,中信证券
2020-07-01,117.27,sh600030,中信证券
2020-07-02,122.7,sh600030,中信证券
2020-07-03,133.27,sh600030,中信证券
2020-07-06,144.89,sh600030,中信证券
2020-07-07,143.23,sh600030,中信证券
2020-07-08,152.83,sh600030,中信证券
2020-07-09,151.13,sh600030,中信证券
2020-07-10,145.82,sh600030,中信证券
2020-07-13,148.7,sh600030,中信证券
2020-07-14,146.88,sh600030,中信证券
2020-07-15,146.75,sh600030,中信证券
2020-07-16,135.9,sh600030,中信证券
2020-07-17,133.07,sh600030,中信证券
2020-07-20,141.29,sh600030,中信证券
2020-07-21,139.99,sh600030,中信证券
2020-07-22,140.68,sh600030,中信证券
2020-07-23,140.84,sh600030,中信证券
2020-07-24,132.58,sh600030,中信证券
2020-07-27,132.58,sh600030,中信证券
2020-07-28,132.17,sh600030,中信证券
2020-07-29,137.72,sh600030,中信证券
2020-07-30,136.87,sh600030,中信证券
2020-07-31,138.49,sh600030,中信证券
2020-08-03,140.31,sh600030,中信证券
2020-08-04,139.55,sh600030,中信证券
2020-08-05,138.29,sh600030,中信证券
2020-08-06,147.08,sh600030,中信证券
2020-08-07,146.59,sh600030,中信证券
2020-08-10,151.65,sh600030,中信证券
2020-08-11,143.96,sh600030,中信证券
2020-08-12,143.07,sh600030,中信证券
2020-08-13,142.26,sh600030,中信证券
2020-08-14,144.2,sh600030,中信证券
2020-08-17,150.68,sh600030,中信证券
2020-08-18,151.37,sh600030,中信证券
2020-08-19,149.55,sh600030,中信证券
2020-08-20,146.67,sh600030,中信证券
2020-08-21,148.46,sh600030,中信证券
2020-08-24,147.97,sh600030,中信证券
2020-08-25,147.48,sh600030,中信证券
2020-08-26,143.64,sh600030,中信证券
2020-08-27,144.61,sh600030,中信证券
2020-08-28,148.74,sh600030,中信证券
2020-08-31,147.97,sh600030,中信证券
2020-09-01,149.22,sh600030,中信证券
2020-09-02,148.37,sh600030,中信证券
2020-09-03,146.84,sh600030,中信证券
2020-09-04,144.89,sh600030,中信证券
2020-09-07,140.31,sh600030,中信证券
2020-09-08,143.31,sh600030,中信证券
2020-09-09,141.04,sh600030,中信证券
2020-09-10,140.68,sh600030,中信证券
2020-09-11,141.04,sh600030,中信证券
2020-09-14,140.88,sh600030,中信证券
2020-09-15,141.57,sh600030,中信证券
2020-09-16,141.61,sh600030,中信证券
2020-09-17,139.1,sh600030,中信证券
2020-09-18,144.32,sh600030,中信证券
2020-09-21,144.45,sh600030,中信证券
2020-09-22,143.19,sh600030,中信证券
2020-09-23,141.93,sh600030,中信证券
2020-09-24,140.48,sh600030,中信证券
2020-09-25,141.49,sh600030,中信证券
2020-09-28,141.57,sh600030,中信证券
2020-09-29,141.73,sh600030,中信证券
2020-09-30,140.8,sh600030,中信证券
2020-10-09,143.11,sh600030,中信证券
2020-10-12,147.65,sh600030,中信证券
2020-10-13,146.15,sh600030,中信证券
2020-10-14,144.53,sh600030,中信证券
2020-10-15,144.61,sh600030,中信证券
2020-10-16,145.05,sh600030,中信证券
2020-10-19,144.24,sh600030,中信证券
2020-10-20,143.31,sh600030,中信证券
2020-10-21,142.42,sh600030,中信证券
2020-10-22,142.46,sh600030,中信证券
2020-10-23,141.08,sh600030,中信证券
2020-10-26,136.71,sh600030,中信证券
2020-10-27,136.51,sh600030,中信证券
2020-10-28,137.68,sh600030,中信证券
2020-10-29,139.14,sh600030,中信证券
2020-10-30,135.13,sh600030,中信证券
2020-11-02,132.9,sh600030,中信证券
2020-11-03,135.54,sh600030,中信证券
2020-11-04,135.54,sh600030,中信证券
2020-11-05,137.4,sh600030,中信证券
2020-11-06,137.6,sh600030,中信证券
2020-11-09,141.77,sh600030,中信证券
2020-11-10,139.67,sh600030,中信证券
2020-11-11,137.68,sh600030,中信证券
2020-11-12,137.12,sh600030,中信证券
2020-11-13,135.45,sh600030,中信证券
2020-11-16,136.51,sh600030,中信证券
2020-11-17,137.16,sh600030,中信证券
2020-11-18,137.24,sh600030,中信证券
2020-11-19,137.97,sh600030,中信证券
2020-11-20,138.33,sh600030,中信证券
2020-11-23,140.27,sh600030,中信证券
2020-11-24,138.78,sh600030,中信证券
2020-11-25,137.52,sh600030,中信证券
2020-11-26,137.84,sh600030,中信证券
2020-11-27,140.6,sh600030,中信证券
2020-11-30,141.89,sh600030,中信证券
2020-12-01,145.94,sh600030,中信证券
2020-12-02,145.05,sh600030,中信证券
2020-12-03,144.32,sh600030,中信证券
2020-12-04,141.89,sh600030,中信证券
2020-12-07,140.72,sh600030,中信证券
2020-12-08,140.72,sh600030,中信证券
2020-12-09,137.8,sh600030,中信证券
2020-12-10,137.28,sh600030,中信证券
2020-12-11,135.62,sh600030,中信证券
2020-12-14,135.98,sh600030,中信证券
2020-12-15,135.86,sh600030,中信证券
2020-12-16,135.05,sh600030,中信证券
2020-12-17,137.52,sh600030,中信证券
2020-12-18,135.86,sh600030,中信证券
2020-12-21,136.75,sh600030,中信证券
2020-12-22,132.62,sh600030,中信证券
2020-12-23,133.39,sh600030,中信证券
2020-12-24,132.82,sh600030,中信证券
2020-12-25,132.66,sh600030,中信证券
2020-12-28,132.5,sh600030,中信证券
2020-12-29,133.19,sh600030,中信证券
2020-12-30,134.6,sh600030,中信证券
2020-12-31,138.25,sh600030,中信证券
2021-01-04,137.36,sh600030,中信证券
2021-01-05,137.2,sh600030,中信证券
2021-01-06,139.14,sh600030,中信证券
2021-01-07,139.67,sh600030,中信证券
2021-01-08,140.92,sh600030,中信证券
2021-01-11,137.76,sh600030,中信证券
2021-01-12,148.9,sh600030,中信证券
2021-01-13,144.53,sh600030,中信证券
2021-01-14,141.49,sh600030,中信证券
2021-01-15,141.41,sh600030,中信证券
2021-01-18,142.1,sh600030,中信证券
2021-01-19,142.5,sh600030,中信证券
2021-01-20,145.13,sh600030,中信证券
2021-01-21,145.42,sh600030,中信证券
2021-01-22,142.02,sh600030,中信证券
2021-01-25,140.56,sh600030,中信证券
2021-01-26,135.74,sh600030,中信证券
2021-01-27,135.45,sh600030,中信证券
2021-01-28,134.6,sh600030,中信证券
2021-01-29,134.0,sh600030,中信证券
2021-02-01,133.79,sh600030,中信证券
2021-02-02,133.23,sh600030,中信证券
2021-02-03,132.46,sh600030,中信证券
2021-02-04,128.89,sh600030,中信证券
2021-02-05,128.61,sh600030,中信证券
2021-02-08,129.83,sh600030,中信证券
2021-02-09,132.54,sh600030,中信证券
2021-02-10,132.05,sh600030,中信证券
2021-02-18,132.34,sh600030,中信证券
2021-02-19,135.09,sh600030,中信证券
2021-02-22,131.65,sh600030,中信证券
2021-02-23,130.96,sh600030,中信证券
2021-02-24,130.23,sh600030,中信证券
2021-02-25,131.49,sh600030,中信证券
2021-02-26,129.54,sh600030,中信证券
2021-03-01,122.94,sh600030,中信证券
2021-03-02,121.08,sh600030,中信证券
2021-03-03,121.93,sh600030,中信证券
2021-03-04,119.66,sh600030,中信证券
2021-03-05,120.63,sh600030,中信证券
2021-03-08,118.57,sh600030,中信证券
2021-03-09,115.37,sh600030,中信证券
2021-03-10,115.12,sh600030,中信证券
2021-03-11,116.5,sh600030,中信证券
2021-03-12,115.49,sh600030,中信证券
2021-03-15,113.38,sh600030,中信证券
2021-03-16,113.95,sh600030,中信证券
2021-03-17,114.92,sh600030,中信证券
2021-03-18,114.56,sh600030,中信证券
2021-03-19,116.3,sh600030,中信证券
2021-03-22,116.99,sh600030,中信证券
2021-03-23,116.62,sh600030,中信证券
2021-03-24,116.54,sh600030,中信证券
2021-03-25,115.97,sh600030,中信证券
2021-03-26,116.3,sh600030,中信证券
2021-03-29,117.43,sh600030,中信证券
2021-03-30,117.43,sh600030,中信证券
2021-03-31,115.93,sh600030,中信证券
2021-04-01,117.03,sh600030,中信证券
2021-04-02,116.91,sh600030,中信证券
2021-04-06,116.99,sh600030,中信证券
2021-04-07,116.58,sh600030,中信证券
2021-04-08,116.34,sh600030,中信证券
2021-04-09,114.76,sh600030,中信证券
2021-04-12,113.54,sh600030,中信证券
2021-04-13,113.83,sh600030,中信证券
2021-04-14,114.68,sh600030,中信证券
2021-04-15,113.87,sh600030,中信证券
2021-04-16,115.04,sh600030,中信证券
2021-04-19,116.46,sh600030,中信证券
2021-04-20,115.45,sh600030,中信证券
2021-04-21,114.76,sh600030,中信证券
2021-04-22,114.27,sh600030,中信证券
2021-04-23,113.95,sh600030,中信证券
2021-04-26,112.53,sh600030,中信证券
2021-04-27,111.32,sh600030,中信证券
2021-04-28,111.84,sh600030,中信证券
2021-04-29,115.53,sh600030,中信证券
2021-04-30,115.77,sh600030,中信证券
2021-05-06,116.38,sh600030,中信证券
2021-05-07,114.11,sh600030,中信证券
2021-05-10,115.45,sh600030,中信证券
2021-05-11,115.85,sh600030,中信证券
2021-05-12,116.14,sh600030,中信证券
2021-05-13,114.88,sh600030,中信证券
2021-05-14,122.21,sh600030,中信证券
2021-05-17,119.98,sh600030,中信证券
2021-05-18,119.5,sh600030,中信证券
2021-05-19,119.54,sh600030,中信证券
2021-05-20,120.67,sh600030,中信证券
2021-05-21,118.85,sh600030,中信证券
2021-05-24,121.36,sh600030,中信证券
2021-05-25,125.41,sh600030,中信证券
2021-05-26,123.99,sh600030,中信证券
2021-05-27,124.16,sh600030,中信证券
2021-05-28,125.21,sh600030,中信证券
2021-05-31,124.92,sh600030,中信证券
2021-06-01,123.55,sh600030,中信证券
2021-06-02,121.24,sh600030,中信证券
2021-06-03,121.16,sh600030,中信证券
2021-06-04,122.62,sh600030,中信证券
2021-06-07,124.72,sh600030,中信证券
2021-06-08,124.16,sh600030,中信证券
2021-06-09,123.39,sh600030,中信证券
2021-06-10,123.1,sh600030,中信证券
2021-06-11,120.19,sh600030,中信证券
2021-06-15,118.73,sh600030,中信证券
2021-06-16,119.01,sh600030,中信证券
2021-06-17,118.57,sh600030,中信证券
2021-06-18,119.01,sh600030,中信证券
2021-06-21,118.4,sh600030,中信证券
2021-06-22,119.05,sh600030,中信证券
2021-06-23,119.46,sh600030,中信证券
2021-06-24,120.43,sh600030,中信证券
2021-06-25,122.49,sh600030,中信证券
2021-06-28,120.96,sh600030,中信证券
2021-06-29,119.62,sh600030,中信证券
2021-06-30,120.19,sh600030,中信证券
2021-07-01,119.09,sh600030,中信证券
2021-07-02,114.96,sh600030,中信证券
2021-07-05,114.48,sh600030,中信证券
2021-07-06,115.08,sh600030,中信证券
2021-07-07,114.92,sh600030,中信证券
2021-07-08,114.76,sh600030,中信证券
2021-07-09,114.39,sh600030,中信证券
2021-07-12,115.93,sh600030,中信证券
2021-07-13,115.25,sh600030,中信证券
2021-07-14,113.63,sh600030,中信证券
2021-07-15,115.04,sh600030,中信证券
2021-07-16,115.69,sh600030,中信证券
2021-07-19,115.57,sh600030,中信证券
2021-07-20,114.8,sh600030,中信证券
2021-07-21,115.65,sh600030,中信证券
2021-07-22,116.91,sh600030,中信证券
2021-07-23,117.35,sh600030,中信证券
2021-07-26,114.35,sh600030,中信证券
2021-07-27,111.96,sh600030,中信证券
2021-07-28,111.8,sh600030,中信证券
2021-07-29,112.41,sh600030,中信证券
2021-07-30,110.67,sh600030,中信证券
2021-08-02,113.42,sh600030,中信证券
2021-08-03,113.67,sh600030,中信证券
2021-08-04,113.38,sh600030,中信证券
2021-08-05,111.8,sh600030,中信证券
2021-08-06,112.65,sh600030,中信证券
2021-08-09,114.44,sh600030,中信证券
2021-08-10,115.45,sh600030,中信证券
2021-08-11,115.16,sh600030,中信证券
2021-08-12,115.33,sh600030,中信证券
2021-08-13,116.78,sh600030,中信证券
2021-08-16,116.42,sh600030,中信证券
2021-08-17,116.01,sh600030,中信证券
2021-08-18,121.44,sh600030,中信证券
2021-08-19,118.97,sh600030,中信证券
2021-08-20,118.97,sh600030,中信证券
2021-08-23,119.74,sh600030,中信证券
2021-08-24,122.62,sh600030,中信证券
2021-08-25,121.73,sh600030,中信证券
2021-08-26,120.35,sh600030,中信证券
2021-08-27,120.96,sh600030,中信证券
2021-08-30,119.38,sh600030,中信证券
2021-08-31,124.8,sh600030,中信证券
2021-09-01,129.7,sh600030,中信证券
2021-09-02,130.51,sh600030,中信证券
2021-09-03,128.49,sh600030,中信证券
2021-09-06,129.42,sh600030,中信证券
2021-09-07,130.76,sh600030,中信证券
2021-09-08,129.74,sh600030,中信证券
2021-09-09,129.06,sh600030,中信证券
2021-09-10,131.24,sh600030,中信证券
2021-09-13,130.92,sh600030,中信证券
2021-09-14,128.04,sh600030,中信证券
2021-09-15,127.07,sh600030,中信证券
2021-09-16,123.99,sh600030,中信证券
2021-09-17,125.9,sh600030,中信证券
2021-09-22,124.84,sh600030,中信证券
2021-09-23,126.91,sh600030,中信证券
2021-09-24,126.26,sh600030,中信证券
2021-09-27,124.68,sh600030,中信证券
2021-09-28,125.53,sh600030,中信证券
2021-09-29,124.52,sh600030,中信证券
2021-09-30,123.18,sh600030,中信证券
2021-10-08,125.09,sh600030,中信证券
2021-10-11,124.72,sh600030,中信证券
2021-10-12,121.48,sh600030,中信证券
2021-10-13,120.87,sh600030,中信证券
2021-10-14,121.08,sh600030,中信证券
2021-10-15,121.89,sh600030,中信证券
2021-10-18,121.97,sh600030,中信证券
2021-10-19,122.25,sh600030,中信证券
2021-10-20,122.05,sh600030,中信证券
2021-10-21,122.7,sh600030,中信证券
2021-10-22,123.91,sh600030,中信证券
2021-10-25,124.68,sh600030,中信证券
2021-10-26,123.1,sh600030,中信证券
2021-10-27,120.71,sh600030,中信证券
2021-10-28,121.04,sh600030,中信证券
2021-10-29,125.61,sh600030,中信证券
2021-11-01,126.02,sh600030,中信证券
2021-11-02,124.2,sh600030,中信证券
2021-11-03,123.63,sh600030,中信证券
2021-11-04,123.83,sh600030,中信证券
2021-11-05,123.51,sh600030,中信证券
2021-11-08,123.91,sh600030,中信证券
2021-11-09,124.4,sh600030,中信证券
2021-11-10,122.09,sh600030,中信证券
2021-11-11,125.09,sh600030,中信证券
2021-11-12,123.43,sh600030,中信证券
2021-11-15,122.94,sh600030,中信证券
2021-11-16,118.04,sh600030,中信证券
2021-11-17,118.16,sh600030,中信证券
2021-11-18,118.32,sh600030,中信证券
2021-11-19,119.21,sh600030,中信证券
2021-11-22,119.17,sh600030,中信证券
2021-11-23,118.85,sh600030,中信证券
2021-11-24,118.77,sh600030,中信证券
2021-11-25,118.36,sh600030,中信证券
2021-11-26,117.68,sh600030,中信证券
2021-11-29,117.19,sh600030,中信证券
2021-11-30,117.07,sh600030,中信证券
2021-12-01,118.93,sh600030,中信证券
2021-12-02,119.62,sh600030,中信证券
2021-12-03,121.16,sh600030,中信证券
2021-12-06,125.73,sh600030,中信证券
2021-12-07,126.71,sh600030,中信证券
2021-12-08,128.08,sh600030,中信证券
2021-12-09,129.66,sh600030,中信证券
2021-12-10,127.88,sh600030,中信证券
2021-12-13,128.81,sh600030,中信证券
2021-12-14,127.4,sh600030,中信证券
2021-12-15,127.72,sh600030,中信证券
2021-12-16,128.73,sh600030,中信证券
2021-12-17,127.27,sh600030,中信证券
2021-12-20,125.61,sh600030,中信证券
2021-12-21,126.54,sh600030,中信证券
2021-12-22,125.61,sh600030,中信证券
2021-12-23,125.82,sh600030,中信证券
2021-12-24,124.84,sh600030,中信证券
2021-12-27,126.1,sh600030,中信证券
2021-12-28,126.3,sh600030,中信证券
2021-12-29,125.61,sh600030,中信证券
2021-12-30,127.6,sh600030,中信证券
2021-12-31,127.76,sh600030,中信证券
2022-01-04,127.88,sh600030,中信证券
2022-01-05,125.86,sh600030,中信证券
2022-01-06,123.75,sh600030,中信证券
2022-01-07,124.97,sh600030,中信证券
2022-01-10,125.41,sh600030,中信证券
2022-01-11,125.94,sh600030,中信证券
2022-01-12,126.79,sh600030,中信证券
2022-01-13,127.56,sh600030,中信证券
2022-01-14,122.17,sh600030,中信证券
2022-01-17,124.76,sh600030,中信证券
2022-01-18,124.88,sh600030,中信证券
2022-01-27,124.34,sh600030,中信证券
2022-01-28,126.43,sh600030,中信证券
2022-02-07,129.59,sh600030,中信证券
2022-02-08,130.01,sh600030,中信证券
2022-02-09,129.73,sh600030,中信证券
2022-02-10,129.82,sh600030,中信证券
2022-02-11,131.49,sh600030,中信证券
2022-02-14,127.36,sh600030,中信证券
2022-02-15,126.85,sh600030,中信证券
2022-02-16,126.15,sh600030,中信证券
2022-02-17,125.09,sh600030,中信证券
2022-02-18,126.62,sh600030,中信证券
2022-02-21,126.06,sh600030,中信证券
2022-02-22,123.79,sh600030,中信证券
2022-02-23,124.81,sh600030,中信证券
2022-02-24,121.14,sh600030,中信证券
2022-02-25,120.49,sh600030,中信证券
2022-02-28,120.54,sh600030,中信证券
2022-03-01,120.72,sh600030,中信证券
2022-03-02,119.29,sh600030,中信证券
2022-03-03,119.94,sh600030,中信证券
2022-03-04,117.76,sh600030,中信证券
2022-03-07,113.16,sh600030,中信证券
2022-03-08,110.19,sh600030,中信证券
2022-03-09,108.61,sh600030,中信证券
2022-03-10,108.15,sh600030,中信证券
2022-03-11,109.26,sh600030,中信证券
2022-03-14,107.5,sh600030,中信证券
2022-03-15,103.28,sh600030,中信证券
2022-03-16,108.94,sh600030,中信证券
2022-03-17,108.43,sh600030,中信证券
2022-03-18,111.82,sh600030,中信证券
2022-03-21,108.85,sh600030,中信证券
2022-03-22,109.03,sh600030,中信证券
2022-03-23,108.98,sh600030,中信证券
2022-03-24,108.24,sh600030,中信证券
2022-03-25,106.8,sh600030,中信证券
2022-03-28,107.22,sh600030,中信证券
2022-03-29,106.25,sh600030,中信证券
2022-03-30,110.05,sh600030,中信证券
2022-03-31,109.26,sh600030,中信证券
2022-04-01,110.28,sh600030,中信证券
2022-04-06,110.28,sh600030,中信证券
2022-04-07,108.24,sh600030,中信证券
2022-04-08,110.1,sh600030,中信证券
2022-04-11,107.27,sh600030,中信证券
2022-04-12,110.19,sh600030,中信证券
2022-04-13,108.34,sh600030,中信证券
2022-04-14,109.59,sh600030,中信证券
2022-04-15,109.17,sh600030,中信证券
2022-04-18,106.43,sh600030,中信证券
2022-04-19,106.11,sh600030,中信证券
2022-04-20,104.67,sh600030,中信证券
2022-04-21,104.34,sh600030,中信证券
2022-04-22,104.53,sh600030,中信证券
2022-04-25,101.51,sh600030,中信证券
2022-04-26,97.34,sh600030,中信证券
2022-04-27,99.57,sh600030,中信证券
2022-04-28,99.38,sh600030,中信证券
2022-04-29,103.65,sh600030,中信证券
2022-05-05,102.21,sh600030,中信证券
2022-05-06,99.52,sh600030,中信证券
2022-05-09,99.19,sh600030,中信证券
2022-05-10,100.49,sh600030,中信证券
2022-05-11,101.05,sh600030,中信证券
2022-05-12,100.86,sh600030,中信证券
2022-05-13,101.79,sh600030,中信证券
2022-05-16,100.77,sh600030,中信证券
2022-05-17,101.93,sh600030,中信证券
2022-05-18,102.86,sh600030,中信证券
2022-05-19,102.16,sh600030,中信证券
2022-05-20,103.93,sh600030,中信证券
2022-05-23,103.69,sh600030,中信证券
2022-05-24,101.56,sh600030,中信证券
2022-05-25,101.89,sh600030,中信证券
2022-05-26,103.32,sh600030,中信证券
2022-05-27,103.28,sh600030,中信证券
2022-05-30,102.77,sh600030,中信证券
2022-05-31,104.11,sh600030,中信证券
2022-06-01,103.28,sh600030,中信证券
2022-06-02,103.6,sh600030,中信证券
2022-06-06,104.9,sh600030,中信证券
2022-06-07,105.6,sh600030,中信证券
2022-06-08,106.76,sh600030,中信证券
2022-06-09,106.15,sh600030,中信证券
2022-06-10,108.75,sh600030,中信证券
2022-06-13,106.34,sh600030,中信证券
2022-06-14,110.24,sh600030,中信证券
2022-06-15,113.76,sh600030,中信证券
2022-06-16,108.89,sh600030,中信证券
2022-06-17,108.89,sh600030,中信证券
2022-06-20,108.43,sh600030,中信证券
2022-06-21,109.77,sh600030,中信证券
2022-06-22,108.61,sh600030,中信证券
2022-06-23,113.3,sh600030,中信证券
2022-06-24,112.65,sh600030,中信证券
2022-06-27,113.44,sh600030,中信证券
2022-06-28,113.21,sh600030,中信证券
2022-06-29,111.63,sh600030,中信证券
2022-06-30,112.79,sh600030,中信证券
2022-07-01,111.3,sh600030,中信证券
2022-07-04,111.77,sh600030,中信证券
2022-07-05,110.47,sh600030,中信证券
2022-07-06,109.36,sh600030,中信证券
2022-07-07,109.22,sh600030,中信证券
2022-07-08,108.2,sh600030,中信证券
2022-07-11,106.02,sh600030,中信证券
2022-07-12,106.11,sh600030,中信证券
2022-07-13,106.11,sh600030,中信证券
2022-07-14,105.18,sh600030,中信证券
2022-07-15,103.09,sh600030,中信证券
2022-07-18,104.48,sh600030,中信证券
2022-07-19,104.9,sh600030,中信证券
2022-07-20,104.99,sh600030,中信证券
2022-07-21,104.02,sh600030,中信证券
2022-07-22,104.53,sh600030,中信证券
2022-07-25,103.51,sh600030,中信证券
2022-07-26,104.3,sh600030,中信证券
2022-07-27,104.21,sh600030,中信证券
2022-07-28,104.48,sh600030,中信证券
2022-07-29,103.23,sh600030,中信证券
2022-08-01,102.02,sh600030,中信证券
2022-08-02,99.52,sh600030,中信证券
2022-08-03,99.29,sh600030,中信证券
2022-08-04,99.7,sh600030,中信证券
2022-08-05,101.84,sh600030,中信证券
2022-08-08,102.44,sh600030,中信证券
2022-08-09,102.21,sh600030,中信证券
2022-08-10,102.67,sh600030,中信证券
2022-08-11,105.88,sh600030,中信证券
2022-08-12,105.37,sh600030,中信证券
2022-08-15,104.85,sh600030,中信证券
2022-08-16,104.81,sh600030,中信证券
2022-08-17,106.02,sh600030,中信证券
2022-08-18,105.18,sh600030,中信证券
2022-08-19,104.99,sh600030,中信证券
2022-08-22,104.85,sh600030,中信证券
2022-08-23,104.62,sh600030,中信证券
2022-08-24,102.95,sh600030,中信证券
2022-08-25,105.64,sh600030,中信证券
2022-08-26,104.81,sh600030,中信证券
2022-08-29,104.67,sh600030,中信证券
2022-08-30,104.11,sh600030,中信证券
2022-08-31,105.37,sh600030,中信证券
2022-09-01,104.34,sh600030,中信证券
2022-09-02,104.07,sh600030,中信证券
2022-09-05,104.21,sh600030,中信证券
2022-09-06,105.18,sh600030,中信证券
2022-09-07,104.67,sh600030,中信证券
2022-09-08,104.39,sh600030,中信证券
2022-09-09,106.57,sh600030,中信证券
2022-09-13,106.8,sh600030,中信证券
2022-09-14,105.64,sh600030,中信证券
2022-09-15,105.41,sh600030,中信证券
2022-09-16,100.26,sh600030,中信证券
2022-09-19,100.26,sh600030,中信证券
2022-09-20,100.26,sh600030,中信证券
2022-09-21,100.31,sh600030,中信证券
2022-09-22,100.12,sh600030,中信证券
2022-09-23,99.98,sh600030,中信证券
2022-09-26,98.4,sh600030,中信证券
2022-09-27,98.64,sh600030,中信证券
2022-09-28,97.01,sh600030,中信证券
2022-09-29,95.53,sh600030,中信证券
2022-09-30,95.62,sh600030,中信证券
2022-10-10,95.2,sh600030,中信证券
2022-10-11,95.48,sh600030,中信证券
2022-10-12,97.34,sh600030,中信证券
2022-10-13,96.97,sh600030,中信证券
2022-10-14,98.64,sh600030,中信证券
2022-10-17,99.15,sh600030,中信证券
2022-10-18,99.1,sh600030,中信证券
2022-10-19,98.78,sh600030,中信证券
2022-10-20,98.78,sh600030,中信证券
2022-10-21,99.24,sh600030,中信证券
2022-10-24,97.2,sh600030,中信证券
2022-10-25,96.13,sh600030,中信证券
2022-10-26,96.13,sh600030,中信证券
2022-10-27,96.46,sh600030,中信证券
2022-10-28,94.69,sh600030,中信证券
2022-10-31,94.65,sh600030,中信证券
2022-11-01,97.85,sh600030,中信证券
2022-11-02,97.89,sh600030,中信证券
2022-11-03,97.06,sh600030,中信证券
2022-11-04,99.47,sh600030,中信证券
2022-11-07,99.57,sh600030,中信证券
2022-11-08,99.61,sh600030,中信证券
2022-11-09,99.47,sh600030,中信证券
2022-11-10,100.31,sh600030,中信证券
2022-11-11,102.77,sh600030,中信证券
2022-11-14,103.88,sh600030,中信证券
2022-11-15,106.66,sh600030,中信证券
2022-11-16,104.95,sh600030,中信证券
2022-11-17,105.09,sh600030,中信证券
2022-11-18,103.65,sh600030,中信证券
2022-11-21,102.26,sh600030,中信证券
2022-11-22,103.69,sh600030,中信证券
2022-11-23,103.97,sh600030,中信证券
2022-11-24,103.42,sh600030,中信证券
2022-11-25,104.58,sh600030,中信证券
2022-11-28,103.0,sh600030,中信证券
2022-11-29,106.39,sh600030,中信证券
2022-11-30,106.76,sh600030,中信证券
2022-12-01,107.45,sh600030,中信证券
2022-12-02,106.8,sh600030,中信证券
2022-12-05,111.44,sh600030,中信证券
2022-12-06,111.77,sh600030,中信证券
2022-12-07,110.33,sh600030,中信证券
2022-12-08,109.96,sh600030,中信证券
2022-12-09,110.56,sh600030,中信证券
2022-12-12,108.71,sh600030,中信证券
2022-12-13,108.98,sh600030,中信证券
2022-12-14,110.1,sh600030,中信证券
2022-12-15,108.85,sh600030,中信证券
2022-12-16,109.5,sh600030,中信证券
2022-12-19,107.41,sh600030,中信证券
2022-12-20,106.25,sh600030,中信证券
2022-12-21,106.39,sh600030,中信证券
2022-12-22,106.99,sh600030,中信证券
2022-12-23,106.62,sh600030,中信证券
2022-12-26,106.06,sh600030,中信证券
2022-12-27,108.24,sh600030,中信证券
2022-12-28,107.82,sh600030,中信证券
2022-12-29,106.57,sh600030,中信证券
2022-12-30,107.18,sh600030,中信证券
2023-01-03,107.13,sh600030,中信证券
2023-01-04,108.29,sh600030,中信证券
2023-01-05,109.63,sh600030,中信证券
2023-01-06,109.5,sh600030,中信证券
2023-01-09,110.61,sh600030,中信证券
2023-01-10,109.63,sh600030,中信证券
2023-01-11,109.17,sh600030,中信证券
2023-01-12,109.73,sh600030,中信证券
2023-01-13,111.07,sh600030,中信证券
2023-01-16,114.74,sh600030,中信证券
2023-01-17,115.16,sh600030,中信证券
2023-01-18,114.0,sh600030,中信证券
2023-01-19,115.11,sh600030,中信证券
2023-01-20,115.34,sh600030,中信证券
2023-01-30,115.06,sh600030,中信证券
2023-01-31,114.14,sh600030,中信证券
2023-02-01,117.29,sh600030,中信证券
2023-02-02,114.23,sh600030,中信证券
2023-02-03,113.9,sh600030,中信证券
2023-02-06,111.54,sh600030,中信证券
2023-02-07,111.77,sh600030,中信证券
2023-02-08,111.63,sh600030,中信证券
2023-02-09,113.02,sh600030,中信证券
2023-02-10,112.05,sh600030,中信证券
2023-02-13,111.91,sh600030,中信证券
2023-02-14,111.86,sh600030,中信证券
2023-02-15,111.07,sh600030,中信证券
2023-02-16,110.24,sh600030,中信证券
2023-02-17,108.71,sh600030,中信证券
2023-02-20,112.42,sh600030,中信证券
2023-02-21,112.65,sh600030,中信证券
2023-02-22,111.3,sh600030,中信证券
2023-02-23,112.37,sh600030,中信证券
2023-02-24,110.33,sh600030,中信证券
2023-02-27,109.63,sh600030,中信证券
2023-02-28,110.61,sh600030,中信证券
2023-03-01,111.77,sh600030,中信证券
2023-03-02,111.68,sh600030,中信证券
2023-03-03,113.02,sh600030,中信证券
2023-03-06,110.79,sh600030,中信证券
2023-03-07,109.96,sh600030,中信证券
2023-03-08,109.26,sh600030,中信证券
2023-03-09,108.89,sh600030,中信证券
2023-03-10,107.55,sh600030,中信证券
2023-03-13,108.2,sh600030,中信证券
2023-03-14,106.94,sh600030,中信证券
2023-03-15,107.82,sh600030,中信证券
2023-03-16,107.18,sh600030,中信证券
2023-03-17,108.34,sh600030,中信证券
2023-03-20,107.82,sh600030,中信证券
2023-03-21,108.57,sh600030,中信证券
2023-03-22,108.98,sh600030,中信证券
2023-03-23,109.87,sh600030,中信证券
2023-03-24,110.01,sh600030,中信证券
2023-03-27,109.45,sh600030,中信证券
2023-03-28,109.4,sh600030,中信证券
2023-03-29,108.57,sh600030,中信证券
2023-03-30,109.82,sh600030,中信证券
2023-03-31,109.82,sh600030,中信证券
2023-04-03,112.23,sh600030,中信证券
2023-04-04,112.56,sh600030,中信证券
2023-04-06,111.72,sh600030,中信证券
2023-04-07,113.02,sh600030,中信证券
2023-04-10,112.79,sh600030,中信证券
2023-04-11,113.81,sh600030,中信证券
2023-04-12,113.81,sh600030,中信证券
2023-04-13,111.95,sh600030,中信证券
2023-04-14,112.0,sh600030,中信证券
2023-04-17,115.85,sh600030,中信证券
2023-04-18,115.62,sh600030,中信证券
2023-04-19,114.46,sh600030,中信证券
2023-04-20,114.79,sh600030,中信证券
2023-04-21,111.35,sh600030,中信证券
2023-04-24,110.47,sh600030,中信证券
2023-04-25,110.93,sh600030,中信证券
2023-04-26,110.52,sh600030,中信证券
2023-04-27,112.37,sh600030,中信证券
2023-04-28,112.33,sh600030,中信证券
2023-05-04,113.49,sh600030,中信证券
2023-05-05,116.55,sh600030,中信证券
2023-05-08,120.08,sh600030,中信证券
2023-05-09,120.31,sh600030,中信证券
2023-05-10,116.36,sh600030,中信证券
2023-05-11,115.95,sh600030,中信证券
2023-05-12,114.55,sh600030,中信证券
2023-05-15,116.04,sh600030,中信证券
2023-05-16,115.95,sh600030,中信证券
2023-05-17,115.3,sh600030,中信证券
2023-05-18,115.34,sh600030,中信证券
2023-05-19,113.58,sh600030,中信证券
2023-05-22,113.63,sh600030,中信证券
2023-05-23,111.54,sh600030,中信证券
2023-05-24,108.89,sh600030,中信证券
2023-05-25,109.08,sh600030,中信证券
2023-05-26,109.31,sh600030,中信证券
2023-05-29,109.22,sh600030,中信证券
2023-05-30,109.26,sh600030,中信证券
2023-05-31,107.82,sh600030,中信证券
2023-06-01,108.06,sh600030,中信证券
2023-06-02,108.47,sh600030,中信证券
2023-06-05,107.59,sh600030,中信证券
2023-06-06,106.8,sh600030,中信证券
2023-06-07,106.99,sh600030,中信证券
2023-06-08,108.52,sh600030,中信证券
2023-06-09,108.43,sh600030,中信证券
2023-06-12,106.9,sh600030,中信证券
2023-06-13,107.5,sh600030,中信证券
2023-06-14,107.59,sh600030,中信证券
2023-06-15,108.98,sh600030,中信证券
2023-06-16,109.4,sh600030,中信证券
2023-06-19,108.29,sh600030,中信证券
2023-06-20,107.87,sh600030,中信证券
2023-06-21,106.9,sh600030,中信证券
2023-06-26,104.3,sh600030,中信证券
2023-06-27,105.23,sh600030,中信证券
2023-06-28,105.27,sh600030,中信证券
2023-06-29,104.99,sh600030,中信证券
2023-06-30,106.57,sh600030,中信证券
2023-07-03,108.71,sh600030,中信证券
2023-07-04,108.89,sh600030,中信证券
2023-07-05,108.29,sh600030,中信证券
2023-07-06,107.82,sh600030,中信证券
2023-07-07,108.2,sh600030,中信证券
2023-07-10,108.15,sh600030,中信证券
2023-07-11,108.71,sh600030,中信证券
2023-07-12,107.96,sh600030,中信证券
2023-07-13,109.77,sh600030,中信证券
2023-07-14,109.91,sh600030,中信证券
2023-07-17,108.89,sh600030,中信证券
2023-07-18,108.94,sh600030,中信证券
2023-07-19,109.5,sh600030,中信证券
2023-07-20,108.98,sh600030,中信证券
2023-07-21,109.26,sh600030,中信证券
2023-07-24,109.4,sh600030,中信证券
2023-07-25,114.92,sh600030,中信证券
2023-07-26,115.85,sh600030,中信证券
2023-07-27,114.65,sh600030,中信证券
2023-07-28,124.62,sh600030,中信证券
2023-07-31,126.62,sh600030,中信证券
2023-08-01,124.62,sh600030,中信证券
2023-08-02,125.46,sh600030,中信证券
2023-08-03,128.15,sh600030,中信证券
2023-08-04,129.4,sh600030,中信证券
2023-08-07,129.73,sh600030,中信证券
2023-08-08,130.33,sh600030,中信证券
2023-08-09,130.38,sh600030,中信证券
2023-08-10,131.72,sh600030,中信证券
2023-08-11,126.62,sh600030,中信证券
2023-08-14,124.99,sh600030,中信证券
2023-08-15,126.66,sh600030,中信证券
2023-08-16,126.2,sh600030,中信证券
2023-08-17,125.92,sh600030,中信证券
2023-08-18,126.01,sh600030,中信证券
2023-08-21,121.24,sh600030,中信证券
2023-08-22,122.53,sh600030,中信证券
2023-08-23,120.59,sh600030,中信证券
2023-08-24,124.11,sh600030,中信证券
2023-08-25,125.78,sh600030,中信证券
2023-08-28,127.45,sh600030,中信证券
2023-08-29,125.55,sh600030,中信证券
2023-08-30,121.75,sh600030,中信证券
2023-08-31,120.08,sh600030,中信证券
2023-09-01,120.91,sh600030,中信证券
2023-09-04,121.79,sh600030,中信证券
2023-09-05,120.91,sh600030,中信证券
2023-09-06,119.75,sh600030,中信证券
2023-09-07,119.7,sh600030,中信证券
2023-09-08,120.31,sh600030,中信证券
2023-09-11,121.93,sh600030,中信证券
2023-09-12,120.96,sh600030,中信证券
2023-09-13,120.45,sh600030,中信证券
2023-09-14,120.49,sh600030,中信证券
2023-09-15,119.38,sh600030,中信证券
2023-09-18,119.8,sh600030,中信证券
2023-09-19,119.24,sh600030,中信证券
2023-09-20,118.68,sh600030,中信证券
2023-09-21,117.89,sh600030,中信证券
2023-09-22,121.98,sh600030,中信证券
2023-09-25,118.68,sh600030,中信证券
2023-09-26,119.05,sh600030,中信证券
2023-09-27,119.29,sh600030,中信证券
2023-09-28,117.57,sh600030,中信证券
2023-10-09,117.66,sh600030,中信证券
2023-10-10,116.5,sh600030,中信证券
2023-10-11,116.87,sh600030,中信证券
2023-10-12,118.03,sh600030,中信证券
2023-10-13,116.92,sh600030,中信证券
2023-10-16,116.87,sh600030,中信证券
2023-10-17,118.92,sh600030,中信证券
2023-10-18,118.5,sh600030,中信证券
2023-10-19,117.11,sh600030,中信证券
2023-10-20,116.97,sh600030,中信证券
2023-10-23,115.34,sh600030,中信证券
2023-10-24,117.38,sh600030,中信证券
2023-10-25,118.4,sh600030,中信证券
2023-10-26,118.22,sh600030,中信证券
2023-10-27,119.29,sh600030,中信证券
2023-10-30,117.29,sh600030,中信证券
2023-10-31,117.8,sh600030,中信证券
2023-11-01,117.89,sh600030,中信证券
2023-11-02,116.97,sh600030,中信证券
2023-11-03,118.5,sh600030,中信证券
2023-11-06,123.0,sh600030,中信证券
2023-11-07,122.81,sh600030,中信证券
2023-11-08,121.84,sh600030,中信证券
2023-11-09,121.28,sh600030,中信证券
2023-11-10,121.28,sh600030,中信证券
2023-11-13,120.49,sh600030,中信证券
2023-11-14,122.02,sh600030,中信证券
2023-11-15,121.93,sh600030,中信证券
2023-11-16,121.14,sh600030,中信证券
2023-11-17,121.56,sh600030,中信证券
2023-11-20,120.77,sh600030,中信证券
2023-11-21,121.19,sh600030,中信证券
2023-11-22,120.12,sh600030,中信证券
2023-11-23,120.26,sh600030,中信证券
2023-11-24,119.38,sh600030,中信证券
2023-11-27,117.71,sh600030,中信证券
2023-11-28,117.34,sh600030,中信证券
2023-11-29,116.36,sh600030,中信证券
2023-11-30,116.59,sh600030,中信证券
2023-12-01,117.11,sh600030,中信证券
2023-12-04,116.41,sh600030,中信证券
2023-12-05,115.11,sh600030,中信证券
2023-12-06,114.27,sh600030,中信证券
2023-12-07,114.65,sh600030,中信证券
2023-12-08,114.27,sh600030,中信证券
2023-12-11,115.48,sh600030,中信证券
2023-12-12,115.11,sh600030,中信证券
2023-12-13,113.16,sh600030,中信证券
2023-12-14,112.19,sh600030,中信证券
2023-12-15,112.0,sh600030,中信证券
2023-12-18,111.91,sh600030,中信证券
2023-12-19,112.84,sh600030,中信证券
2023-12-20,110.61,sh600030,中信证券
2023-12-21,111.12,sh600030,中信证券
2023-12-22,111.17,sh600030,中信证券
2023-12-25,109.91,sh600030,中信证券
2023-12-26,109.17,sh600030,中信证券
2023-12-27,109.4,sh600030,中信证券
2023-12-28,111.58,sh600030,中信证券
2023-12-29,111.58,sh600030,中信证券
2024-01-02,110.19,sh600030,中信证券
2024-01-03,110.7,sh600030,中信证券
2024-01-04,109.87,sh600030,中信证券
2024-01-05,108.89,sh600030,中信证券
2024-01-08,107.18,sh600030,中信证券
2024-01-09,107.36,sh600030,中信证券
2024-01-10,107.36,sh600030,中信证券
2024-01-11,108.01,sh600030,中信证券
2024-01-12,107.64,sh600030,中信证券
2024-01-15,107.45,sh600030,中信证券
2024-01-16,107.92,sh600030,中信证券
2024-01-17,106.25,sh600030,中信证券
2024-01-18,107.5,sh600030,中信证券
2024-01-19,107.41,sh600030,中信证券
2024-01-22,105.83,sh600030,中信证券
2024-01-23,108.85,sh600030,中信证券
2024-01-24,112.28,sh600030,中信证券
2024-01-25,112.47,sh600030,中信证券
2024-01-26,113.72,sh600030,中信证券
2024-01-29,112.56,sh600030,中信证券
2024-01-30,111.91,sh600030,中信证券
2024-01-31,112.19,sh600030,中信证券
2024-02-01,111.91,sh600030,中信证券
2024-02-02,110.7,sh600030,中信证券
2024-02-05,110.7,sh600030,中信证券
2024-02-06,115.16,sh600030,中信证券
2024-02-07,115.34,sh600030,中信证券
2024-02-08,115.67,sh600030,中信证券
2024-02-19,113.81,sh600030,中信证券
2024-02-20,114.46,sh600030,中信证券
2024-02-21,116.27,sh600030,中信证券
2024-02-22,117.89,sh600030,中信证券
2024-02-23,116.92,sh600030,中信证券
2024-02-26,116.08,sh600030,中信证券
2024-02-27,116.64,sh600030,中信证券
2024-02-28,114.51,sh600030,中信证券
2024-02-29,115.9,sh600030,中信证券
2024-03-01,115.99,sh600030,中信证券
2024-03-04,115.25,sh600030,中信证券
2024-03-05,115.34,sh600030,中信证券
2024-03-06,114.97,sh600030,中信证券
2024-03-07,113.63,sh600030,中信证券
2024-03-08,113.58,sh600030,中信证券
2024-03-11,115.39,sh600030,中信证券
2024-03-12,116.36,sh600030,中信证券
2024-03-13,114.83,sh600030,中信证券
2024-03-14,113.58,sh600030,中信证券
2024-03-15,113.9,sh600030,中信证券
2024-03-18,115.71,sh600030,中信证券
2024-03-19,113.72,sh600030,中信证券
2024-03-20,113.76,sh600030,中信证券
2024-03-21,113.72,sh600030,中信证券
2024-03-22,112.19,sh600030,中信证券
2024-03-25,107.55,sh600030,中信证券
2024-03-26,108.01,sh600030,中信证券
2024-03-27,106.85,sh600030,中信证券
2024-03-28,106.66,sh600030,中信证券
2024-03-29,106.15,sh600030,中信证券
2024-04-01,107.13,sh600030,中信证券
2024-04-02,106.66,sh600030,中信证券
2024-04-03,105.97,sh600030,中信证券
2024-04-08,104.85,sh600030,中信证券
2024-04-09,104.9,sh600030,中信证券
2024-04-10,102.49,sh600030,中信证券
2024-04-11,102.16,sh600030,中信证券
2024-04-12,100.31,sh600030,中信证券
2024-04-15,99.38,sh600030,中信证券
2024-04-16,98.87,sh600030,中信证券
2024-04-17,101.05,sh600030,中信证券
2024-04-18,101.56,sh600030,中信证券
2024-04-19,101.19,sh600030,中信证券
2024-04-22,101.89,sh600030,中信证券
2024-04-23,101.84,sh600030,中信证券
2024-04-24,101.84,sh600030,中信证券
2024-04-25,101.42,sh600030,中信证券
2024-04-26,105.97,sh600030,中信证券
2024-04-29,106.99,sh600030,中信证券
2024-04-30,105.27,sh600030,中信证券
2024-05-06,106.2,sh600030,中信证券
2024-05-07,105.78,sh600030,中信证券
2024-05-08,104.21,sh600030,中信证券
2024-05-09,104.81,sh600030,中信证券
2024-05-10,105.5,sh600030,中信证券
2024-05-13,105.13,sh600030,中信证券
2024-05-14,105.27,sh600030,中信证券
2024-05-15,104.07,sh600030,中信证券
2024-05-16,104.21,sh600030,中信证券
2024-05-17,106.11,sh600030,中信证券
2024-05-20,106.57,sh600030,中信证券
2024-05-21,106.34,sh600030,中信证券
2024-05-22,106.66,sh600030,中信证券
2024-05-23,104.62,sh600030,中信证券
2024-05-24,103.32,sh600030,中信证券
2024-05-27,103.97,sh600030,中信证券
2024-05-28,103.46,sh600030,中信证券
2024-05-29,103.6,sh600030,中信证券
2024-05-30,103.18,sh600030,中信证券
2024-05-31,103.46,sh600030,中信证券
2024-06-03,102.58,sh600030,中信证券
2024-06-04,103.18,sh600030,中信证券
2024-06-05,103.09,sh600030,中信证券
2024-06-06,102.86,sh600030,中信证券
2024-06-07,102.35,sh600030,中信证券
2024-06-11,102.16,sh600030,中信证券
2024-06-12,101.89,sh600030,中信证券
2024-06-13,101.79,sh600030,中信证券
2024-06-14,103.51,sh600030,中信证券
2024-06-17,103.65,sh600030,中信证券
2024-06-18,103.88,sh600030,中信证券
2024-06-19,103.05,sh600030,中信证券
2024-06-20,102.35,sh600030,中信证券
2024-06-21,102.63,sh600030,中信证券
2024-06-24,102.53,sh600030,中信证券
2024-06-25,101.14,sh600030,中信证券
2024-06-26,102.44,sh600030,中信证券
2024-06-27,102.44,sh600030,中信证券
2024-06-28,101.65,sh600030,中信证券
2024-07-01,101.51,sh600030,中信证券
2024-07-02,101.47,sh600030,中信证券
2024-07-03,102.35,sh600030,中信证券
2024-07-04,100.77,sh600030,中信证券
2024-07-05,99.7,sh600030,中信证券
2024-07-08,98.27,sh600030,中信证券
2024-07-09,99.94,sh600030,中信证券
2024-07-10,101.37,sh600030,中信证券
2024-07-11,102.07,sh600030,中信证券
2024-07-12,102.26,sh600030,中信证券
2024-07-15,102.72,sh600030,中信证券
2024-07-16,103.97,sh600030,中信证券
2024-07-17,104.53,sh600030,中信证券
2024-07-18,105.09,sh600030,中信证券
2024-07-19,107.04,sh600030,中信证券
2024-07-22,110.75,sh600030,中信证券
2024-07-23,106.15,sh600030,中信证券
2024-07-24,104.67,sh600030,中信证券
2024-07-25,105.32,sh600030,中信证券
2024-07-26,106.43,sh600030,中信证券
2024-07-29,104.67,sh600030,中信证券
2024-07-30,104.85,sh600030,中信证券
2024-07-31,108.94,sh600030,中信证券
2024-08-01,107.92,sh600030,中信证券
2024-08-02,106.2,sh600030,中信证券
2024-08-05,105.78,sh600030,中信证券
2024-08-06,105.74,sh600030,中信证券
2024-08-07,105.09,sh600030,中信证券
2024-08-08,105.55,sh600030,中信证券
2024-08-09,104.72,sh600030,中信证券
2024-08-12,104.62,sh600030,中信证券
2024-08-13,105.5,sh600030,中信证券
2024-08-14,104.53,sh600030,中信证券
2024-08-15,105.92,sh600030,中信证券
2024-08-16,105.69,sh600030,中信证券
2024-08-19,105.41,sh600030,中信证券
2024-08-20,104.9,sh600030,中信证券
2024-08-21,104.85,sh600030,中信证券
2024-08-22,103.97,sh600030,中信证券
2024-08-23,105.69,sh600030,中信证券
2024-08-26,104.92,sh600030,中信证券
2024-08-27,104.92,sh600030,中信证券
2024-08-28,104.79,sh600030,中信证券
2024-08-29,106.46,sh600030,中信证券
2024-08-30,108.78,sh600030,中信证券
2024-09-02,107.06,sh600030,中信证券
2024-09-03,107.99,sh600030,中信证券
2024-09-04,107.99,sh600030,中信证券
2024-09-05,107.94,sh600030,中信证券
2024-09-06,107.71,sh600030,中信证券
2024-09-09,107.34,sh600030,中信证券
2024-09-10,106.87,sh600030,中信证券
2024-09-11,107.43,sh600030,中信证券
2024-09-12,106.87,sh600030,中信证券
2024-09-13,107.06,sh600030,中信证券
2024-09-18,107.15,sh600030,中信证券
2024-09-19,109.01,sh600030,中信证券
2024-09-20,108.78,sh600030,中信证券
2024-09-23,108.87,sh600030,中信证券
2024-09-24,115.88,sh600030,中信证券
2024-09-25,117.45,sh600030,中信证券
2024-09-26,123.58,sh600030,中信证券
2024-09-27,134.02,sh600030,中信证券
2024-09-30,145.48,sh600030,中信证券
2024-10-08,158.1,sh600030,中信证券
2024-10-09,160.1,sh600030,中信证券
2024-10-10,148.03,sh600030,中信证券
2024-10-11,149.98,sh600030,中信证券
2024-10-14,146.69,sh600030,中信证券
2024-10-15,143.25,sh600030,中信证券
2024-10-16,141.81,sh600030,中信证券
2024-10-17,140.65,sh600030,中信证券
2024-10-18,148.78,sh600030,中信证券
2024-10-21,146.69,sh600030,中信证券
2024-10-22,147.66,sh600030,中信证券
2024-10-23,147.2,sh600030,中信证券
2024-10-24,145.85,sh600030,中信证券
2024-10-25,146.87,sh600030,中信证券
2024-10-28,146.83,sh600030,中信证券
2024-10-29,145.62,sh600030,中信证券
2024-10-30,146.69,sh600030,中信证券
2024-10-31,149.75,sh600030,中信证券
2024-11-01,148.96,sh600030,中信证券
2024-11-04,154.11,sh600030,中信证券
2024-11-05,160.65,sh600030,中信证券
2024-11-06,163.49,sh600030,中信证券
2024-11-07,177.92,sh600030,中信证券
2024-11-08,181.12,sh600030,中信证券
2024-11-11,181.12,sh600030,中信证券
2024-11-12,176.71,sh600030,中信证券
2024-11-13,172.02,sh600030,中信证券
2024-11-14,170.86,sh600030,中信证券
2024-11-15,163.72,sh600030,中信证券
2024-11-18,161.58,sh600030,中信证券
2024-11-19,164.51,sh600030,中信证券
2024-11-20,166.55,sh600030,中信证券
2024-11-21,167.24,sh600030,中信证券
2024-11-22,160.0,sh600030,中信证券
2024-11-25,156.9,sh600030,中信证券
2024-11-26,157.17,sh600030,中信证券
2024-11-27,159.77,sh600030,中信证券
2024-11-28,157.87,sh600030,中信证券
2024-11-29,161.95,sh600030,中信证券
2024-12-02,164.37,sh600030,中信证券
2024-12-03,163.49,sh600030,中信证券
2024-12-04,162.19,sh600030,中信证券
2024-12-05,162.65,sh600030,中信证券
2024-12-06,164.23,sh600030,中信证券
2024-12-09,163.67,sh600030,中信证券
2024-12-10,165.34,sh600030,中信证券
2024-12-11,164.69,sh600030,中信证券
2024-12-12,166.18,sh600030,中信证券
2024-12-13,160.42,sh600030,中信证券
2024-12-16,158.61,sh600030,中信证券
2024-12-17,159.54,sh600030,中信证券
2024-12-18,159.82,sh600030,中信证券
2024-12-19,160.0,sh600030,中信证券
2024-12-20,161.16,sh600030,中信证券
2024-12-23,159.22,sh600030,中信证券
2024-12-24,161.07,sh600030,中信证券
2024-12-25,160.0,sh600030,中信证券
2024-12-26,160.28,sh600030,中信证券
2024-12-27,160.61,sh600030,中信证券
2024-12-30,161.95,sh600030,中信证券
2024-12-31,155.74,sh600030,中信证券
2025-01-02,147.75,sh600030,中信证券
2025-01-03,145.53,sh600030,中信证券
2025-01-06,145.94,sh600030,中信证券
2025-01-07,146.41,sh600030,中信证券
2025-01-08,145.57,sh600030,中信证券
2025-01-09,145.16,sh600030,中信证券
2025-01-10,143.16,sh600030,中信证券
2025-01-13,143.39,sh600030,中信证券
2025-01-14,148.91,sh600030,中信证券
2025-01-15,147.38,sh600030,中信证券
2025-01-16,146.83,sh600030,中信证券
2025-01-17,147.1,sh600030,中信证券
2025-01-20,147.52,sh600030,中信证券
2025-01-21,147.62,sh600030,中信证券
2025-01-22,146.73,sh600030,中信证券
2025-01-23,147.75,sh600030,中信证券
2025-01-24,148.17,sh600030,中信证券
2025-01-27,145.34,sh600030,中信证券
2025-02-05,145.43,sh600030,中信证券
2025-02-06,147.38,sh600030,中信证券
2025-02-07,150.96,sh600030,中信证券
2025-02-10,151.0,sh600030,中信证券
2025-02-11,150.17,sh600030,中信证券
2025-02-12,151.56,sh600030,中信证券
2025-02-13,150.86,sh600030,中信证券
2025-02-14,151.42,sh600030,中信证券
2025-02-17,151.65,sh600030,中信证券
2025-02-18,148.17,sh600030,中信证券
2025-02-19,150.26,sh600030,中信证券
2025-02-20,149.8,sh600030,中信证券
2025-02-21,152.44,sh600030,中信证券
2025-02-24,151.93,sh600030,中信证券
2025-02-25,149.52,sh600030,中信证券
2025-02-26,152.39,sh600030,中信证券
2025-02-27,151.42,sh600030,中信证券
2025-02-28,147.2,sh600030,中信证券
2025-03-03,147.34,sh600030,中信证券
2025-03-04,147.34,sh600030,中信证券
2025-03-05,147.24,sh600030,中信证券
2025-03-06,150.31,sh600030,中信证券
2025-03-07,148.36,sh600030,中信证券
2025-03-10,146.78,sh600030,中信证券
2025-03-11,147.06,sh600030,中信证券
2025-03-12,147.06,sh600030,中信证券
2025-03-13,146.13,sh600030,中信证券
2025-03-14,150.63,sh600030,中信证券
2025-03-17,149.66,sh600030,中信证券
2025-03-18,150.07,sh600030,中信证券
2025-03-19,149.98,sh600030,中信证券
2025-03-20,148.82,sh600030,中信证券
2025-03-21,146.08,sh600030,中信证券
2025-03-24,146.55,sh600030,中信证券
2025-03-25,145.76,sh600030,中信证券
2025-03-26,145.57,sh600030,中信证券
2025-03-27,145.2,sh600030,中信证券
2025-03-28,144.74,sh600030,中信证券
2025-03-31,143.44,sh600030,中信证券
2025-04-01,143.07,sh600030,中信证券
2025-04-02,143.53,sh600030,中信证券
2025-04-03,143.07,sh600030,中信证券
2025-04-07,131.84,sh600030,中信证券
2025-04-08,134.07,sh600030,中信证券
2025-04-09,135.88,sh600030,中信证券
2025-04-10,137.04,sh600030,中信证券
2025-04-11,138.06,sh600030,中信证券
2025-04-14,137.45,sh600030,中信证券
2025-04-15,136.9,sh600030,中信证券
2025-04-16,137.08,sh600030,中信证券
2025-04-17,137.17,sh600030,中信证券
2025-04-18,137.08,sh600030,中信证券
2025-04-21,137.45,sh600030,中信证券
2025-04-22,136.76,sh600030,中信证券
2025-04-23,136.99,sh600030,中信证券
2025-04-24,136.39,sh600030,中信证券
2025-04-25,137.31,sh600030,中信证券
2025-04-28,136.99,sh600030,中信证券
2025-04-29,136.43,sh600030,中信证券
2025-04-30,136.76,sh600030,中信证券
2025-05-06,138.75,sh600030,中信证券
2025-05-07,139.49,sh600030,中信证券
2025-05-08,140.38,sh600030,中信证券
2025-05-09,138.94,sh600030,中信证券
2025-05-12,142.42,sh600030,中信证券
2025-05-13,141.44,sh600030,中信证券
2025-05-14,145.99,sh600030,中信证券
2025-05-15,143.72,sh600030,中信证券
2025-05-16,142.0,sh600030,中信证券
2025-05-19,141.54,sh600030,中信证券
2025-05-20,141.44,sh600030,中信证券
2025-05-21,141.21,sh600030,中信证券
2025-05-22,140.98,sh600030,中信证券
2025-05-23,139.49,sh600030,中信证券
2025-05-26,139.26,sh600030,中信证券
2025-05-27,138.75,sh600030,中信证券
2025-05-28,138.33,sh600030,中信证券
2025-05-29,139.63,sh600030,中信证券
2025-05-30,138.8,sh600030,中信证券
2025-06-03,139.12,sh600030,中信证券
2025-06-04,140.52,sh600030,中信证券
2025-06-05,141.86,sh600030,中信证券
2025-06-06,140.93,sh600030,中信证券
2025-06-09,143.02,sh600030,中信证券
2025-06-10,140.79,sh600030,中信证券
2025-06-11,142.79,sh600030,中信证券
2025-06-12,143.07,sh600030,中信证券
2025-06-13,142.42,sh600030,中信证券
2025-06-16,144.18,sh600030,中信证券
2025-06-17,144.27,sh600030,中信证券
2025-06-18,142.79,sh600030,中信证券
2025-06-19,140.61,sh600030,中信证券
2025-06-20,140.47,sh600030,中信证券
2025-06-23,142.09,sh600030,中信证券
2025-06-24,145.25,sh600030,中信证券
2025-06-25,150.45,sh600030,中信证券
2025-06-26,148.31,sh600030,中信证券
2025-06-27,148.36,sh600030,中信证券
2025-06-30,148.54,sh600030,中信证券
2025-07-01,147.48,sh600030,中信证券
2025-07-02,146.97,sh600030,中信证券
2025-07-03,148.78,sh600030,中信证券
2025-07-04,148.73,sh600030,中信证券
2025-07-07,149.33,sh600030,中信证券
2025-07-08,150.4,sh600030,中信证券
2025-07-09,149.42,sh600030,中信证券
2025-07-10,151.37,sh600030,中信证券
2025-07-11,153.37,sh600030,中信证券
2025-07-14,152.21,sh600030,中信证券
2025-07-15,151.42,sh600030,中信证券
2025-07-16,150.68,sh600030,中信证券
2025-07-17,151.47,sh600030,中信证券
2025-07-18,151.88,sh600030,中信证券
2025-07-21,154.48,sh600030,中信证券
2025-07-22,154.62,sh600030,中信证券
2025-07-23,158.57,sh600030,中信证券
2025-07-24,159.77,sh600030,中信证券
2025-07-25,158.2,sh600030,中信证券
2025-07-28,159.4,sh600030,中信证券
2025-07-29,159.36,sh600030,中信证券
2025-07-30,158.57,sh600030,中信证券
2025-07-31,155.04,sh600030,中信证券
2025-08-01,153.79,sh600030,中信证券
2025-08-04,154.53,sh600030,中信证券
2025-08-05,155.78,sh600030,中信证券
2025-08-06,155.69,sh600030,中信证券
2025-08-07,155.46,sh600030,中信证券
2025-08-08,154.39,sh600030,中信证券
2025-08-11,156.71,sh600030,中信证券
2025-08-12,157.17,sh600030,中信证券
2025-08-13,157.82,sh600030,中信证券
2025-08-14,157.96,sh600030,中信证券
2025-08-15,164.69,sh600030,中信证券
2025-08-18,167.48,sh600030,中信证券
2025-08-19,164.32,sh600030,中信证券
2025-08-20,164.92,sh600030,中信证券
2025-08-21,163.67,sh600030,中信证券
2025-08-22,169.8,sh600030,中信证券
2025-08-25,170.82,sh600030,中信证券
2025-08-26,168.68,sh600030,中信证券
2025-08-27,165.02,sh600030,中信证券
2025-08-28,167.85,sh600030,中信证券
2025-08-29,167.75,sh600030,中信证券
2025-09-01,166.32,sh600030,中信证券
2025-09-02,164.51,sh600030,中信证券
2025-09-03,159.91,sh600030,中信证券
2025-09-04,158.84,sh600030,中信证券
2025-09-05,160.1,sh600030,中信证券
2025-09-08,158.33,sh600030,中信证券
2025-09-09,158.66,sh600030,中信证券
2025-09-10,158.47,sh600030,中信证券
2025-09-11,162.42,sh600030,中信证券
2025-09-12,159.87,sh600030,中信证券
2025-09-15,158.98,sh600030,中信证券
2025-09-16,157.55,sh600030,中信证券
2025-09-17,156.2,sh600030,中信证券
2025-09-18,153.23,sh600030,中信证券
2025-09-19,153.04,sh600030,中信证券
2025-09-22,155.23,sh600030,中信证券
2025-09-23,153.93,sh600030,中信证券
2025-09-24,154.81,sh600030,中信证券
2025-09-25,154.9,sh600030,中信证券
2025-09-26,154.95,sh600030,中信证券
2025-09-29,162.79,sh600030,中信证券
2025-09-30,160.42,sh600030,中信证券
2025-10-09,159.26,sh600030,中信证券
2025-10-10,159.4,sh600030,中信证券
2025-10-13,157.17,sh600030,中信证券
2025-10-14,156.39,sh600030,中信证券
2025-10-15,159.45,sh600030,中信证券
2025-10-16,159.26,sh600030,中信证券
2025-10-17,156.66,sh600030,中信证券
2025-10-20,157.31,sh600030,中信证券
2025-10-21,157.92,sh600030,中信证券
2025-10-22,157.13,sh600030,中信证券
2025-10-23,158.66,sh600030,中信证券
2025-10-24,160.28,sh600030,中信证券
2025-10-27,160.84,sh600030,中信证券
2025-10-28,160.89,sh600030,中信证券
2025-10-29,162.28,sh600030,中信证券
2025-10-30,159.4,sh600030,中信证券
2025-10-31,158.01,sh600030,中信证券
2025-11-03,157.27,sh600030,中信证券
2025-11-04,156.62,sh600030,中信证券
2025-11-05,156.52,sh600030,中信证券
2025-11-06,157.13,sh600030,中信证券
2025-11-07,156.25,sh600030,中信证券
2025-11-10,157.64,sh600030,中信证券
2025-11-11,156.52,sh600030,中信证券
2025-11-12,155.78,sh600030,中信证券
2025-11-13,156.62,sh600030,中信证券
2025-11-14,154.58,sh600030,中信证券
2025-11-17,152.95,sh600030,中信证券
2025-11-18,152.63,sh600030,中信证券
2025-11-19,153.0,sh600030,中信证券
2025-11-20,153.0,sh600030,中信证券
2025-11-21,148.36,sh600030,中信证券
2025-11-24,148.78,sh600030,中信证券
2025-11-25,149.15,sh600030,中信证券
2025-11-26,149.75,sh600030,中信证券
2025-11-27,149.66,sh600030,中信证券
2025-11-28,149.7,sh600030,中信证券
2025-12-01,150.07,sh600030,中信证券
2025-12-02,148.68,sh600030,中信证券
2025-12-03,147.66,sh600030,中信证券
2025-12-04,147.89,sh600030,中信证券
2025-12-05,150.96,sh600030,中信证券
2025-12-08,154.85,sh600030,中信证券
2025-12-09,154.07,sh600030,中信证券
2025-12-10,154.02,sh600030,中信证券
2025-12-11,152.95,sh600030,中信证券
2025-12-12,153.51,sh600030,中信证券
2025-12-15,154.16,sh600030,中信证券
2025-12-16,153.83,sh600030,中信证券
2025-12-17,156.11,sh600030,中信证券
2025-12-18,154.07,sh600030,中信证券
2025-12-19,154.76,sh600030,中信证券
2025-12-22,154.62,sh600030,中信证券
2025-12-23,154.53,sh600030,中信证券
2025-12-24,155.04,sh600030,中信证券
2025-12-25,156.06,sh600030,中信证券
2025-12-26,156.71,sh600030,中信证券
2025-12-29,155.97,sh600030,中信证券
2025-12-30,155.46,sh600030,中信证券
2025-12-31,154.9,sh600030,中信证券
2018-01-02,14.48,sh600028,中国石化
2018-01-03,14.64,sh600028,中国石化
2018-01-04,15.36,sh600028,中国石化
2018-01-05,15.62,sh600028,中国石化
2018-01-08,15.61,sh600028,中国石化
2018-01-09,15.52,sh600028,中国石化
2018-01-10,15.77,sh600028,中国石化
2018-01-11,15.66,sh600028,中国石化
2018-01-12,15.77,sh600028,中国石化
2018-01-15,16.01,sh600028,中国石化
2018-01-16,15.71,sh600028,中国石化
2018-01-17,15.57,sh600028,中国石化
2018-01-18,15.52,sh600028,中国石化
2018-01-19,15.59,sh600028,中国石化
2018-01-22,15.37,sh600028,中国石化
2018-01-23,15.59,sh600028,中国石化
2018-01-24,16.06,sh600028,中国石化
2018-01-25,15.94,sh600028,中国石化
2018-01-26,16.16,sh600028,中国石化
2018-01-29,16.26,sh600028,中国石化
2018-01-30,15.87,sh600028,中国石化
2018-01-31,15.66,sh600028,中国石化
2018-02-01,15.79,sh600028,中国石化
2018-02-02,16.42,sh600028,中国石化
2018-02-05,16.57,sh600028,中国石化
2018-02-06,16.21,sh600028,中国石化
2018-02-07,15.77,sh600028,中国石化
2018-02-08,15.06,sh600028,中国石化
2018-02-09,14.49,sh600028,中国石化
2018-02-12,14.36,sh600028,中国石化
2018-02-13,14.43,sh600028,中国石化
2018-02-14,14.38,sh600028,中国石化
2018-02-22,14.66,sh600028,中国石化
2018-02-23,14.82,sh600028,中国石化
2018-02-26,14.91,sh600028,中国石化
2018-02-27,14.79,sh600028,中国石化
2018-02-28,14.54,sh600028,中国石化
2018-03-01,14.51,sh600028,中国石化
2018-03-02,14.41,sh600028,中国石化
2018-03-05,14.51,sh600028,中国石化
2018-03-06,14.64,sh600028,中国石化
2018-03-07,14.59,sh600028,中国石化
2018-03-08,14.61,sh600028,中国石化
2018-03-09,14.51,sh600028,中国石化
2018-03-12,14.61,sh600028,中国石化
2018-03-13,14.48,sh600028,中国石化
2018-03-14,14.56,sh600028,中国石化
2018-03-15,14.56,sh600028,中国石化
2018-03-16,14.56,sh600028,中国石化
2018-03-19,14.84,sh600028,中国石化
2018-03-20,15.24,sh600028,中国石化
2018-03-21,15.27,sh600028,中国石化
2018-03-22,15.26,sh600028,中国石化
2018-03-23,15.24,sh600028,中国石化
2018-03-26,14.92,sh600028,中国石化
2018-03-27,14.92,sh600028,中国石化
2018-03-28,14.57,sh600028,中国石化
2018-03-29,14.89,sh600028,中国石化
2018-03-30,14.66,sh600028,中国石化
2018-04-02,14.57,sh600028,中国石化
2018-04-03,14.49,sh600028,中国石化
2018-04-04,14.57,sh600028,中国石化
2018-04-09,14.84,sh600028,中国石化
2018-04-10,15.14,sh600028,中国石化
2018-04-11,15.34,sh600028,中国石化
2018-04-12,15.42,sh600028,中国石化
2018-04-13,15.24,sh600028,中国石化
2018-04-16,15.04,sh600028,中国石化
2018-04-17,14.89,sh600028,中国石化
2018-04-18,15.27,sh600028,中国石化
2018-04-19,15.36,sh600028,中国石化
2018-04-20,15.24,sh600028,中国石化
2018-04-23,15.24,sh600028,中国石化
2018-04-24,15.42,sh600028,中国石化
2018-04-25,15.11,sh600028,中国石化
2018-04-26,15.11,sh600028,中国石化
2018-04-27,15.37,sh600028,中国石化
2018-05-02,15.31,sh600028,中国石化
2018-05-03,15.52,sh600028,中国石化
2018-05-04,15.54,sh600028,中国石化
2018-05-07,15.82,sh600028,中国石化
2018-05-08,15.64,sh600028,中国石化
2018-05-09,15.84,sh600028,中国石化
2018-05-10,15.97,sh600028,中国石化
2018-05-11,15.94,sh600028,中国石化
2018-05-14,15.76,sh600028,中国石化
2018-05-15,15.79,sh600028,中国石化
2018-05-16,15.69,sh600028,中国石化
2018-05-17,15.71,sh600028,中国石化
2018-05-18,16.24,sh600028,中国石化
2018-05-21,15.97,sh600028,中国石化
2018-05-22,15.97,sh600028,中国石化
2018-05-23,15.54,sh600028,中国石化
2018-05-24,15.52,sh600028,中国石化
2018-05-25,15.46,sh600028,中国石化
2018-05-28,15.39,sh600028,中国石化
2018-05-29,15.44,sh600028,中国石化
2018-05-30,15.24,sh600028,中国石化
2018-05-31,15.61,sh600028,中国石化
2018-06-01,15.52,sh600028,中国石化
2018-06-04,15.61,sh600028,中国石化
2018-06-05,15.49,sh600028,中国石化
2018-06-06,15.39,sh600028,中国石化
2018-06-07,15.39,sh600028,中国石化
2018-06-08,15.36,sh600028,中国石化
2018-06-11,15.09,sh600028,中国石化
2018-06-12,15.24,sh600028,中国石化
2018-06-13,15.34,sh600028,中国石化
2018-06-14,15.29,sh600028,中国石化
2018-06-15,15.34,sh600028,中国石化
2018-06-19,15.27,sh600028,中国石化
2018-06-20,15.19,sh600028,中国石化
2018-06-21,15.21,sh600028,中国石化
2018-06-22,14.97,sh600028,中国石化
2018-06-25,14.89,sh600028,中国石化
2018-06-26,14.69,sh600028,中国石化
2018-06-27,15.01,sh600028,中国石化
2018-06-28,15.27,sh600028,中国石化
2018-06-29,15.34,sh600028,中国石化
2018-07-02,15.04,sh600028,中国石化
2018-07-03,14.97,sh600028,中国石化
2018-07-04,14.91,sh600028,中国石化
2018-07-05,15.04,sh600028,中国石化
2018-07-06,14.97,sh600028,中国石化
2018-07-09,15.21,sh600028,中国石化
2018-07-10,15.37,sh600028,中国石化
2018-07-11,15.16,sh600028,中国石化
2018-07-12,15.11,sh600028,中国石化
2018-07-13,15.09,sh600028,中国石化
2018-07-16,15.07,sh600028,中国石化
2018-07-17,14.86,sh600028,中国石化
2018-07-18,14.87,sh600028,中国石化
2018-07-19,14.94,sh600028,中国石化
2018-07-20,15.17,sh600028,中国石化
2018-07-23,15.24,sh600028,中国石化
2018-07-24,15.39,sh600028,中国石化
2018-07-25,15.42,sh600028,中国石化
2018-07-26,15.46,sh600028,中国石化
2018-07-27,15.56,sh600028,中国石化
2018-07-30,15.52,sh600028,中国石化
2018-07-31,15.79,sh600028,中国石化
2018-08-01,15.61,sh600028,中国石化
2018-08-02,15.39,sh600028,中国石化
2018-08-03,15.49,sh600028,中国石化
2018-08-06,15.37,sh600028,中国石化
2018-08-07,15.84,sh600028,中国石化
2018-08-08,15.74,sh600028,中国石化
2018-08-09,15.71,sh600028,中国石化
2018-08-10,15.57,sh600028,中国石化
2018-08-13,15.52,sh600028,中国石化
2018-08-14,15.57,sh600028,中国石化
2018-08-15,15.34,sh600028,中国石化
2018-08-16,15.17,sh600028,中国石化
2018-08-17,15.07,sh600028,中国石化
2018-08-20,15.29,sh600028,中国石化
2018-08-21,15.32,sh600028,中国石化
2018-08-22,15.41,sh600028,中国石化
2018-08-23,15.47,sh600028,中国石化
2018-08-24,15.57,sh600028,中国石化
2018-08-27,15.89,sh600028,中国石化
2018-08-28,15.94,sh600028,中国石化
2018-08-29,15.96,sh600028,中国石化
2018-08-30,15.86,sh600028,中国石化
2018-08-31,15.92,sh600028,中国石化
2018-09-03,15.87,sh600028,中国石化
2018-09-04,16.01,sh600028,中国石化
2018-09-05,15.69,sh600028,中国石化
2018-09-06,15.69,sh600028,中国石化
2018-09-07,15.66,sh600028,中国石化
2018-09-10,15.72,sh600028,中国石化
2018-09-11,15.82,sh600028,中国石化
2018-09-12,15.87,sh600028,中国石化
2018-09-13,16.17,sh600028,中国石化
2018-09-14,16.07,sh600028,中国石化
2018-09-17,15.97,sh600028,中国石化
2018-09-18,16.14,sh600028,中国石化
2018-09-19,16.34,sh600028,中国石化
2018-09-20,16.27,sh600028,中国石化
2018-09-21,16.37,sh600028,中国石化
2018-09-25,16.26,sh600028,中国石化
2018-09-26,16.57,sh600028,中国石化
2018-09-27,16.52,sh600028,中国石化
2018-09-28,16.65,sh600028,中国石化
2018-10-08,15.82,sh600028,中国石化
2018-10-09,15.89,sh600028,中国石化
2018-10-10,15.91,sh600028,中国石化
2018-10-11,15.46,sh600028,中国石化
2018-10-12,15.66,sh600028,中国石化
2018-10-15,15.59,sh600028,中国石化
2018-10-16,15.71,sh600028,中国石化
2018-10-17,15.57,sh600028,中国石化
2018-10-18,15.14,sh600028,中国石化
2018-10-19,15.31,sh600028,中国石化
2018-10-22,15.56,sh600028,中国石化
2018-10-23,15.21,sh600028,中国石化
2018-10-24,15.11,sh600028,中国石化
2018-10-25,15.12,sh600028,中国石化
2018-10-26,15.22,sh600028,中国石化
2018-10-29,15.17,sh600028,中国石化
2018-10-30,15.31,sh600028,中国石化
2018-10-31,15.31,sh600028,中国石化
2018-11-01,15.22,sh600028,中国石化
2018-11-02,15.32,sh600028,中国石化
2018-11-05,15.32,sh600028,中国石化
2018-11-06,15.37,sh600028,中国石化
2018-11-07,15.19,sh600028,中国石化
2018-11-08,15.21,sh600028,中国石化
2018-11-09,15.02,sh600028,中国石化
2018-11-12,15.09,sh600028,中国石化
2018-11-13,15.09,sh600028,中国石化
2018-11-14,14.74,sh600028,中国石化
2018-11-15,14.79,sh600028,中国石化
2018-11-16,14.87,sh600028,中国石化
2018-11-19,15.01,sh600028,中国石化
2018-11-20,14.89,sh600028,中国石化
2018-11-21,14.71,sh600028,中国石化
2018-11-22,14.64,sh600028,中国石化
2018-11-23,14.52,sh600028,中国石化
2018-11-26,14.44,sh600028,中国石化
2018-11-27,14.48,sh600028,中国石化
2018-11-28,14.57,sh600028,中国石化
2018-11-29,14.51,sh600028,中国石化
2018-11-30,14.62,sh600028,中国石化
2018-12-03,14.89,sh600028,中国石化
2018-12-04,14.82,sh600028,中国石化
2018-12-05,14.74,sh600028,中国石化
2018-12-06,14.57,sh600028,中国石化
2018-12-07,14.56,sh600028,中国石化
2018-12-10,14.66,sh600028,中国石化
2018-12-11,14.54,sh600028,中国石化
2018-12-12,14.56,sh600028,中国石化
2018-12-13,14.67,sh600028,中国石化
2018-12-14,14.61,sh600028,中国石化
2018-12-17,14.74,sh600028,中国石化
2018-12-18,14.48,sh600028,中国石化
2018-12-19,14.21,sh600028,中国石化
2018-12-20,14.14,sh600028,中国石化
2018-12-21,14.18,sh600028,中国石化
2018-12-24,14.36,sh600028,中国石化
2018-12-25,14.16,sh600028,中国石化
2018-12-26,14.18,sh600028,中国石化
2018-12-27,13.54,sh600028,中国石化
2018-12-28,13.21,sh600028,中国石化
2019-01-02,13.14,sh600028,中国石化
2019-01-03,13.19,sh600028,中国石化
2019-01-04,13.29,sh600028,中国石化
2019-01-07,13.43,sh600028,中国石化
2019-01-08,13.53,sh600028,中国石化
2019-01-09,13.71,sh600028,中国石化
2019-01-10,13.63,sh600028,中国石化
2019-01-11,13.71,sh600028,中国石化
2019-01-14,13.61,sh600028,中国石化
2019-01-15,13.68,sh600028,中国石化
2019-01-16,13.78,sh600028,中国石化
2019-01-17,13.73,sh600028,中国石化
2019-01-18,13.79,sh600028,中国石化
2019-01-21,13.93,sh600028,中国石化
2019-01-22,13.76,sh600028,中国石化
2019-01-23,13.76,sh600028,中国石化
2019-01-24,13.84,sh600028,中国石化
2019-01-25,13.91,sh600028,中国石化
2019-01-28,14.04,sh600028,中国石化
2019-01-29,14.14,sh600028,中国石化
2019-01-30,14.18,sh600028,中国石化
2019-01-31,14.34,sh600028,中国石化
2019-02-01,14.36,sh600028,中国石化
2019-02-11,14.29,sh600028,中国石化
2019-02-12,14.28,sh600028,中国石化
2019-02-13,14.56,sh600028,中国石化
2019-02-14,14.52,sh600028,中国石化
2019-02-15,14.38,sh600028,中国石化
2019-02-18,14.62,sh600028,中国石化
2019-02-19,14.59,sh600028,中国石化
2019-02-20,14.62,sh600028,中国石化
2019-02-21,14.57,sh600028,中国石化
2019-02-22,14.59,sh600028,中国石化
2019-02-25,14.91,sh600028,中国石化
2019-02-26,14.79,sh600028,中国石化
2019-02-27,14.86,sh600028,中国石化
2019-02-28,14.81,sh600028,中国石化
2019-03-01,14.92,sh600028,中国石化
2019-03-04,14.97,sh600028,中国石化
2019-03-05,14.94,sh600028,中国石化
2019-03-06,15.01,sh600028,中国石化
2019-03-07,14.92,sh600028,中国石化
2019-03-08,14.54,sh600028,中国石化
2019-03-11,14.57,sh600028,中国石化
2019-03-12,14.76,sh600028,中国石化
2019-03-13,14.61,sh600028,中国石化
2019-03-14,14.67,sh600028,中国石化
2019-03-15,14.69,sh600028,中国石化
2019-03-18,14.89,sh600028,中国石化
2019-03-19,14.87,sh600028,中国石化
2019-03-20,14.79,sh600028,中国石化
2019-03-21,14.81,sh600028,中国石化
2019-03-22,14.76,sh600028,中国石化
2019-03-25,14.49,sh600028,中国石化
2019-03-26,14.29,sh600028,中国石化
2019-03-27,14.33,sh600028,中国石化
2019-03-28,14.19,sh600028,中国石化
2019-03-29,14.36,sh600028,中国石化
2019-04-01,14.52,sh600028,中国石化
2019-04-02,14.48,sh600028,中国石化
2019-04-03,14.56,sh600028,中国石化
2019-04-04,14.67,sh600028,中国石化
2019-04-08,14.84,sh600028,中国石化
2019-04-09,14.72,sh600028,中国石化
2019-04-10,14.62,sh600028,中国石化
2019-04-11,14.51,sh600028,中国石化
2019-04-12,14.49,sh600028,中国石化
2019-04-15,14.48,sh600028,中国石化
2019-04-16,14.62,sh600028,中国石化
2019-04-17,14.59,sh600028,中国石化
2019-04-18,14.54,sh600028,中国石化
2019-04-19,14.57,sh600028,中国石化
2019-04-22,14.67,sh600028,中国石化
2019-04-23,14.59,sh600028,中国石化
2019-04-24,14.49,sh600028,中国石化
2019-04-25,14.34,sh600028,中国石化
2019-04-26,14.23,sh600028,中国石化
2019-04-29,14.23,sh600028,中国石化
2019-04-30,14.26,sh600028,中国石化
2019-05-06,13.86,sh600028,中国石化
2019-05-07,13.88,sh600028,中国石化
2019-05-08,13.76,sh600028,中国石化
2019-05-09,13.71,sh600028,中国石化
2019-05-10,13.84,sh600028,中国石化
2019-05-13,13.74,sh600028,中国石化
2019-05-14,13.73,sh600028,中国石化
2019-05-15,13.79,sh600028,中国石化
2019-05-16,13.86,sh600028,中国石化
2019-05-17,13.81,sh600028,中国石化
2019-05-20,13.89,sh600028,中国石化
2019-05-21,13.93,sh600028,中国石化
2019-05-22,13.88,sh600028,中国石化
2019-05-23,13.89,sh600028,中国石化
2019-05-24,13.78,sh600028,中国石化
2019-05-27,13.84,sh600028,中国石化
2019-05-28,13.86,sh600028,中国石化
2019-05-29,13.81,sh600028,中国石化
2019-05-30,13.91,sh600028,中国石化
2019-05-31,13.84,sh600028,中国石化
2019-06-03,13.86,sh600028,中国石化
2019-06-04,13.84,sh600028,中国石化
2019-06-05,13.93,sh600028,中国石化
2019-06-06,13.93,sh600028,中国石化
2019-06-10,14.03,sh600028,中国石化
2019-06-11,14.06,sh600028,中国石化
2019-06-12,13.99,sh600028,中国石化
2019-06-13,13.98,sh600028,中国石化
2019-06-14,13.91,sh600028,中国石化
2019-06-17,13.94,sh600028,中国石化
2019-06-18,13.99,sh600028,中国石化
2019-06-19,14.04,sh600028,中国石化
2019-06-20,14.16,sh600028,中国石化
2019-06-21,14.24,sh600028,中国石化
2019-06-24,14.23,sh600028,中国石化
2019-06-25,14.21,sh600028,中国石化
2019-06-26,14.33,sh600028,中国石化
2019-06-27,14.28,sh600028,中国石化
2019-06-28,14.34,sh600028,中国石化
2019-07-01,14.36,sh600028,中国石化
2019-07-02,14.29,sh600028,中国石化
2019-07-03,14.19,sh600028,中国石化
2019-07-04,14.31,sh600028,中国石化
2019-07-05,14.26,sh600028,中国石化
2019-07-08,14.11,sh600028,中国石化
2019-07-09,13.99,sh600028,中国石化
2019-07-10,13.89,sh600028,中国石化
2019-07-11,13.93,sh600028,中国石化
2019-07-12,13.96,sh600028,中国石化
2019-07-15,13.99,sh600028,中国石化
2019-07-16,14.06,sh600028,中国石化
2019-07-17,14.03,sh600028,中国石化
2019-07-18,13.96,sh600028,中国石化
2019-07-19,14.04,sh600028,中国石化
2019-07-22,13.99,sh600028,中国石化
2019-07-23,13.99,sh600028,中国石化
2019-07-24,14.03,sh600028,中国石化
2019-07-25,14.04,sh600028,中国石化
2019-07-26,14.03,sh600028,中国石化
2019-07-29,13.98,sh600028,中国石化
2019-07-30,13.99,sh600028,中国石化
2019-07-31,14.01,sh600028,中国石化
2019-08-01,13.94,sh600028,中国石化
2019-08-02,13.78,sh600028,中国石化
2019-08-05,13.63,sh600028,中国石化
2019-08-06,13.54,sh600028,中国石化
2019-08-07,13.51,sh600028,中国石化
2019-08-08,13.53,sh600028,中国石化
2019-08-09,13.53,sh600028,中国石化
2019-08-12,13.54,sh600028,中国石化
2019-08-13,13.46,sh600028,中国石化
2019-08-14,13.51,sh600028,中国石化
2019-08-15,13.51,sh600028,中国石化
2019-08-16,13.51,sh600028,中国石化
2019-08-19,13.63,sh600028,中国石化
2019-08-20,13.64,sh600028,中国石化
2019-08-21,13.61,sh600028,中国石化
2019-08-22,13.58,sh600028,中国石化
2019-08-23,13.58,sh600028,中国石化
2019-08-26,13.51,sh600028,中国石化
2019-08-27,13.54,sh600028,中国石化
2019-08-28,13.53,sh600028,中国石化
2019-08-29,13.54,sh600028,中国石化
2019-08-30,13.53,sh600028,中国石化
2019-09-02,13.59,sh600028,中国石化
2019-09-03,13.59,sh600028,中国石化
2019-09-04,13.71,sh600028,中国石化
2019-09-05,13.74,sh600028,中国石化
2019-09-06,13.81,sh600028,中国石化
2019-09-09,13.88,sh600028,中国石化
2019-09-10,13.93,sh600028,中国石化
2019-09-11,13.99,sh600028,中国石化
2019-09-12,13.91,sh600028,中国石化
2019-09-16,14.14,sh600028,中国石化
2019-09-17,14.03,sh600028,中国石化
2019-09-18,13.88,sh600028,中国石化
2019-09-19,13.91,sh600028,中国石化
2019-09-20,13.88,sh600028,中国石化
2019-09-23,13.84,sh600028,中国石化
2019-09-24,13.83,sh600028,中国石化
2019-09-25,13.78,sh600028,中国石化
2019-09-26,13.76,sh600028,中国石化
2019-09-27,13.74,sh600028,中国石化
2019-09-30,13.79,sh600028,中国石化
2019-10-08,13.76,sh600028,中国石化
2019-10-09,13.78,sh600028,中国石化
2019-10-10,13.76,sh600028,中国石化
2019-10-11,13.89,sh600028,中国石化
2019-10-14,13.89,sh600028,中国石化
2019-10-15,13.83,sh600028,中国石化
2019-10-16,13.84,sh600028,中国石化
2019-10-17,13.83,sh600028,中国石化
2019-10-18,13.74,sh600028,中国石化
2019-10-21,13.73,sh600028,中国石化
2019-10-22,13.73,sh600028,中国石化
2019-10-23,13.71,sh600028,中国石化
2019-10-24,13.74,sh600028,中国石化
2019-10-25,13.76,sh600028,中国石化
2019-10-28,13.78,sh600028,中国石化
2019-10-29,13.74,sh600028,中国石化
2019-10-30,13.69,sh600028,中国石化
2019-10-31,13.59,sh600028,中国石化
2019-11-01,13.58,sh600028,中国石化
2019-11-04,13.59,sh600028,中国石化
2019-11-05,13.64,sh600028,中国石化
2019-11-06,13.64,sh600028,中国石化
2019-11-07,13.66,sh600028,中国石化
2019-11-08,13.64,sh600028,中国石化
2019-11-11,13.53,sh600028,中国石化
2019-11-12,13.54,sh600028,中国石化
2019-11-13,13.54,sh600028,中国石化
2019-11-14,13.51,sh600028,中国石化
2019-11-15,13.51,sh600028,中国石化
2019-11-18,13.61,sh600028,中国石化
2019-11-19,13.59,sh600028,中国石化
2019-11-20,13.63,sh600028,中国石化
2019-11-21,13.66,sh600028,中国石化
2019-11-22,13.66,sh600028,中国石化
2019-11-25,13.79,sh600028,中国石化
2019-11-26,13.81,sh600028,中国石化
2019-11-27,13.79,sh600028,中国石化
2019-11-28,13.78,sh600028,中国石化
2019-11-29,13.74,sh600028,中国石化
2019-12-02,13.68,sh600028,中国石化
2019-12-03,13.64,sh600028,中国石化
2019-12-04,13.61,sh600028,中国石化
2019-12-05,13.64,sh600028,中国石化
2019-12-06,13.63,sh600028,中国石化
2019-12-09,13.68,sh600028,中国石化
2019-12-10,13.66,sh600028,中国石化
2019-12-11,13.69,sh600028,中国石化
2019-12-12,13.68,sh600028,中国石化
2019-12-13,13.74,sh600028,中国石化
2019-12-16,13.78,sh600028,中国石化
2019-12-17,13.89,sh600028,中国石化
2019-12-18,13.88,sh600028,中国石化
2019-12-19,13.86,sh600028,中国石化
2019-12-20,13.84,sh600028,中国石化
2019-12-23,13.74,sh600028,中国石化
2019-12-24,13.79,sh600028,中国石化
2019-12-25,13.78,sh600028,中国石化
2019-12-26,13.79,sh600028,中国石化
2019-12-27,13.84,sh600028,中国石化
2019-12-30,13.89,sh600028,中国石化
2019-12-31,13.94,sh600028,中国石化
2020-01-02,14.04,sh600028,中国石化
2020-01-03,14.21,sh600028,中国石化
2020-01-06,14.36,sh600028,中国石化
2020-01-07,14.18,sh600028,中国石化
2020-01-08,14.23,sh600028,中国石化
2020-01-09,14.08,sh600028,中国石化
2020-01-10,14.03,sh600028,中国石化
2020-01-13,13.99,sh600028,中国石化
2020-01-14,13.99,sh600028,中国石化
2020-01-15,13.91,sh600028,中国石化
2020-01-16,13.88,sh600028,中国石化
2020-01-17,13.88,sh600028,中国石化
2020-01-20,13.84,sh600028,中国石化
2020-01-21,13.78,sh600028,中国石化
2020-01-22,13.73,sh600028,中国石化
2020-01-23,13.66,sh600028,中国石化
2020-02-03,13.13,sh600028,中国石化
2020-02-04,13.16,sh600028,中国石化
2020-02-05,13.16,sh600028,中国石化
2020-02-06,13.26,sh600028,中国石化
2020-02-07,13.31,sh600028,中国石化
2020-02-10,13.28,sh600028,中国石化
2020-02-11,13.29,sh600028,中国石化
2020-02-12,13.31,sh600028,中国石化
2020-02-13,13.26,sh600028,中国石化
2020-02-14,13.28,sh600028,中国石化
2020-02-17,13.39,sh600028,中国石化
2020-02-18,13.34,sh600028,中国石化
2020-02-19,13.33,sh600028,中国石化
2020-02-20,13.41,sh600028,中国石化
2020-02-21,13.41,sh600028,中国石化
2020-02-24,13.29,sh600028,中国石化
2020-02-25,13.19,sh600028,中国石化
2020-02-26,13.23,sh600028,中国石化
2020-02-27,13.19,sh600028,中国石化
2020-02-28,13.09,sh600028,中国石化
2020-03-02,13.26,sh600028,中国石化
2020-03-03,13.28,sh600028,中国石化
2020-03-04,13.28,sh600028,中国石化
2020-03-05,13.41,sh600028,中国石化
2020-03-06,13.41,sh600028,中国石化
2020-03-09,13.61,sh600028,中国石化
2020-03-10,13.46,sh600028,中国石化
2020-03-11,13.34,sh600028,中国石化
2020-03-12,13.16,sh600028,中国石化
2020-03-13,13.01,sh600028,中国石化
2020-03-16,13.14,sh600028,中国石化
2020-03-17,13.08,sh600028,中国石化
2020-03-18,12.98,sh600028,中国石化
2020-03-19,12.84,sh600028,中国石化
2020-03-20,12.94,sh600028,中国石化
2020-03-23,12.81,sh600028,中国石化
2020-03-24,12.89,sh600028,中国石化
2020-03-25,12.96,sh600028,中国石化
2020-03-26,12.91,sh600028,中国石化
2020-03-27,12.91,sh600028,中国石化
2020-03-30,12.88,sh600028,中国石化
2020-03-31,12.81,sh600028,中国石化
2020-04-01,12.74,sh600028,中国石化
2020-04-02,13.01,sh600028,中国石化
2020-04-03,12.86,sh600028,中国石化
2020-04-07,12.94,sh600028,中国石化
2020-04-08,12.93,sh600028,中国石化
2020-04-09,12.94,sh600028,中国石化
2020-04-10,12.91,sh600028,中国石化
2020-04-13,12.93,sh600028,中国石化
2020-04-14,12.93,sh600028,中国石化
2020-04-15,12.91,sh600028,中国石化
2020-04-16,12.88,sh600028,中国石化
2020-04-17,13.03,sh600028,中国石化
2020-04-20,13.11,sh600028,中国石化
2020-04-21,12.99,sh600028,中国石化
2020-04-22,12.94,sh600028,中国石化
2020-04-23,13.01,sh600028,中国石化
2020-04-24,12.91,sh600028,中国石化
2020-04-27,12.94,sh600028,中国石化
2020-04-28,12.81,sh600028,中国石化
2020-04-29,12.83,sh600028,中国石化
2020-04-30,12.86,sh600028,中国石化
2020-05-06,12.81,sh600028,中国石化
2020-05-07,12.78,sh600028,中国石化
2020-05-08,12.79,sh600028,中国石化
2020-05-11,12.78,sh600028,中国石化
2020-05-12,12.76,sh600028,中国石化
2020-05-13,12.78,sh600028,中国石化
2020-05-14,12.73,sh600028,中国石化
2020-05-15,12.69,sh600028,中国石化
2020-05-18,12.71,sh600028,中国石化
2020-05-19,12.74,sh600028,中国石化
2020-05-20,12.71,sh600028,中国石化
2020-05-21,12.69,sh600028,中国石化
2020-05-22,12.51,sh600028,中国石化
2020-05-25,12.46,sh600028,中国石化
2020-05-26,12.44,sh600028,中国石化
2020-05-27,12.41,sh600028,中国石化
2020-05-28,12.41,sh600028,中国石化
2020-05-29,12.33,sh600028,中国石化
2020-06-01,12.43,sh600028,中国石化
2020-06-02,12.46,sh600028,中国石化
2020-06-03,12.49,sh600028,中国石化
2020-06-04,12.41,sh600028,中国石化
2020-06-05,12.48,sh600028,中国石化
2020-06-08,12.59,sh600028,中国石化
2020-06-09,12.58,sh600028,中国石化
2020-06-10,12.56,sh600028,中国石化
2020-06-11,12.46,sh600028,中国石化
2020-06-12,12.48,sh600028,中国石化
2020-06-15,12.4,sh600028,中国石化
2020-06-16,12.44,sh600028,中国石化
2020-06-17,12.43,sh600028,中国石化
2020-06-18,12.43,sh600028,中国石化
2020-06-19,12.43,sh600028,中国石化
2020-06-22,12.4,sh600028,中国石化
2020-06-23,12.36,sh600028,中国石化
2020-06-24,12.36,sh600028,中国石化
2020-06-29,12.28,sh600028,中国石化
2020-06-30,12.26,sh600028,中国石化
2020-07-01,12.3,sh600028,中国石化
2020-07-02,12.43,sh600028,中国石化
2020-07-03,12.54,sh600028,中国石化
2020-07-06,12.86,sh600028,中国石化
2020-07-07,12.79,sh600028,中国石化
2020-07-08,12.76,sh600028,中国石化
2020-07-09,12.79,sh600028,中国石化
2020-07-10,12.63,sh600028,中国石化
2020-07-13,12.69,sh600028,中国石化
2020-07-14,12.56,sh600028,中国石化
2020-07-15,12.49,sh600028,中国石化
2020-07-16,12.38,sh600028,中国石化
2020-07-17,12.36,sh600028,中国石化
2020-07-20,12.48,sh600028,中国石化
2020-07-21,12.44,sh600028,中国石化
2020-07-22,12.54,sh600028,中国石化
2020-07-23,12.46,sh600028,中国石化
2020-07-24,12.41,sh600028,中国石化
2020-07-27,12.43,sh600028,中国石化
2020-07-28,12.43,sh600028,中国石化
2020-07-29,12.44,sh600028,中国石化
2020-07-30,12.4,sh600028,中国石化
2020-07-31,12.41,sh600028,中国石化
2020-08-03,12.43,sh600028,中国石化
2020-08-04,12.48,sh600028,中国石化
2020-08-05,12.44,sh600028,中国石化
2020-08-06,12.46,sh600028,中国石化
2020-08-07,12.4,sh600028,中国石化
2020-08-10,12.41,sh600028,中国石化
2020-08-11,12.4,sh600028,中国石化
2020-08-12,12.4,sh600028,中国石化
2020-08-13,12.43,sh600028,中国石化
2020-08-14,12.44,sh600028,中国石化
2020-08-17,12.53,sh600028,中国石化
2020-08-18,12.51,sh600028,中国石化
2020-08-19,12.51,sh600028,中国石化
2020-08-20,12.46,sh600028,中国石化
2020-08-21,12.46,sh600028,中国石化
2020-08-24,12.48,sh600028,中国石化
2020-08-25,12.46,sh600028,中国石化
2020-08-26,12.49,sh600028,中国石化
2020-08-27,12.46,sh600028,中国石化
2020-08-28,12.46,sh600028,中国石化
2020-08-31,12.46,sh600028,中国石化
2020-09-01,12.46,sh600028,中国石化
2020-09-02,12.41,sh600028,中国石化
2020-09-03,12.4,sh600028,中国石化
2020-09-04,12.38,sh600028,中国石化
2020-09-07,12.35,sh600028,中国石化
2020-09-08,12.36,sh600028,中国石化
2020-09-09,12.31,sh600028,中国石化
2020-09-10,12.28,sh600028,中国石化
2020-09-11,12.26,sh600028,中国石化
2020-09-14,12.28,sh600028,中国石化
2020-09-15,12.28,sh600028,中国石化
2020-09-16,12.31,sh600028,中国石化
2020-09-17,12.3,sh600028,中国石化
2020-09-18,12.35,sh600028,中国石化
2020-09-21,12.36,sh600028,中国石化
2020-09-22,12.3,sh600028,中国石化
2020-09-23,12.28,sh600028,中国石化
2020-09-24,12.23,sh600028,中国石化
2020-09-25,12.23,sh600028,中国石化
2020-09-28,12.23,sh600028,中国石化
2020-09-29,12.23,sh600028,中国石化
2020-09-30,12.26,sh600028,中国石化
2020-10-09,12.3,sh600028,中国石化
2020-10-12,12.35,sh600028,中国石化
2020-10-13,12.31,sh600028,中国石化
2020-10-14,12.28,sh600028,中国石化
2020-10-15,12.28,sh600028,中国石化
2020-10-16,12.3,sh600028,中国石化
2020-10-19,12.28,sh600028,中国石化
2020-10-20,12.3,sh600028,中国石化
2020-10-21,12.3,sh600028,中国石化
2020-10-22,12.28,sh600028,中国石化
2020-10-23,12.36,sh600028,中国石化
2020-10-26,12.36,sh600028,中国石化
2020-10-27,12.33,sh600028,中国石化
2020-10-28,12.33,sh600028,中国石化
2020-10-29,12.35,sh600028,中国石化
2020-10-30,12.36,sh600028,中国石化
2020-11-02,12.38,sh600028,中国石化
2020-11-03,12.44,sh600028,中国石化
2020-11-04,12.41,sh600028,中国石化
2020-11-05,12.46,sh600028,中国石化
2020-11-06,12.49,sh600028,中国石化
2020-11-09,12.54,sh600028,中国石化
2020-11-10,12.59,sh600028,中国石化
2020-11-11,12.73,sh600028,中国石化
2020-11-12,12.63,sh600028,中国石化
2020-11-13,12.56,sh600028,中国石化
2020-11-16,12.69,sh600028,中国石化
2020-11-17,12.73,sh600028,中国石化
2020-11-18,12.71,sh600028,中国石化
2020-11-19,12.73,sh600028,中国石化
2020-11-20,12.68,sh600028,中国石化
2020-11-23,12.86,sh600028,中国石化
2020-11-24,12.84,sh600028,中国石化
2020-11-25,12.91,sh600028,中国石化
2020-11-26,12.96,sh600028,中国石化
2020-11-27,12.99,sh600028,中国石化
2020-11-30,12.84,sh600028,中国石化
2020-12-01,12.91,sh600028,中国石化
2020-12-02,12.89,sh600028,中国石化
2020-12-03,12.86,sh600028,中国石化
2020-12-04,12.83,sh600028,中国石化
2020-12-07,12.71,sh600028,中国石化
2020-12-08,12.69,sh600028,中国石化
2020-12-09,12.64,sh600028,中国石化
2020-12-10,12.63,sh600028,中国石化
2020-12-11,12.73,sh600028,中国石化
2020-12-14,12.63,sh600028,中国石化
2020-12-15,12.58,sh600028,中国石化
2020-12-16,12.59,sh600028,中国石化
2020-12-17,12.68,sh600028,中国石化
2020-12-18,12.69,sh600028,中国石化
2020-12-21,12.64,sh600028,中国石化
2020-12-22,12.49,sh600028,中国石化
2020-12-23,12.51,sh600028,中国石化
2020-12-24,12.51,sh600028,中国石化
2020-12-25,12.53,sh600028,中国石化
2020-12-28,12.51,sh600028,中国石化
2020-12-29,12.56,sh600028,中国石化
2020-12-30,12.54,sh600028,中国石化
2020-12-31,12.58,sh600028,中国石化
2021-01-04,12.58,sh600028,中国石化
2021-01-05,12.56,sh600028,中国石化
2021-01-06,12.71,sh600028,中国石化
2021-01-07,12.73,sh600028,中国石化
2021-01-08,12.84,sh600028,中国石化
2021-01-11,12.63,sh600028,中国石化
2021-01-12,12.78,sh600028,中国石化
2021-01-13,12.89,sh600028,中国石化
2021-01-14,12.91,sh600028,中国石化
2021-01-15,12.93,sh600028,中国石化
2021-01-18,12.79,sh600028,中国石化
2021-01-19,12.81,sh600028,中国石化
2021-01-20,12.79,sh600028,中国石化
2021-01-21,12.79,sh600028,中国石化
2021-01-22,12.64,sh600028,中国石化
2021-01-25,12.56,sh600028,中国石化
2021-01-26,12.58,sh600028,中国石化
2021-01-27,12.58,sh600028,中国石化
2021-01-28,12.49,sh600028,中国石化
2021-01-29,12.44,sh600028,中国石化
2021-02-01,12.44,sh600028,中国石化
2021-02-02,12.43,sh600028,中国石化
2021-02-03,12.48,sh600028,中国石化
2021-02-04,12.51,sh600028,中国石化
2021-02-05,12.46,sh600028,中国石化
2021-02-08,12.51,sh600028,中国石化
2021-02-09,12.71,sh600028,中国石化
2021-02-10,12.81,sh600028,中国石化
2021-02-18,13.33,sh600028,中国石化
2021-02-19,13.14,sh600028,中国石化
2021-02-22,13.61,sh600028,中国石化
2021-02-23,13.69,sh600028,中国石化
2021-02-24,13.46,sh600028,中国石化
2021-02-25,13.63,sh600028,中国石化
2021-02-26,13.38,sh600028,中国石化
2021-03-01,13.48,sh600028,中国石化
2021-03-02,13.16,sh600028,中国石化
2021-03-03,13.29,sh600028,中国石化
2021-03-04,13.28,sh600028,中国石化
2021-03-05,13.36,sh600028,中国石化
2021-03-08,13.46,sh600028,中国石化
2021-03-09,13.39,sh600028,中国石化
2021-03-10,13.23,sh600028,中国石化
2021-03-11,13.33,sh600028,中国石化
2021-03-12,13.33,sh600028,中国石化
2021-03-15,13.54,sh600028,中国石化
2021-03-16,13.44,sh600028,中国石化
2021-03-17,13.29,sh600028,中国石化
2021-03-18,13.26,sh600028,中国石化
2021-03-19,12.96,sh600028,中国石化
2021-03-22,13.01,sh600028,中国石化
2021-03-23,12.96,sh600028,中国石化
2021-03-24,12.89,sh600028,中国石化
2021-03-25,12.91,sh600028,中国石化
2021-03-26,12.93,sh600028,中国石化
2021-03-29,13.01,sh600028,中国石化
2021-03-30,13.06,sh600028,中国石化
2021-03-31,13.08,sh600028,中国石化
2021-04-01,13.03,sh600028,中国石化
2021-04-02,13.06,sh600028,中国石化
2021-04-06,13.01,sh600028,中国石化
2021-04-07,13.13,sh600028,中国石化
2021-04-08,13.13,sh600028,中国石化
2021-04-09,13.18,sh600028,中国石化
2021-04-12,13.18,sh600028,中国石化
2021-04-13,13.08,sh600028,中国石化
2021-04-14,13.11,sh600028,中国石化
2021-04-15,13.14,sh600028,中国石化
2021-04-16,13.28,sh600028,中国石化
2021-04-19,13.23,sh600028,中国石化
2021-04-20,13.19,sh600028,中国石化
2021-04-21,12.99,sh600028,中国石化
2021-04-22,12.96,sh600028,中国石化
2021-04-23,12.91,sh600028,中国石化
2021-04-26,12.88,sh600028,中国石化
2021-04-27,12.86,sh600028,中国石化
2021-04-28,12.93,sh600028,中国石化
2021-04-29,12.99,sh600028,中国石化
2021-04-30,12.99,sh600028,中国石化
2021-05-06,13.14,sh600028,中国石化
2021-05-07,13.19,sh600028,中国石化
2021-05-10,13.36,sh600028,中国石化
2021-05-11,13.28,sh600028,中国石化
2021-05-12,13.36,sh600028,中国石化
2021-05-13,13.24,sh600028,中国石化
2021-05-14,13.18,sh600028,中国石化
2021-05-17,13.23,sh600028,中国石化
2021-05-18,13.41,sh600028,中国石化
2021-05-19,13.24,sh600028,中国石化
2021-05-20,13.09,sh600028,中国石化
2021-05-21,13.13,sh600028,中国石化
2021-05-24,13.18,sh600028,中国石化
2021-05-25,13.24,sh600028,中国石化
2021-05-26,13.31,sh600028,中国石化
2021-05-27,13.31,sh600028,中国石化
2021-05-28,13.31,sh600028,中国石化
2021-05-31,13.23,sh600028,中国石化
2021-06-01,13.31,sh600028,中国石化
2021-06-02,13.34,sh600028,中国石化
2021-06-03,13.39,sh600028,中国石化
2021-06-04,13.34,sh600028,中国石化
2021-06-07,13.41,sh600028,中国石化
2021-06-08,13.36,sh600028,中国石化
2021-06-09,13.53,sh600028,中国石化
2021-06-10,13.49,sh600028,中国石化
2021-06-11,13.63,sh600028,中国石化
2021-06-15,13.66,sh600028,中国石化
2021-06-16,13.69,sh600028,中国石化
2021-06-17,13.56,sh600028,中国石化
2021-06-18,13.36,sh600028,中国石化
2021-06-21,13.23,sh600028,中国石化
2021-06-22,13.46,sh600028,中国石化
2021-06-23,13.48,sh600028,中国石化
2021-06-24,13.44,sh600028,中国石化
2021-06-25,13.44,sh600028,中国石化
2021-06-28,13.38,sh600028,中国石化
2021-06-29,13.33,sh600028,中国石化
2021-06-30,13.34,sh600028,中国石化
2021-07-01,13.29,sh600028,中国石化
2021-07-02,13.26,sh600028,中国石化
2021-07-05,13.24,sh600028,中国石化
2021-07-06,13.28,sh600028,中国石化
2021-07-07,13.19,sh600028,中国石化
2021-07-08,13.08,sh600028,中国石化
2021-07-09,13.08,sh600028,中国石化
2021-07-12,13.03,sh600028,中国石化
2021-07-13,13.09,sh600028,中国石化
2021-07-14,13.04,sh600028,中国石化
2021-07-15,13.03,sh600028,中国石化
2021-07-16,12.99,sh600028,中国石化
2021-07-19,12.86,sh600028,中国石化
2021-07-20,12.88,sh600028,中国石化
2021-07-21,12.79,sh600028,中国石化
2021-07-22,12.88,sh600028,中国石化
2021-07-23,12.84,sh600028,中国石化
2021-07-26,12.81,sh600028,中国石化
2021-07-27,12.78,sh600028,中国石化
2021-07-28,12.71,sh600028,中国石化
2021-07-29,12.71,sh600028,中国石化
2021-07-30,12.73,sh600028,中国石化
2021-08-02,12.74,sh600028,中国石化
2021-08-03,12.71,sh600028,中国石化
2021-08-04,12.74,sh600028,中国石化
2021-08-05,12.73,sh600028,中国石化
2021-08-06,12.69,sh600028,中国石化
2021-08-09,12.74,sh600028,中国石化
2021-08-10,12.74,sh600028,中国石化
2021-08-11,12.81,sh600028,中国石化
2021-08-12,12.83,sh600028,中国石化
2021-08-13,12.74,sh600028,中国石化
2021-08-16,12.88,sh600028,中国石化
2021-08-17,12.81,sh600028,中国石化
2021-08-18,12.88,sh600028,中国石化
2021-08-19,12.66,sh600028,中国石化
2021-08-20,12.68,sh600028,中国石化
2021-08-23,12.71,sh600028,中国石化
2021-08-24,12.74,sh600028,中国石化
2021-08-25,12.81,sh600028,中国石化
2021-08-26,12.86,sh600028,中国石化
2021-08-27,12.91,sh600028,中国石化
2021-08-30,13.04,sh600028,中国石化
2021-08-31,13.18,sh600028,中国石化
2021-09-01,13.19,sh600028,中国石化
2021-09-02,13.26,sh600028,中国石化
2021-09-03,13.34,sh600028,中国石化
2021-09-06,13.34,sh600028,中国石化
2021-09-07,13.54,sh600028,中国石化
2021-09-08,13.63,sh600028,中国石化
2021-09-09,13.83,sh600028,中国石化
2021-09-10,13.66,sh600028,中国石化
2021-09-13,13.91,sh600028,中国石化
2021-09-14,13.83,sh600028,中国石化
2021-09-15,13.96,sh600028,中国石化
2021-09-16,13.83,sh600028,中国石化
2021-09-17,13.83,sh600028,中国石化
2021-09-22,14.18,sh600028,中国石化
2021-09-23,14.08,sh600028,中国石化
2021-09-24,13.91,sh600028,中国石化
2021-09-27,13.78,sh600028,中国石化
2021-09-28,14.24,sh600028,中国石化
2021-09-29,13.78,sh600028,中国石化
2021-09-30,13.78,sh600028,中国石化
2021-10-08,13.99,sh600028,中国石化
2021-10-11,14.04,sh600028,中国石化
2021-10-12,13.86,sh600028,中国石化
2021-10-13,13.56,sh600028,中国石化
2021-10-14,13.58,sh600028,中国石化
2021-10-15,13.71,sh600028,中国石化
2021-10-18,13.86,sh600028,中国石化
2021-10-19,13.89,sh600028,中国石化
2021-10-20,13.76,sh600028,中国石化
2021-10-21,13.81,sh600028,中国石化
2021-10-22,13.61,sh600028,中国石化
2021-10-25,13.76,sh600028,中国石化
2021-10-26,13.71,sh600028,中国石化
2021-10-27,13.59,sh600028,中国石化
2021-10-28,13.34,sh600028,中国石化
2021-10-29,13.43,sh600028,中国石化
2021-11-01,13.38,sh600028,中国石化
2021-11-02,13.26,sh600028,中国石化
2021-11-03,13.26,sh600028,中国石化
2021-11-04,13.24,sh600028,中国石化
2021-11-05,13.16,sh600028,中国石化
2021-11-08,13.16,sh600028,中国石化
2021-11-09,13.09,sh600028,中国石化
2021-11-10,13.14,sh600028,中国石化
2021-11-11,13.18,sh600028,中国石化
2021-11-12,13.19,sh600028,中国石化
2021-11-15,13.18,sh600028,中国石化
2021-11-16,13.19,sh600028,中国石化
2021-11-17,13.19,sh600028,中国石化
2021-11-18,13.14,sh600028,中国石化
2021-11-19,13.31,sh600028,中国石化
2021-11-22,13.23,sh600028,中国石化
2021-11-23,13.21,sh600028,中国石化
2021-11-24,13.28,sh600028,中国石化
2021-11-25,13.21,sh600028,中国石化
2021-11-26,13.16,sh600028,中国石化
2021-11-29,13.11,sh600028,中国石化
2021-11-30,13.08,sh600028,中国石化
2021-12-01,13.23,sh600028,中国石化
2021-12-02,13.33,sh600028,中国石化
2021-12-03,13.34,sh600028,中国石化
2021-12-06,13.31,sh600028,中国石化
2021-12-07,13.39,sh600028,中国石化
2021-12-08,13.38,sh600028,中国石化
2021-12-09,13.46,sh600028,中国石化
2021-12-10,13.38,sh600028,中国石化
2021-12-13,13.38,sh600028,中国石化
2021-12-14,13.28,sh600028,中国石化
2021-12-15,13.26,sh600028,中国石化
2021-12-16,13.38,sh600028,中国石化
2021-12-17,13.34,sh600028,中国石化
2021-12-20,13.31,sh600028,中国石化
2021-12-21,13.36,sh600028,中国石化
2021-12-22,13.34,sh600028,中国石化
2021-12-23,13.43,sh600028,中国石化
2021-12-24,13.36,sh600028,中国石化
2021-12-27,13.43,sh600028,中国石化
2021-12-28,13.41,sh600028,中国石化
2021-12-29,13.41,sh600028,中国石化
2021-12-30,13.38,sh600028,中国石化
2021-12-31,13.39,sh600028,中国石化
2022-01-04,13.44,sh600028,中国石化
2022-01-05,13.48,sh600028,中国石化
2022-01-06,13.46,sh600028,中国石化
2022-01-07,13.59,sh600028,中国石化
2022-01-10,13.58,sh600028,中国石化
2022-01-11,13.51,sh600028,中国石化
2022-01-12,13.54,sh600028,中国石化
2022-01-13,13.63,sh600028,中国石化
2022-01-14,13.43,sh600028,中国石化
2022-01-17,13.39,sh600028,中国石化
2022-01-18,13.58,sh600028,中国石化
2022-01-19,13.58,sh600028,中国石化
2022-01-20,13.59,sh600028,中国石化
2022-01-21,13.49,sh600028,中国石化
2022-01-24,13.48,sh600028,中国石化
2022-01-25,13.33,sh600028,中国石化
2022-01-26,13.43,sh600028,中国石化
2022-01-27,13.39,sh600028,中国石化
2022-01-28,13.33,sh600028,中国石化
2022-02-07,13.61,sh600028,中国石化
2022-02-08,13.71,sh600028,中国石化
2022-02-09,13.66,sh600028,中国石化
2022-02-10,13.76,sh600028,中国石化
2022-02-11,13.84,sh600028,中国石化
2022-02-14,13.74,sh600028,中国石化
2022-02-15,13.59,sh600028,中国石化
2022-02-16,13.59,sh600028,中国石化
2022-02-17,13.59,sh600028,中国石化
2022-02-18,13.64,sh600028,中国石化
2022-02-21,13.61,sh600028,中国石化
2022-02-22,13.68,sh600028,中国石化
2022-02-23,13.56,sh600028,中国石化
2022-02-24,13.66,sh600028,中国石化
2022-02-25,13.51,sh600028,中国石化
2022-02-28,13.56,sh600028,中国石化
2022-03-01,13.54,sh600028,中国石化
2022-03-02,13.61,sh600028,中国石化
2022-03-03,13.74,sh600028,中国石化
2022-03-04,13.64,sh600028,中国石化
2022-03-07,13.59,sh600028,中国石化
2022-03-08,13.39,sh600028,中国石化
2022-03-09,13.24,sh600028,中国石化
2022-03-10,13.26,sh600028,中国石化
2022-03-11,13.26,sh600028,中国石化
2022-03-14,13.19,sh600028,中国石化
2022-03-15,12.98,sh600028,中国石化
2022-03-16,13.11,sh600028,中国石化
2022-03-17,13.14,sh600028,中国石化
2022-03-18,13.23,sh600028,中国石化
2022-03-21,13.19,sh600028,中国石化
2022-03-22,13.26,sh600028,中国石化
2022-03-23,13.23,sh600028,中国石化
2022-03-24,13.26,sh600028,中国石化
2022-03-25,13.28,sh600028,中国石化
2022-03-28,13.49,sh600028,中国石化
2022-03-29,13.56,sh600028,中国石化
2022-03-30,13.54,sh600028,中国石化
2022-03-31,13.54,sh600028,中国石化
2022-04-01,13.63,sh600028,中国石化
2022-04-06,13.69,sh600028,中国石化
2022-04-07,13.61,sh600028,中国石化
2022-04-08,13.64,sh600028,中国石化
2022-04-11,13.58,sh600028,中国石化
2022-04-12,13.59,sh600028,中国石化
2022-04-13,13.59,sh600028,中国石化
2022-04-14,13.66,sh600028,中国石化
2022-04-15,13.59,sh600028,中国石化
2022-04-18,13.49,sh600028,中国石化
2022-04-19,13.61,sh600028,中国石化
2022-04-20,13.51,sh600028,中国石化
2022-04-21,13.41,sh600028,中国石化
2022-04-22,13.56,sh600028,中国石化
2022-04-25,13.33,sh600028,中国石化
2022-04-26,13.26,sh600028,中国石化
2022-04-27,13.38,sh600028,中国石化
2022-04-28,13.54,sh600028,中国石化
2022-04-29,13.58,sh600028,中国石化
2022-05-05,13.59,sh600028,中国石化
2022-05-06,13.48,sh600028,中国石化
2022-05-09,13.51,sh600028,中国石化
2022-05-10,13.51,sh600028,中国石化
2022-05-11,13.49,sh600028,中国石化
2022-05-12,13.46,sh600028,中国石化
2022-05-13,13.53,sh600028,中国石化
2022-05-16,13.56,sh600028,中国石化
2022-05-17,13.59,sh600028,中国石化
2022-05-18,13.53,sh600028,中国石化
2022-05-19,13.49,sh600028,中国石化
2022-05-20,13.54,sh600028,中国石化
2022-05-23,13.53,sh600028,中国石化
2022-05-24,13.48,sh600028,中国石化
2022-05-25,13.58,sh600028,中国石化
2022-05-26,13.64,sh600028,中国石化
2022-05-27,13.69,sh600028,中国石化
2022-05-30,13.68,sh600028,中国石化
2022-05-31,13.78,sh600028,中国石化
2022-06-01,13.68,sh600028,中国石化
2022-06-02,13.71,sh600028,中国石化
2022-06-06,13.74,sh600028,中国石化
2022-06-07,13.81,sh600028,中国石化
2022-06-08,13.86,sh600028,中国石化
2022-06-09,13.88,sh600028,中国石化
2022-06-10,13.91,sh600028,中国石化
2022-06-13,13.81,sh600028,中国石化
2022-06-14,13.93,sh600028,中国石化
2022-06-15,13.86,sh600028,中国石化
2022-06-16,13.76,sh600028,中国石化
2022-06-17,13.73,sh600028,中国石化
2022-06-20,13.64,sh600028,中国石化
2022-06-21,13.64,sh600028,中国石化
2022-06-22,13.58,sh600028,中国石化
2022-06-23,13.64,sh600028,中国石化
2022-06-24,13.66,sh600028,中国石化
2022-06-27,13.69,sh600028,中国石化
2022-06-28,13.69,sh600028,中国石化
2022-06-29,13.69,sh600028,中国石化
2022-06-30,13.66,sh600028,中国石化
2022-07-01,13.66,sh600028,中国石化
2022-07-04,13.69,sh600028,中国石化
2022-07-05,13.73,sh600028,中国石化
2022-07-06,13.64,sh600028,中国石化
2022-07-07,13.63,sh600028,中国石化
2022-07-08,13.66,sh600028,中国石化
2022-07-11,13.66,sh600028,中国石化
2022-07-12,13.68,sh600028,中国石化
2022-07-13,13.64,sh600028,中国石化
2022-07-14,13.63,sh600028,中国石化
2022-07-15,13.56,sh600028,中国石化
2022-07-18,13.69,sh600028,中国石化
2022-07-19,13.69,sh600028,中国石化
2022-07-20,13.69,sh600028,中国石化
2022-07-21,13.68,sh600028,中国石化
2022-07-22,13.71,sh600028,中国石化
2022-07-25,13.69,sh600028,中国石化
2022-07-26,13.73,sh600028,中国石化
2022-07-27,13.69,sh600028,中国石化
2022-07-28,13.73,sh600028,中国石化
2022-07-29,13.71,sh600028,中国石化
2022-08-01,13.71,sh600028,中国石化
2022-08-02,13.66,sh600028,中国石化
2022-08-03,13.63,sh600028,中国石化
2022-08-04,13.64,sh600028,中国石化
2022-08-05,13.66,sh600028,中国石化
2022-08-08,13.69,sh600028,中国石化
2022-08-09,13.71,sh600028,中国石化
2022-08-10,13.71,sh600028,中国石化
2022-08-11,13.76,sh600028,中国石化
2022-08-12,13.78,sh600028,中国石化
2022-08-15,13.76,sh600028,中国石化
2022-08-16,13.73,sh600028,中国石化
2022-08-17,13.78,sh600028,中国石化
2022-08-18,13.74,sh600028,中国石化
2022-08-19,13.76,sh600028,中国石化
2022-08-22,13.81,sh600028,中国石化
2022-08-23,13.84,sh600028,中国石化
2022-08-24,13.79,sh600028,中国石化
2022-08-25,13.91,sh600028,中国石化
2022-08-26,13.94,sh600028,中国石化
2022-08-29,13.96,sh600028,中国石化
2022-08-30,14.01,sh600028,中国石化
2022-08-31,13.98,sh600028,中国石化
2022-09-01,13.91,sh600028,中国石化
2022-09-02,13.96,sh600028,中国石化
2022-09-05,14.09,sh600028,中国石化
2022-09-06,14.21,sh600028,中国石化
2022-09-07,14.21,sh600028,中国石化
2022-09-08,14.21,sh600028,中国石化
2022-09-09,14.28,sh600028,中国石化
2022-09-13,14.24,sh600028,中国石化
2022-09-14,14.16,sh600028,中国石化
2022-09-15,14.19,sh600028,中国石化
2022-09-16,14.03,sh600028,中国石化
2022-09-19,14.09,sh600028,中国石化
2022-09-20,14.16,sh600028,中国石化
2022-09-21,14.21,sh600028,中国石化
2022-09-22,14.44,sh600028,中国石化
2022-09-23,14.57,sh600028,中国石化
2022-09-26,14.24,sh600028,中国石化
2022-09-27,14.26,sh600028,中国石化
2022-09-28,14.21,sh600028,中国石化
2022-09-29,14.23,sh600028,中国石化
2022-09-30,14.28,sh600028,中国石化
2022-10-10,14.36,sh600028,中国石化
2022-10-11,14.33,sh600028,中国石化
2022-10-12,14.36,sh600028,中国石化
2022-10-13,14.26,sh600028,中国石化
2022-10-14,14.34,sh600028,中国石化
2022-10-17,14.28,sh600028,中国石化
2022-10-18,14.28,sh600028,中国石化
2022-10-19,14.23,sh600028,中国石化
2022-10-20,14.24,sh600028,中国石化
2022-10-21,14.36,sh600028,中国石化
2022-10-24,14.34,sh600028,中国石化
2022-10-25,14.26,sh600028,中国石化
2022-10-26,14.18,sh600028,中国石化
2022-10-27,14.26,sh600028,中国石化
2022-10-28,14.26,sh600028,中国石化
2022-10-31,13.91,sh600028,中国石化
2022-11-01,13.98,sh600028,中国石化
2022-11-02,13.99,sh600028,中国石化
2022-11-03,14.13,sh600028,中国石化
2022-11-04,14.18,sh600028,中国石化
2022-11-07,14.24,sh600028,中国石化
2022-11-08,14.26,sh600028,中国石化
2022-11-09,14.26,sh600028,中国石化
2022-11-10,14.21,sh600028,中国石化
2022-11-11,14.28,sh600028,中国石化
2022-11-14,14.28,sh600028,中国石化
2022-11-15,14.26,sh600028,中国石化
2022-11-16,14.29,sh600028,中国石化
2022-11-17,14.31,sh600028,中国石化
2022-11-18,14.21,sh600028,中国石化
2022-11-21,14.19,sh600028,中国石化
2022-11-22,14.33,sh600028,中国石化
2022-11-23,14.46,sh600028,中国石化
2022-11-24,14.43,sh600028,中国石化
2022-11-25,14.61,sh600028,中国石化
2022-11-28,14.54,sh600028,中国石化
2022-11-29,14.61,sh600028,中国石化
2022-11-30,14.67,sh600028,中国石化
2022-12-01,14.64,sh600028,中国石化
2022-12-02,14.62,sh600028,中国石化
2022-12-05,14.82,sh600028,中国石化
2022-12-06,14.87,sh600028,中国石化
2022-12-07,14.77,sh600028,中国石化
2022-12-08,14.67,sh600028,中国石化
2022-12-09,14.64,sh600028,中国石化
2022-12-12,14.59,sh600028,中国石化
2022-12-13,14.59,sh600028,中国石化
2022-12-14,14.56,sh600028,中国石化
2022-12-15,14.49,sh600028,中国石化
2022-12-16,14.54,sh600028,中国石化
2022-12-19,14.38,sh600028,中国石化
2022-12-20,14.36,sh600028,中国石化
2022-12-21,14.39,sh600028,中国石化
2022-12-22,14.39,sh600028,中国石化
2022-12-23,14.36,sh600028,中国石化
2022-12-26,14.31,sh600028,中国石化
2022-12-27,14.41,sh600028,中国石化
2022-12-28,14.49,sh600028,中国石化
2022-12-29,14.36,sh600028,中国石化
2022-12-30,14.39,sh600028,中国石化
2023-01-03,14.46,sh600028,中国石化
2023-01-04,14.48,sh600028,中国石化
2023-01-05,14.44,sh600028,中国石化
2023-01-06,14.43,sh600028,中国石化
2023-01-09,14.43,sh600028,中国石化
2023-01-10,14.41,sh600028,中国石化
2023-01-11,14.48,sh600028,中国石化
2023-01-12,14.52,sh600028,中国石化
2023-01-13,14.54,sh600028,中国石化
2023-01-16,14.57,sh600028,中国石化
2023-01-17,14.54,sh600028,中国石化
2023-01-18,14.57,sh600028,中国石化
2023-01-19,14.61,sh600028,中国石化
2023-01-20,14.69,sh600028,中国石化
2023-01-30,14.66,sh600028,中国石化
2023-01-31,14.66,sh600028,中国石化
2023-02-01,14.66,sh600028,中国石化
2023-02-02,14.66,sh600028,中国石化
2023-02-03,14.57,sh600028,中国石化
2023-02-06,14.61,sh600028,中国石化
2023-02-07,14.62,sh600028,中国石化
2023-02-08,14.64,sh600028,中国石化
2023-02-09,14.64,sh600028,中国石化
2023-02-10,14.62,sh600028,中国石化
2023-02-13,14.61,sh600028,中国石化
2023-02-14,14.64,sh600028,中国石化
2023-02-15,14.64,sh600028,中国石化
2023-02-16,14.64,sh600028,中国石化
2023-02-17,14.66,sh600028,中国石化
2023-02-20,14.82,sh600028,中国石化
2023-02-21,14.94,sh600028,中国石化
2023-02-22,14.87,sh600028,中国石化
2023-02-23,14.87,sh600028,中国石化
2023-02-24,14.84,sh600028,中国石化
2023-02-27,14.81,sh600028,中国石化
2023-02-28,14.89,sh600028,中国石化
2023-03-01,15.04,sh600028,中国石化
2023-03-02,15.21,sh600028,中国石化
2023-03-03,15.49,sh600028,中国石化
2023-03-06,15.62,sh600028,中国石化
2023-03-07,15.89,sh600028,中国石化
2023-03-08,15.97,sh600028,中国石化
2023-03-09,15.97,sh600028,中国石化
2023-03-10,15.81,sh600028,中国石化
2023-03-13,16.34,sh600028,中国石化
2023-03-14,16.32,sh600028,中国石化
2023-03-15,16.34,sh600028,中国石化
2023-03-16,16.21,sh600028,中国石化
2023-03-17,16.59,sh600028,中国石化
2023-03-20,16.56,sh600028,中国石化
2023-03-21,16.41,sh600028,中国石化
2023-03-22,16.52,sh600028,中国石化
2023-03-23,16.62,sh600028,中国石化
2023-03-24,16.32,sh600028,中国石化
2023-03-27,16.04,sh600028,中国石化
2023-03-28,16.39,sh600028,中国石化
2023-03-29,16.24,sh600028,中国石化
2023-03-30,16.46,sh600028,中国石化
2023-03-31,16.49,sh600028,中国石化
2023-04-03,16.39,sh600028,中国石化
2023-04-04,16.77,sh600028,中国石化
2023-04-06,16.8,sh600028,中国石化
2023-04-07,16.64,sh600028,中国石化
2023-04-10,16.94,sh600028,中国石化
2023-04-11,17.12,sh600028,中国石化
2023-04-12,17.39,sh600028,中国石化
2023-04-13,17.24,sh600028,中国石化
2023-04-14,17.29,sh600028,中国石化
2023-04-17,17.7,sh600028,中国石化
2023-04-18,17.67,sh600028,中国石化
2023-04-19,17.59,sh600028,中国石化
2023-04-20,17.69,sh600028,中国石化
2023-04-21,17.54,sh600028,中国石化
2023-04-24,17.65,sh600028,中国石化
2023-04-25,18.0,sh600028,中国石化
2023-04-26,17.97,sh600028,中国石化
2023-04-27,18.1,sh600028,中国石化
2023-04-28,18.3,sh600028,中国石化
2023-05-04,18.3,sh600028,中国石化
2023-05-05,18.1,sh600028,中国石化
2023-05-08,18.6,sh600028,中国石化
2023-05-09,18.47,sh600028,中国石化
2023-05-10,17.9,sh600028,中国石化
2023-05-11,17.67,sh600028,中国石化
2023-05-12,17.69,sh600028,中国石化
2023-05-15,17.75,sh600028,中国石化
2023-05-16,17.8,sh600028,中国石化
2023-05-17,17.87,sh600028,中国石化
2023-05-18,18.1,sh600028,中国石化
2023-05-19,17.8,sh600028,中国石化
2023-05-22,17.65,sh600028,中国石化
2023-05-23,17.5,sh600028,中国石化
2023-05-24,17.27,sh600028,中国石化
2023-05-25,17.27,sh600028,中国石化
2023-05-26,17.42,sh600028,中国石化
2023-05-29,17.97,sh600028,中国石化
2023-05-30,17.87,sh600028,中国石化
2023-05-31,17.72,sh600028,中国石化
2023-06-01,17.94,sh600028,中国石化
2023-06-02,17.94,sh600028,中国石化
2023-06-05,18.07,sh600028,中国石化
2023-06-06,18.04,sh600028,中国石化
2023-06-07,18.02,sh600028,中国石化
2023-06-08,18.24,sh600028,中国石化
2023-06-09,18.42,sh600028,中国石化
2023-06-12,18.15,sh600028,中国石化
2023-06-13,18.07,sh600028,中国石化
2023-06-14,18.09,sh600028,中国石化
2023-06-15,17.99,sh600028,中国石化
2023-06-16,17.97,sh600028,中国石化
2023-06-19,17.92,sh600028,中国石化
2023-06-20,17.65,sh600028,中国石化
2023-06-21,17.79,sh600028,中国石化
2023-06-26,17.56,sh600028,中国石化
2023-06-27,17.81,sh600028,中国石化
2023-06-28,17.98,sh600028,中国石化
2023-06-29,17.94,sh600028,中国石化
2023-06-30,18.04,sh600028,中国石化
2023-07-03,18.33,sh600028,中国石化
2023-07-04,18.28,sh600028,中国石化
2023-07-05,18.24,sh600028,中国石化
2023-07-06,18.26,sh600028,中国石化
2023-07-07,18.36,sh600028,中国石化
2023-07-10,18.18,sh600028,中国石化
2023-07-11,18.19,sh600028,中国石化
2023-07-12,18.24,sh600028,中国石化
2023-07-13,18.53,sh600028,中国石化
2023-07-14,18.54,sh600028,中国石化
2023-07-17,18.38,sh600028,中国石化
2023-07-18,18.26,sh600028,中国石化
2023-07-19,18.33,sh600028,中国石化
2023-07-20,18.06,sh600028,中国石化
2023-07-21,18.04,sh600028,中国石化
2023-07-24,18.04,sh600028,中国石化
2023-07-25,18.21,sh600028,中国石化
2023-07-26,17.89,sh600028,中国石化
2023-07-27,17.83,sh600028,中国石化
2023-07-28,17.88,sh600028,中国石化
2023-07-31,17.78,sh600028,中国石化
2023-08-01,17.89,sh600028,中国石化
2023-08-02,17.5,sh600028,中国石化
2023-08-03,17.43,sh600028,中国石化
2023-08-04,17.53,sh600028,中国石化
2023-08-07,17.66,sh600028,中国石化
2023-08-08,17.69,sh600028,中国石化
2023-08-09,17.66,sh600028,中国石化
2023-08-10,17.78,sh600028,中国石化
2023-08-11,17.58,sh600028,中国石化
2023-08-14,17.61,sh600028,中国石化
2023-08-15,17.73,sh600028,中国石化
2023-08-16,17.56,sh600028,中国石化
2023-08-17,17.64,sh600028,中国石化
2023-08-18,17.56,sh600028,中国石化
2023-08-21,17.51,sh600028,中国石化
2023-08-22,17.78,sh600028,中国石化
2023-08-23,17.76,sh600028,中国石化
2023-08-24,17.68,sh600028,中国石化
2023-08-25,17.71,sh600028,中国石化
2023-08-28,17.78,sh600028,中国石化
2023-08-29,17.61,sh600028,中国石化
2023-08-30,17.58,sh600028,中国石化
2023-08-31,17.56,sh600028,中国石化
2023-09-01,17.63,sh600028,中国石化
2023-09-04,17.94,sh600028,中国石化
2023-09-05,18.01,sh600028,中国石化
2023-09-06,17.96,sh600028,中国石化
2023-09-07,17.96,sh600028,中国石化
2023-09-08,17.83,sh600028,中国石化
2023-09-11,17.88,sh600028,中国石化
2023-09-12,17.89,sh600028,中国石化
2023-09-13,17.93,sh600028,中国石化
2023-09-14,17.99,sh600028,中国石化
2023-09-15,17.84,sh600028,中国石化
2023-09-18,17.7,sh600028,中国石化
2023-09-19,17.94,sh600028,中国石化
2023-09-20,17.92,sh600028,中国石化
2023-09-21,17.89,sh600028,中国石化
2023-09-22,18.09,sh600028,中国石化
2023-09-25,17.92,sh600028,中国石化
2023-09-26,17.87,sh600028,中国石化
2023-09-27,17.95,sh600028,中国石化
2023-09-28,17.8,sh600028,中国石化
2023-10-09,17.79,sh600028,中国石化
2023-10-10,17.57,sh600028,中国石化
2023-10-11,17.35,sh600028,中国石化
2023-10-12,17.39,sh600028,中国石化
2023-10-13,17.44,sh600028,中国石化
2023-10-16,17.45,sh600028,中国石化
2023-10-17,17.54,sh600028,中国石化
2023-10-18,17.52,sh600028,中国石化
2023-10-19,17.3,sh600028,中国石化
2023-10-20,17.17,sh600028,中国石化
2023-10-23,16.99,sh600028,中国石化
2023-10-24,17.04,sh600028,中国石化
2023-10-25,16.82,sh600028,中国石化
2023-10-26,16.95,sh600028,中国石化
2023-10-27,17.02,sh600028,中国石化
2023-10-30,16.67,sh600028,中国石化
2023-10-31,16.79,sh600028,中国石化
2023-11-01,16.8,sh600028,中国石化
2023-11-02,16.9,sh600028,中国石化
2023-11-03,16.87,sh600028,中国石化
2023-11-06,16.64,sh600028,中国石化
2023-11-07,16.64,sh600028,中国石化
2023-11-08,16.54,sh600028,中国石化
2023-11-09,16.69,sh600028,中国石化
2023-11-10,16.7,sh600028,中国石化
2023-11-13,16.84,sh600028,中国石化
2023-11-14,16.75,sh600028,中国石化
2023-11-15,16.9,sh600028,中国石化
2023-11-16,16.82,sh600028,中国石化
2023-11-17,16.75,sh600028,中国石化
2023-11-20,16.84,sh600028,中国石化
2023-11-21,16.85,sh600028,中国石化
2023-11-22,16.8,sh600028,中国石化
2023-11-23,16.8,sh600028,中国石化
2023-11-24,16.82,sh600028,中国石化
2023-11-27,16.75,sh600028,中国石化
2023-11-28,16.79,sh600028,中国石化
2023-11-29,16.69,sh600028,中国石化
2023-11-30,16.8,sh600028,中国石化
2023-12-01,16.75,sh600028,中国石化
2023-12-04,16.82,sh600028,中国石化
2023-12-05,16.65,sh600028,中国石化
2023-12-06,16.67,sh600028,中国石化
2023-12-07,16.62,sh600028,中国石化
2023-12-08,16.8,sh600028,中国石化
2023-12-11,16.62,sh600028,中国石化
2023-12-12,16.7,sh600028,中国石化
2023-12-13,16.56,sh600028,中国石化
2023-12-14,16.51,sh600028,中国石化
2023-12-15,16.44,sh600028,中国石化
2023-12-18,16.51,sh600028,中国石化
2023-12-19,16.51,sh600028,中国石化
2023-12-20,16.49,sh600028,中国石化
2023-12-21,16.42,sh600028,中国石化
2023-12-22,16.6,sh600028,中国石化
2023-12-25,16.67,sh600028,中国石化
2023-12-26,16.69,sh600028,中国石化
2023-12-27,16.89,sh600028,中国石化
2023-12-28,16.8,sh600028,中国石化
2023-12-29,16.99,sh600028,中国石化
2024-01-02,17.05,sh600028,中国石化
2024-01-03,17.2,sh600028,中国石化
2024-01-04,17.17,sh600028,中国石化
2024-01-05,17.05,sh600028,中国石化
2024-01-08,16.97,sh600028,中国石化
2024-01-09,16.99,sh600028,中国石化
2024-01-10,16.85,sh600028,中国石化
2024-01-11,16.62,sh600028,中国石化
2024-01-12,16.64,sh600028,中国石化
2024-01-15,16.72,sh600028,中国石化
2024-01-16,16.74,sh600028,中国石化
2024-01-17,16.62,sh600028,中国石化
2024-01-18,16.54,sh600028,中国石化
2024-01-19,16.6,sh600028,中国石化
2024-01-22,16.51,sh600028,中国石化
2024-01-23,16.49,sh600028,中国石化
2024-01-24,16.79,sh600028,中国石化
2024-01-25,17.5,sh600028,中国石化
2024-01-26,17.39,sh600028,中国石化
2024-01-29,17.57,sh600028,中国石化
2024-01-30,17.57,sh600028,中国石化
2024-01-31,17.62,sh600028,中国石化
2024-02-01,17.44,sh600028,中国石化
2024-02-02,17.5,sh600028,中国石化
2024-02-05,17.72,sh600028,中国石化
2024-02-06,17.64,sh600028,中国石化
2024-02-07,17.72,sh600028,中国石化
2024-02-08,17.67,sh600028,中国石化
2024-02-19,18.15,sh600028,中国石化
2024-02-20,18.1,sh600028,中国石化
2024-02-21,18.1,sh600028,中国石化
2024-02-22,18.39,sh600028,中国石化
2024-02-23,18.3,sh600028,中国石化
2024-02-26,18.12,sh600028,中国石化
2024-02-27,18.1,sh600028,中国石化
2024-02-28,18.0,sh600028,中国石化
2024-02-29,18.1,sh600028,中国石化
2024-03-01,18.02,sh600028,中国石化
2024-03-04,18.25,sh600028,中国石化
2024-03-05,18.34,sh600028,中国石化
2024-03-06,18.32,sh600028,中国石化
2024-03-07,18.4,sh600028,中国石化
2024-03-08,18.45,sh600028,中国石化
2024-03-11,18.29,sh600028,中国石化
2024-03-12,17.9,sh600028,中国石化
2024-03-13,17.94,sh600028,中国石化
2024-03-14,18.05,sh600028,中国石化
2024-03-15,18.02,sh600028,中国石化
2024-03-18,18.02,sh600028,中国石化
2024-03-19,17.94,sh600028,中国石化
2024-03-20,18.09,sh600028,中国石化
2024-03-21,18.1,sh600028,中国石化
2024-03-22,18.02,sh600028,中国石化
2024-03-25,18.07,sh600028,中国石化
2024-03-26,18.02,sh600028,中国石化
2024-03-27,18.05,sh600028,中国石化
2024-03-28,18.05,sh600028,中国石化
2024-03-29,18.34,sh600028,中国石化
2024-04-01,18.29,sh600028,中国石化
2024-04-02,18.47,sh600028,中国石化
2024-04-03,18.52,sh600028,中国石化
2024-04-08,18.54,sh600028,中国石化
2024-04-09,18.24,sh600028,中国石化
2024-04-10,18.29,sh600028,中国石化
2024-04-11,18.32,sh600028,中国石化
2024-04-12,18.32,sh600028,中国石化
2024-04-15,18.77,sh600028,中国石化
2024-04-16,18.82,sh600028,中国石化
2024-04-17,18.75,sh600028,中国石化
2024-04-18,18.59,sh600028,中国石化
2024-04-19,18.8,sh600028,中国石化
2024-04-22,18.52,sh600028,中国石化
2024-04-23,18.39,sh600028,中国石化
2024-04-24,18.5,sh600028,中国石化
2024-04-25,18.59,sh600028,中国石化
2024-04-26,18.59,sh600028,中国石化
2024-04-29,18.12,sh600028,中国石化
2024-04-30,18.27,sh600028,中国石化
2024-05-06,18.22,sh600028,中国石化
2024-05-07,18.3,sh600028,中国石化
2024-05-08,18.39,sh600028,中国石化
2024-05-09,18.34,sh600028,中国石化
2024-05-10,18.35,sh600028,中国石化
2024-05-13,18.34,sh600028,中国石化
2024-05-14,18.3,sh600028,中国石化
2024-05-15,18.24,sh600028,中国石化
2024-05-16,18.19,sh600028,中国石化
2024-05-17,18.25,sh600028,中国石化
2024-05-20,18.37,sh600028,中国石化
2024-05-21,18.29,sh600028,中国石化
2024-05-22,18.37,sh600028,中国石化
2024-05-23,18.3,sh600028,中国石化
2024-05-24,18.39,sh600028,中国石化
2024-05-27,18.54,sh600028,中国石化
2024-05-28,18.67,sh600028,中国石化
2024-05-29,18.72,sh600028,中国石化
2024-05-30,18.59,sh600028,中国石化
2024-05-31,18.44,sh600028,中国石化
2024-06-03,18.35,sh600028,中国石化
2024-06-04,18.24,sh600028,中国石化
2024-06-05,18.12,sh600028,中国石化
2024-06-06,18.24,sh600028,中国石化
2024-06-07,18.17,sh600028,中国石化
2024-06-11,17.99,sh600028,中国石化
2024-06-12,18.05,sh600028,中国石化
2024-06-13,17.92,sh600028,中国石化
2024-06-14,17.94,sh600028,中国石化
2024-06-17,17.67,sh600028,中国石化
2024-06-18,17.72,sh600028,中国石化
2024-06-19,17.8,sh600028,中国石化
2024-06-20,17.97,sh600028,中国石化
2024-06-21,17.92,sh600028,中国石化
2024-06-24,17.9,sh600028,中国石化
2024-06-25,17.87,sh600028,中国石化
2024-06-26,17.94,sh600028,中国石化
2024-06-27,17.95,sh600028,中国石化
2024-06-28,18.22,sh600028,中国石化
2024-07-01,18.34,sh600028,中国石化
2024-07-02,18.44,sh600028,中国石化
2024-07-03,18.4,sh600028,中国石化
2024-07-04,18.54,sh600028,中国石化
2024-07-05,18.4,sh600028,中国石化
2024-07-08,18.52,sh600028,中国石化
2024-07-09,18.59,sh600028,中国石化
2024-07-10,18.39,sh600028,中国石化
2024-07-11,18.39,sh600028,中国石化
2024-07-12,18.35,sh600028,中国石化
2024-07-15,18.6,sh600028,中国石化
2024-07-16,18.83,sh600028,中国石化
2024-07-17,18.73,sh600028,中国石化
2024-07-18,18.88,sh600028,中国石化
2024-07-19,18.85,sh600028,中国石化
2024-07-22,18.72,sh600028,中国石化
2024-07-23,18.73,sh600028,中国石化
2024-07-24,19.12,sh600028,中国石化
2024-07-25,19.1,sh600028,中国石化
2024-07-26,18.98,sh600028,中国石化
2024-07-29,19.18,sh600028,中国石化
2024-07-30,18.8,sh600028,中国石化
2024-07-31,18.83,sh600028,中国石化
2024-08-01,18.95,sh600028,中国石化
2024-08-02,19.0,sh600028,中国石化
2024-08-05,18.75,sh600028,中国石化
2024-08-06,18.75,sh600028,中国石化
2024-08-07,18.88,sh600028,中国石化
2024-08-08,18.85,sh600028,中国石化
2024-08-09,18.95,sh600028,中国石化
2024-08-12,18.97,sh600028,中国石化
2024-08-13,19.08,sh600028,中国石化
2024-08-14,19.1,sh600028,中国石化
2024-08-15,19.17,sh600028,中国石化
2024-08-16,19.15,sh600028,中国石化
2024-08-19,19.22,sh600028,中国石化
2024-08-20,19.12,sh600028,中国石化
2024-08-21,19.13,sh600028,中国石化
2024-08-22,19.25,sh600028,中国石化
2024-08-23,19.38,sh600028,中国石化
2024-08-26,19.5,sh600028,中国石化
2024-08-27,19.98,sh600028,中国石化
2024-08-28,19.85,sh600028,中国石化
2024-08-29,19.47,sh600028,中国石化
2024-08-30,19.37,sh600028,中国石化
2024-09-02,19.63,sh600028,中国石化
2024-09-03,19.13,sh600028,中国石化
2024-09-04,19.0,sh600028,中国石化
2024-09-05,18.93,sh600028,中国石化
2024-09-06,19.02,sh600028,中国石化
2024-09-09,18.65,sh600028,中国石化
2024-09-10,18.85,sh600028,中国石化
2024-09-11,18.52,sh600028,中国石化
2024-09-12,18.57,sh600028,中国石化
2024-09-13,18.58,sh600028,中国石化
2024-09-18,18.91,sh600028,中国石化
2024-09-19,18.79,sh600028,中国石化
2024-09-20,18.89,sh600028,中国石化
2024-09-23,19.06,sh600028,中国石化
2024-09-24,19.53,sh600028,中国石化
2024-09-25,19.46,sh600028,中国石化
2024-09-26,19.51,sh600028,中国石化
2024-09-27,19.36,sh600028,中国石化
2024-09-30,19.86,sh600028,中国石化
2024-10-08,19.96,sh600028,中国石化
2024-10-09,19.23,sh600028,中国石化
2024-10-10,19.73,sh600028,中国石化
2024-10-11,19.51,sh600028,中国石化
2024-10-14,19.59,sh600028,中国石化
2024-10-15,19.26,sh600028,中国石化
2024-10-16,19.24,sh600028,中国石化
2024-10-17,19.09,sh600028,中国石化
2024-10-18,19.21,sh600028,中国石化
2024-10-21,19.18,sh600028,中国石化
2024-10-22,19.26,sh600028,中国石化
2024-10-23,19.24,sh600028,中国石化
2024-10-24,19.08,sh600028,中国石化
2024-10-25,19.01,sh600028,中国石化
2024-10-28,18.99,sh600028,中国石化
2024-10-29,18.65,sh600028,中国石化
2024-10-30,18.58,sh600028,中国石化
2024-10-31,18.56,sh600028,中国石化
2024-11-01,18.73,sh600028,中国石化
2024-11-04,18.66,sh600028,中国石化
2024-11-05,18.73,sh600028,中国石化
2024-11-06,18.73,sh600028,中国石化
2024-11-07,18.89,sh600028,中国石化
2024-11-08,18.81,sh600028,中国石化
2024-11-11,18.65,sh600028,中国石化
2024-11-12,18.56,sh600028,中国石化
2024-11-13,18.66,sh600028,中国石化
2024-11-14,18.71,sh600028,中国石化
2024-11-15,18.79,sh600028,中国石化
2024-11-18,18.86,sh600028,中国石化
2024-11-19,18.74,sh600028,中国石化
2024-11-20,18.83,sh600028,中国石化
2024-11-21,18.81,sh600028,中国石化
2024-11-22,18.71,sh600028,中国石化
2024-11-25,18.81,sh600028,中国石化
2024-11-26,18.86,sh600028,中国石化
2024-11-27,18.89,sh600028,中国石化
2024-11-28,18.93,sh600028,中国石化
2024-11-29,18.86,sh600028,中国石化
2024-12-02,18.78,sh600028,中国石化
2024-12-03,18.84,sh600028,中国石化
2024-12-04,19.06,sh600028,中国石化
2024-12-05,18.91,sh600028,中国石化
2024-12-06,18.94,sh600028,中国石化
2024-12-09,19.04,sh600028,中国石化
2024-12-10,18.99,sh600028,中国石化
2024-12-11,18.99,sh600028,中国石化
2024-12-12,19.03,sh600028,中国石化
2024-12-13,18.86,sh600028,中国石化
2024-12-16,19.01,sh600028,中国石化
2024-12-17,18.99,sh600028,中国石化
2024-12-18,19.11,sh600028,中国石化
2024-12-19,19.03,sh600028,中国石化
2024-12-20,18.89,sh600028,中国石化
2024-12-23,19.16,sh600028,中国石化
2024-12-24,19.28,sh600028,中国石化
2024-12-25,19.53,sh600028,中国石化
2024-12-26,19.38,sh600028,中国石化
2024-12-27,19.34,sh600028,中国石化
2024-12-30,19.46,sh600028,中国石化
2024-12-31,19.39,sh600028,中国石化
2025-01-02,19.19,sh600028,中国石化
2025-01-03,19.21,sh600028,中国石化
2025-01-06,19.19,sh600028,中国石化
2025-01-07,19.14,sh600028,中国石化
2025-01-08,19.23,sh600028,中国石化
2025-01-09,18.94,sh600028,中国石化
2025-01-10,18.74,sh600028,中国石化
2025-01-13,18.61,sh600028,中国石化
2025-01-14,18.69,sh600028,中国石化
2025-01-15,18.69,sh600028,中国石化
2025-01-16,18.73,sh600028,中国石化
2025-01-17,18.63,sh600028,中国石化
2025-01-20,18.55,sh600028,中国石化
2025-01-21,18.38,sh600028,中国石化
2025-01-22,18.26,sh600028,中国石化
2025-01-23,18.31,sh600028,中国石化
2025-01-24,18.33,sh600028,中国石化
2025-01-27,18.4,sh600028,中国石化
2025-02-05,18.3,sh600028,中国石化
2025-02-06,18.41,sh600028,中国石化
2025-02-07,18.45,sh600028,中国石化
2025-02-10,18.45,sh600028,中国石化
2025-02-11,18.45,sh600028,中国石化
2025-02-12,18.43,sh600028,中国石化
2025-02-13,18.38,sh600028,中国石化
2025-02-14,18.38,sh600028,中国石化
2025-02-17,18.33,sh600028,中国石化
2025-02-18,18.28,sh600028,中国石化
2025-02-19,18.13,sh600028,中国石化
2025-02-20,18.11,sh600028,中国石化
2025-02-21,18.11,sh600028,中国石化
2025-02-24,18.06,sh600028,中国石化
2025-02-25,17.96,sh600028,中国石化
2025-02-26,17.91,sh600028,中国石化
2025-02-27,18.0,sh600028,中国石化
2025-02-28,17.9,sh600028,中国石化
2025-03-03,17.83,sh600028,中国石化
2025-03-04,17.7,sh600028,中国石化
2025-03-05,17.73,sh600028,中国石化
2025-03-06,17.75,sh600028,中国石化
2025-03-07,17.81,sh600028,中国石化
2025-03-10,17.75,sh600028,中国石化
2025-03-11,17.76,sh600028,中国石化
2025-03-12,17.7,sh600028,中国石化
2025-03-13,17.81,sh600028,中国石化
2025-03-14,17.93,sh600028,中国石化
2025-03-17,18.01,sh600028,中国石化
2025-03-18,17.96,sh600028,中国石化
2025-03-19,18.01,sh600028,中国石化
2025-03-20,18.03,sh600028,中国石化
2025-03-21,17.95,sh600028,中国石化
2025-03-24,17.81,sh600028,中国石化
2025-03-25,17.88,sh600028,中国石化
2025-03-26,17.86,sh600028,中国石化
2025-03-27,17.98,sh600028,中国石化
2025-03-28,17.88,sh600028,中国石化
2025-03-31,17.81,sh600028,中国石化
2025-04-01,17.81,sh600028,中国石化
2025-04-02,17.85,sh600028,中国石化
2025-04-03,17.9,sh600028,中国石化
2025-04-07,17.23,sh600028,中国石化
2025-04-08,17.71,sh600028,中国石化
2025-04-09,17.65,sh600028,中国石化
2025-04-10,17.58,sh600028,中国石化
2025-04-11,17.53,sh600028,中国石化
2025-04-14,17.61,sh600028,中国石化
2025-04-15,17.68,sh600028,中国石化
2025-04-16,17.81,sh600028,中国石化
2025-04-17,17.81,sh600028,中国石化
2025-04-18,17.81,sh600028,中国石化
2025-04-21,17.7,sh600028,中国石化
2025-04-22,17.75,sh600028,中国石化
2025-04-23,17.73,sh600028,中国石化
2025-04-24,17.76,sh600028,中国石化
2025-04-25,17.73,sh600028,中国石化
2025-04-28,17.78,sh600028,中国石化
2025-04-29,17.65,sh600028,中国石化
2025-04-30,17.7,sh600028,中国石化
2025-05-06,17.66,sh600028,中国石化
2025-05-07,17.78,sh600028,中国石化
2025-05-08,17.75,sh600028,中国石化
2025-05-09,17.75,sh600028,中国石化
2025-05-12,17.76,sh600028,中国石化
2025-05-13,17.81,sh600028,中国石化
2025-05-14,17.98,sh600028,中国石化
2025-05-15,17.9,sh600028,中国石化
2025-05-16,17.7,sh600028,中国石化
2025-05-19,17.73,sh600028,中国石化
2025-05-20,17.71,sh600028,中国石化
2025-05-21,17.78,sh600028,中国石化
2025-05-22,17.9,sh600028,中国石化
2025-05-23,17.75,sh600028,中国石化
2025-05-26,17.73,sh600028,中国石化
2025-05-27,17.73,sh600028,中国石化
2025-05-28,17.91,sh600028,中国石化
2025-05-29,17.81,sh600028,中国石化
2025-05-30,17.9,sh600028,中国石化
2025-06-03,17.85,sh600028,中国石化
2025-06-04,17.86,sh600028,中国石化
2025-06-05,17.8,sh600028,中国石化
2025-06-06,17.85,sh600028,中国石化
2025-06-09,17.86,sh600028,中国石化
2025-06-10,17.85,sh600028,中国石化
2025-06-11,18.05,sh600028,中国石化
2025-06-12,18.08,sh600028,中国石化
2025-06-13,18.15,sh600028,中国石化
2025-06-16,18.11,sh600028,中国石化
2025-06-17,18.2,sh600028,中国石化
2025-06-18,18.1,sh600028,中国石化
2025-06-19,18.23,sh600028,中国石化
2025-06-20,18.08,sh600028,中国石化
2025-06-23,18.01,sh600028,中国石化
2025-06-24,17.95,sh600028,中国石化
2025-06-25,17.96,sh600028,中国石化
2025-06-26,18.01,sh600028,中国石化
2025-06-27,17.93,sh600028,中国石化
2025-06-30,17.9,sh600028,中国石化
2025-07-01,17.93,sh600028,中国石化
2025-07-02,17.98,sh600028,中国石化
2025-07-03,17.93,sh600028,中国石化
2025-07-04,17.96,sh600028,中国石化
2025-07-07,17.91,sh600028,中国石化
2025-07-08,17.96,sh600028,中国石化
2025-07-09,17.96,sh600028,中国石化
2025-07-10,18.1,sh600028,中国石化
2025-07-11,18.01,sh600028,中国石化
2025-07-14,18.11,sh600028,中国石化
2025-07-15,18.1,sh600028,中国石化
2025-07-16,18.1,sh600028,中国石化
2025-07-17,18.05,sh600028,中国石化
2025-07-18,18.2,sh600028,中国石化
2025-07-21,18.36,sh600028,中国石化
2025-07-22,18.55,sh600028,中国石化
2025-07-23,18.53,sh600028,中国石化
2025-07-24,18.46,sh600028,中国石化
2025-07-25,18.43,sh600028,中国石化
2025-07-28,18.3,sh600028,中国石化
2025-07-29,18.33,sh600028,中国石化
2025-07-30,18.51,sh600028,中国石化
2025-07-31,18.51,sh600028,中国石化
2025-08-01,17.98,sh600028,中国石化
2025-08-04,17.91,sh600028,中国石化
2025-08-05,18.01,sh600028,中国石化
2025-08-06,18.01,sh600028,中国石化
2025-08-07,18.05,sh600028,中国石化
2025-08-08,18.06,sh600028,中国石化
2025-08-11,17.96,sh600028,中国石化
2025-08-12,18.1,sh600028,中国石化
2025-08-13,18.03,sh600028,中国石化
2025-08-14,17.98,sh600028,中国石化
2025-08-15,17.96,sh600028,中国石化
2025-08-18,17.96,sh600028,中国石化
2025-08-19,17.95,sh600028,中国石化
2025-08-20,18.03,sh600028,中国石化
2025-08-21,18.26,sh600028,中国石化
2025-08-22,18.21,sh600028,中国石化
2025-08-25,18.23,sh600028,中国石化
2025-08-26,18.2,sh600028,中国石化
2025-08-27,18.06,sh600028,中国石化
2025-08-28,18.1,sh600028,中国石化
2025-08-29,18.01,sh600028,中国石化
2025-09-01,18.0,sh600028,中国石化
2025-09-02,18.18,sh600028,中国石化
2025-09-03,18.08,sh600028,中国石化
2025-09-04,18.13,sh600028,中国石化
2025-09-05,17.98,sh600028,中国石化
2025-09-08,17.96,sh600028,中国石化
2025-09-09,17.93,sh600028,中国石化
2025-09-10,17.85,sh600028,中国石化
2025-09-11,17.88,sh600028,中国石化
2025-09-12,17.86,sh600028,中国石化
2025-09-15,17.84,sh600028,中国石化
2025-09-16,17.78,sh600028,中国石化
2025-09-17,17.79,sh600028,中国石化
2025-09-18,17.64,sh600028,中国石化
2025-09-19,17.58,sh600028,中国石化
2025-09-22,17.51,sh600028,中国石化
2025-09-23,17.58,sh600028,中国石化
2025-09-24,17.58,sh600028,中国石化
2025-09-25,17.56,sh600028,中国石化
2025-09-26,17.56,sh600028,中国石化
2025-09-29,17.49,sh600028,中国石化
2025-09-30,17.46,sh600028,中国石化
2025-10-09,17.58,sh600028,中国石化
2025-10-10,17.59,sh600028,中国石化
2025-10-13,17.58,sh600028,中国石化
2025-10-14,17.68,sh600028,中国石化
2025-10-15,17.63,sh600028,中国石化
2025-10-16,17.73,sh600028,中国石化
2025-10-17,17.66,sh600028,中国石化
2025-10-20,17.76,sh600028,中国石化
2025-10-21,17.74,sh600028,中国石化
2025-10-22,17.81,sh600028,中国石化
2025-10-23,17.91,sh600028,中国石化
2025-10-24,17.88,sh600028,中国石化
2025-10-27,17.94,sh600028,中国石化
2025-10-28,17.91,sh600028,中国石化
2025-10-29,17.84,sh600028,中国石化
2025-10-30,17.86,sh600028,中国石化
2025-10-31,17.76,sh600028,中国石化
2025-11-03,17.93,sh600028,中国石化
2025-11-04,17.94,sh600028,中国石化
2025-11-05,17.89,sh600028,中国石化
2025-11-06,17.89,sh600028,中国石化
2025-11-07,17.99,sh600028,中国石化
2025-11-10,18.08,sh600028,中国石化
2025-11-11,18.09,sh600028,中国石化
2025-11-12,18.16,sh600028,中国石化
2025-11-13,18.11,sh600028,中国石化
2025-11-14,18.16,sh600028,中国石化
2025-11-17,18.28,sh600028,中国石化
2025-11-18,18.31,sh600028,中国石化
2025-11-19,18.72,sh600028,中国石化
2025-11-20,18.72,sh600028,中国石化
2025-11-21,18.59,sh600028,中国石化
2025-11-24,18.38,sh600028,中国石化
2025-11-25,18.31,sh600028,中国石化
2025-11-26,18.21,sh600028,中国石化
2025-11-27,18.33,sh600028,中国石化
2025-11-28,18.28,sh600028,中国石化
2025-12-01,18.39,sh600028,中国石化
2025-12-02,18.61,sh600028,中国石化
2025-12-03,18.56,sh600028,中国石化
2025-12-04,18.59,sh600028,中国石化
2025-12-05,18.58,sh600028,中国石化
2025-12-08,18.58,sh600028,中国石化
2025-12-09,18.53,sh600028,中国石化
2025-12-10,18.41,sh600028,中国石化
2025-12-11,18.34,sh600028,中国石化
2025-12-12,18.28,sh600028,中国石化
2025-12-15,18.31,sh600028,中国石化
2025-12-16,18.34,sh600028,中国石化
2025-12-17,18.38,sh600028,中国石化
2025-12-18,18.53,sh600028,中国石化
2025-12-19,18.46,sh600028,中国石化
2025-12-22,18.43,sh600028,中国石化
2025-12-23,18.51,sh600028,中国石化
2025-12-24,18.49,sh600028,中国石化
2025-12-25,18.39,sh600028,中国石化
2025-12-26,18.29,sh600028,中国石化
2025-12-29,18.64,sh600028,中国石化
2025-12-30,18.91,sh600028,中国石化
2025-12-31,18.94,sh600028,中国石化
2018-01-02,10.88,sh600050,中国联通
2018-01-03,11.32,sh600050,中国联通
2018-01-04,11.28,sh600050,中国联通
2018-01-05,11.37,sh600050,中国联通
2018-01-08,11.53,sh600050,中国联通
2018-01-09,11.47,sh600050,中国联通
2018-01-10,11.28,sh600050,中国联通
2018-01-11,11.37,sh600050,中国联通
2018-01-12,11.2,sh600050,中国联通
2018-01-15,10.83,sh600050,中国联通
2018-01-16,10.93,sh600050,中国联通
2018-01-17,11.5,sh600050,中国联通
2018-01-18,11.57,sh600050,中国联通
2018-01-19,11.63,sh600050,中国联通
2018-01-22,11.57,sh600050,中国联通
2018-01-23,11.75,sh600050,中国联通
2018-01-24,11.73,sh600050,中国联通
2018-01-25,12.27,sh600050,中国联通
2018-01-26,12.23,sh600050,中国联通
2018-01-29,12.05,sh600050,中国联通
2018-01-30,11.67,sh600050,中国联通
2018-01-31,11.78,sh600050,中国联通
2018-02-01,11.32,sh600050,中国联通
2018-02-02,11.55,sh600050,中国联通
2018-02-05,11.65,sh600050,中国联通
2018-02-06,11.0,sh600050,中国联通
2018-02-07,11.02,sh600050,中国联通
2018-02-08,11.03,sh600050,中国联通
2018-02-09,10.17,sh600050,中国联通
2018-02-12,10.37,sh600050,中国联通
2018-02-13,10.34,sh600050,中国联通
2018-02-14,10.37,sh600050,中国联通
2018-02-22,10.57,sh600050,中国联通
2018-02-23,10.63,sh600050,中国联通
2018-02-26,11.0,sh600050,中国联通
2018-02-27,10.9,sh600050,中国联通
2018-02-28,10.85,sh600050,中国联通
2018-03-01,10.82,sh600050,中国联通
2018-03-02,10.88,sh600050,中国联通
2018-03-05,10.78,sh600050,中国联通
2018-03-06,10.67,sh600050,中国联通
2018-03-07,10.47,sh600050,中国联通
2018-03-08,10.52,sh600050,中国联通
2018-03-09,10.65,sh600050,中国联通
2018-03-12,10.75,sh600050,中国联通
2018-03-13,10.58,sh600050,中国联通
2018-03-14,10.47,sh600050,中国联通
2018-03-15,10.53,sh600050,中国联通
2018-03-16,10.43,sh600050,中国联通
2018-03-19,10.42,sh600050,中国联通
2018-03-20,10.38,sh600050,中国联通
2018-03-21,10.37,sh600050,中国联通
2018-03-22,10.27,sh600050,中国联通
2018-03-23,9.6,sh600050,中国联通
2018-03-26,9.54,sh600050,中国联通
2018-03-27,9.8,sh600050,中国联通
2018-03-28,9.62,sh600050,中国联通
2018-03-29,9.79,sh600050,中国联通
2018-03-30,9.77,sh600050,中国联通
2018-04-02,9.65,sh600050,中国联通
2018-04-03,9.57,sh600050,中国联通
2018-04-04,9.45,sh600050,中国联通
2018-04-09,9.44,sh600050,中国联通
2018-04-10,9.6,sh600050,中国联通
2018-04-11,9.59,sh600050,中国联通
2018-04-12,9.47,sh600050,中国联通
2018-04-13,9.47,sh600050,中国联通
2018-04-16,9.27,sh600050,中国联通
2018-04-17,8.97,sh600050,中国联通
2018-04-18,8.84,sh600050,中国联通
2018-04-19,8.84,sh600050,中国联通
2018-04-20,8.6,sh600050,中国联通
2018-04-23,9.45,sh600050,中国联通
2018-04-24,9.59,sh600050,中国联通
2018-04-25,9.72,sh600050,中国联通
2018-04-26,9.62,sh600050,中国联通
2018-04-27,9.67,sh600050,中国联通
2018-05-02,9.65,sh600050,中国联通
2018-05-03,9.72,sh600050,中国联通
2018-05-04,9.9,sh600050,中国联通
2018-05-07,9.94,sh600050,中国联通
2018-05-08,10.09,sh600050,中国联通
2018-05-09,9.92,sh600050,中国联通
2018-05-10,9.84,sh600050,中国联通
2018-05-11,9.62,sh600050,中国联通
2018-05-14,9.74,sh600050,中国联通
2018-05-15,9.99,sh600050,中国联通
2018-05-16,9.82,sh600050,中国联通
2018-05-17,9.75,sh600050,中国联通
2018-05-18,9.85,sh600050,中国联通
2018-05-21,10.15,sh600050,中国联通
2018-05-22,10.14,sh600050,中国联通
2018-05-23,9.99,sh600050,中国联通
2018-05-24,10.0,sh600050,中国联通
2018-05-25,9.69,sh600050,中国联通
2018-05-28,9.65,sh600050,中国联通
2018-05-29,9.42,sh600050,中国联通
2018-05-30,9.04,sh600050,中国联通
2018-05-31,9.2,sh600050,中国联通
2018-06-01,9.2,sh600050,中国联通
2018-06-04,9.29,sh600050,中国联通
2018-06-05,9.34,sh600050,中国联通
2018-06-06,9.27,sh600050,中国联通
2018-06-07,9.27,sh600050,中国联通
2018-06-08,9.05,sh600050,中国联通
2018-06-11,9.05,sh600050,中国联通
2018-06-12,9.29,sh600050,中国联通
2018-06-13,9.05,sh600050,中国联通
2018-06-14,9.1,sh600050,中国联通
2018-06-15,9.07,sh600050,中国联通
2018-06-19,8.45,sh600050,中国联通
2018-06-20,8.47,sh600050,中国联通
2018-06-21,8.24,sh600050,中国联通
2018-06-22,8.32,sh600050,中国联通
2018-06-25,8.12,sh600050,中国联通
2018-06-26,8.17,sh600050,中国联通
2018-06-27,8.12,sh600050,中国联通
2018-06-28,8.19,sh600050,中国联通
2018-06-29,8.39,sh600050,中国联通
2018-07-02,8.19,sh600050,中国联通
2018-07-03,8.34,sh600050,中国联通
2018-07-04,8.2,sh600050,中国联通
2018-07-05,8.05,sh600050,中国联通
2018-07-06,8.14,sh600050,中国联通
2018-07-09,8.27,sh600050,中国联通
2018-07-10,8.42,sh600050,中国联通
2018-07-11,8.17,sh600050,中国联通
2018-07-12,8.44,sh600050,中国联通
2018-07-13,8.44,sh600050,中国联通
2018-07-16,8.54,sh600050,中国联通
2018-07-17,8.47,sh600050,中国联通
2018-07-18,8.37,sh600050,中国联通
2018-07-19,8.47,sh600050,中国联通
2018-07-20,8.57,sh600050,中国联通
2018-07-23,8.77,sh600050,中国联通
2018-07-24,9.07,sh600050,中国联通
2018-07-25,8.97,sh600050,中国联通
2018-07-26,8.85,sh600050,中国联通
2018-07-27,8.9,sh600050,中国联通
2018-07-30,8.85,sh600050,中国联通
2018-07-31,8.87,sh600050,中国联通
2018-08-01,8.79,sh600050,中国联通
2018-08-02,8.69,sh600050,中国联通
2018-08-03,8.7,sh600050,中国联通
2018-08-06,8.82,sh600050,中国联通
2018-08-07,9.04,sh600050,中国联通
2018-08-08,8.94,sh600050,中国联通
2018-08-09,9.09,sh600050,中国联通
2018-08-10,9.17,sh600050,中国联通
2018-08-13,9.22,sh600050,中国联通
2018-08-14,9.22,sh600050,中国联通
2018-08-15,9.07,sh600050,中国联通
2018-08-16,9.55,sh600050,中国联通
2018-08-17,9.2,sh600050,中国联通
2018-08-20,9.6,sh600050,中国联通
2018-08-21,9.74,sh600050,中国联通
2018-08-22,9.57,sh600050,中国联通
2018-08-23,9.7,sh600050,中国联通
2018-08-24,9.59,sh600050,中国联通
2018-08-27,9.72,sh600050,中国联通
2018-08-28,9.79,sh600050,中国联通
2018-08-29,9.72,sh600050,中国联通
2018-08-30,9.44,sh600050,中国联通
2018-08-31,9.54,sh600050,中国联通
2018-09-03,9.3,sh600050,中国联通
2018-09-04,9.35,sh600050,中国联通
2018-09-05,9.45,sh600050,中国联通
2018-09-06,9.87,sh600050,中国联通
2018-09-07,9.74,sh600050,中国联通
2018-09-10,9.42,sh600050,中国联通
2018-09-11,9.52,sh600050,中国联通
2018-09-12,9.24,sh600050,中国联通
2018-09-13,9.44,sh600050,中国联通
2018-09-14,9.3,sh600050,中国联通
2018-09-17,9.05,sh600050,中国联通
2018-09-18,9.2,sh600050,中国联通
2018-09-19,9.34,sh600050,中国联通
2018-09-20,9.3,sh600050,中国联通
2018-09-21,9.5,sh600050,中国联通
2018-09-25,9.42,sh600050,中国联通
2018-09-26,9.47,sh600050,中国联通
2018-09-27,9.37,sh600050,中国联通
2018-09-28,9.47,sh600050,中国联通
2018-10-08,9.07,sh600050,中国联通
2018-10-09,9.09,sh600050,中国联通
2018-10-10,9.19,sh600050,中国联通
2018-10-11,8.6,sh600050,中国联通
2018-10-12,8.65,sh600050,中国联通
2018-10-15,8.57,sh600050,中国联通
2018-10-16,8.55,sh600050,中国联通
2018-10-17,8.65,sh600050,中国联通
2018-10-18,8.54,sh600050,中国联通
2018-10-19,8.74,sh600050,中国联通
2018-10-22,9.22,sh600050,中国联通
2018-10-23,9.09,sh600050,中国联通
2018-10-24,9.19,sh600050,中国联通
2018-10-25,9.22,sh600050,中国联通
2018-10-26,9.24,sh600050,中国联通
2018-10-29,9.19,sh600050,中国联通
2018-10-30,9.19,sh600050,中国联通
2018-10-31,9.22,sh600050,中国联通
2018-11-01,9.22,sh600050,中国联通
2018-11-02,9.39,sh600050,中国联通
2018-11-05,9.34,sh600050,中国联通
2018-11-06,9.27,sh600050,中国联通
2018-11-07,9.32,sh600050,中国联通
2018-11-08,9.15,sh600050,中国联通
2018-11-09,9.14,sh600050,中国联通
2018-11-12,9.35,sh600050,中国联通
2018-11-13,9.35,sh600050,中国联通
2018-11-14,9.29,sh600050,中国联通
2018-11-15,9.57,sh600050,中国联通
2018-11-16,9.5,sh600050,中国联通
2018-11-19,9.55,sh600050,中国联通
2018-11-20,9.3,sh600050,中国联通
2018-11-21,9.27,sh600050,中国联通
2018-11-22,9.22,sh600050,中国联通
2018-11-23,8.94,sh600050,中国联通
2018-11-26,8.92,sh600050,中国联通
2018-11-27,8.97,sh600050,中国联通
2018-11-28,9.14,sh600050,中国联通
2018-11-29,8.95,sh600050,中国联通
2018-11-30,8.99,sh600050,中国联通
2018-12-03,9.25,sh600050,中国联通
2018-12-04,9.27,sh600050,中国联通
2018-12-05,9.12,sh600050,中国联通
2018-12-06,8.92,sh600050,中国联通
2018-12-07,8.95,sh600050,中国联通
2018-12-10,8.92,sh600050,中国联通
2018-12-11,8.97,sh600050,中国联通
2018-12-12,8.95,sh600050,中国联通
2018-12-13,9.04,sh600050,中国联通
2018-12-14,8.92,sh600050,中国联通
2018-12-17,8.95,sh600050,中国联通
2018-12-18,8.92,sh600050,中国联通
2018-12-19,8.87,sh600050,中国联通
2018-12-20,8.79,sh600050,中国联通
2018-12-21,8.75,sh600050,中国联通
2018-12-24,8.82,sh600050,中国联通
2018-12-25,8.9,sh600050,中国联通
2018-12-26,8.75,sh600050,中国联通
2018-12-27,8.75,sh600050,中国联通
2018-12-28,8.8,sh600050,中国联通
2019-01-02,8.8,sh600050,中国联通
2019-01-03,8.77,sh600050,中国联通
2019-01-04,8.85,sh600050,中国联通
2019-01-07,8.97,sh600050,中国联通
2019-01-08,8.94,sh600050,中国联通
2019-01-09,9.0,sh600050,中国联通
2019-01-10,8.94,sh600050,中国联通
2019-01-11,9.12,sh600050,中国联通
2019-01-14,9.1,sh600050,中国联通
2019-01-15,9.2,sh600050,中国联通
2019-01-16,9.14,sh600050,中国联通
2019-01-17,9.04,sh600050,中国联通
2019-01-18,9.14,sh600050,中国联通
2019-01-21,9.2,sh600050,中国联通
2019-01-22,9.1,sh600050,中国联通
2019-01-23,9.25,sh600050,中国联通
2019-01-24,9.24,sh600050,中国联通
2019-01-25,9.15,sh600050,中国联通
2019-01-28,9.1,sh600050,中国联通
2019-01-29,9.04,sh600050,中国联通
2019-01-30,8.94,sh600050,中国联通
2019-01-31,9.04,sh600050,中国联通
2019-02-01,9.12,sh600050,中国联通
2019-02-11,9.24,sh600050,中国联通
2019-02-12,9.25,sh600050,中国联通
2019-02-13,9.97,sh600050,中国联通
2019-02-14,9.75,sh600050,中国联通
2019-02-15,9.74,sh600050,中国联通
2019-02-18,9.9,sh600050,中国联通
2019-02-19,9.79,sh600050,中国联通
2019-02-20,9.9,sh600050,中国联通
2019-02-21,9.84,sh600050,中国联通
2019-02-22,10.12,sh600050,中国联通
2019-02-25,10.57,sh600050,中国联通
2019-02-26,10.38,sh600050,中国联通
2019-02-27,11.33,sh600050,中国联通
2019-02-28,10.9,sh600050,中国联通
2019-03-01,11.1,sh600050,中国联通
2019-03-04,11.13,sh600050,中国联通
2019-03-05,11.6,sh600050,中国联通
2019-03-06,11.72,sh600050,中国联通
2019-03-07,11.62,sh600050,中国联通
2019-03-08,10.97,sh600050,中国联通
2019-03-11,11.65,sh600050,中国联通
2019-03-12,12.68,sh600050,中国联通
2019-03-13,12.07,sh600050,中国联通
2019-03-14,11.77,sh600050,中国联通
2019-03-15,11.7,sh600050,中国联通
2019-03-18,11.97,sh600050,中国联通
2019-03-19,12.02,sh600050,中国联通
2019-03-20,12.15,sh600050,中国联通
2019-03-21,12.07,sh600050,中国联通
2019-03-22,11.85,sh600050,中国联通
2019-03-25,11.53,sh600050,中国联通
2019-03-26,11.15,sh600050,中国联通
2019-03-27,11.23,sh600050,中国联通
2019-03-28,11.23,sh600050,中国联通
2019-03-29,11.5,sh600050,中国联通
2019-04-01,11.82,sh600050,中国联通
2019-04-02,11.75,sh600050,中国联通
2019-04-03,11.82,sh600050,中国联通
2019-04-04,11.7,sh600050,中国联通
2019-04-08,11.47,sh600050,中国联通
2019-04-09,11.52,sh600050,中国联通
2019-04-10,11.47,sh600050,中国联通
2019-04-11,11.22,sh600050,中国联通
2019-04-12,11.22,sh600050,中国联通
2019-04-15,11.17,sh600050,中国联通
2019-04-16,11.73,sh600050,中国联通
2019-04-17,11.6,sh600050,中国联通
2019-04-18,11.63,sh600050,中国联通
2019-04-19,12.1,sh600050,中国联通
2019-04-22,12.23,sh600050,中国联通
2019-04-23,11.9,sh600050,中国联通
2019-04-24,12.02,sh600050,中国联通
2019-04-25,11.55,sh600050,中国联通
2019-04-26,11.37,sh600050,中国联通
2019-04-29,11.37,sh600050,中国联通
2019-04-30,11.3,sh600050,中国联通
2019-05-06,10.28,sh600050,中国联通
2019-05-07,10.32,sh600050,中国联通
2019-05-08,10.13,sh600050,中国联通
2019-05-09,9.89,sh600050,中国联通
2019-05-10,10.3,sh600050,中国联通
2019-05-13,10.1,sh600050,中国联通
2019-05-14,10.17,sh600050,中国联通
2019-05-15,10.33,sh600050,中国联通
2019-05-16,10.23,sh600050,中国联通
2019-05-17,9.94,sh600050,中国联通
2019-05-20,9.99,sh600050,中国联通
2019-05-21,10.22,sh600050,中国联通
2019-05-22,10.12,sh600050,中国联通
2019-05-23,9.92,sh600050,中国联通
2019-05-24,9.72,sh600050,中国联通
2019-05-27,9.95,sh600050,中国联通
2019-05-28,10.27,sh600050,中国联通
2019-05-29,10.13,sh600050,中国联通
2019-05-30,10.07,sh600050,中国联通
2019-05-31,10.07,sh600050,中国联通
2019-06-03,10.33,sh600050,中国联通
2019-06-04,10.4,sh600050,中国联通
2019-06-05,10.73,sh600050,中国联通
2019-06-06,10.32,sh600050,中国联通
2019-06-10,10.47,sh600050,中国联通
2019-06-11,10.65,sh600050,中国联通
2019-06-12,10.48,sh600050,中国联通
2019-06-13,10.45,sh600050,中国联通
2019-06-14,10.3,sh600050,中国联通
2019-06-17,10.3,sh600050,中国联通
2019-06-18,10.3,sh600050,中国联通
2019-06-19,10.35,sh600050,中国联通
2019-06-20,10.6,sh600050,中国联通
2019-06-21,10.63,sh600050,中国联通
2019-06-24,10.57,sh600050,中国联通
2019-06-25,10.43,sh600050,中国联通
2019-06-26,10.47,sh600050,中国联通
2019-06-27,10.62,sh600050,中国联通
2019-06-28,10.54,sh600050,中国联通
2019-07-01,10.82,sh600050,中国联通
2019-07-02,10.77,sh600050,中国联通
2019-07-03,10.61,sh600050,中国联通
2019-07-04,10.62,sh600050,中国联通
2019-07-05,10.61,sh600050,中国联通
2019-07-08,10.29,sh600050,中国联通
2019-07-09,10.21,sh600050,中国联通
2019-07-10,10.14,sh600050,中国联通
2019-07-11,10.21,sh600050,中国联通
2019-07-12,10.21,sh600050,中国联通
2019-07-15,10.24,sh600050,中国联通
2019-07-16,10.27,sh600050,中国联通
2019-07-17,10.26,sh600050,中国联通
2019-07-18,10.14,sh600050,中国联通
2019-07-19,10.16,sh600050,中国联通
2019-07-22,9.99,sh600050,中国联通
2019-07-23,10.02,sh600050,中国联通
2019-07-24,10.19,sh600050,中国联通
2019-07-25,10.19,sh600050,中国联通
2019-07-26,10.21,sh600050,中国联通
2019-07-29,10.24,sh600050,中国联通
2019-07-30,10.22,sh600050,中国联通
2019-07-31,10.16,sh600050,中国联通
2019-08-01,10.06,sh600050,中国联通
2019-08-02,9.79,sh600050,中国联通
2019-08-05,9.62,sh600050,中国联通
2019-08-06,9.36,sh600050,中国联通
2019-08-07,9.31,sh600050,中国联通
2019-08-08,9.36,sh600050,中国联通
2019-08-09,9.09,sh600050,中国联通
2019-08-12,9.29,sh600050,中国联通
2019-08-13,9.29,sh600050,中国联通
2019-08-14,9.31,sh600050,中国联通
2019-08-15,9.84,sh600050,中国联通
2019-08-16,9.66,sh600050,中国联通
2019-08-19,9.87,sh600050,中国联通
2019-08-20,10.24,sh600050,中国联通
2019-08-21,10.52,sh600050,中国联通
2019-08-22,10.52,sh600050,中国联通
2019-08-23,10.36,sh600050,中国联通
2019-08-26,10.22,sh600050,中国联通
2019-08-27,10.34,sh600050,中国联通
2019-08-28,10.16,sh600050,中国联通
2019-08-29,10.19,sh600050,中国联通
2019-08-30,10.02,sh600050,中国联通
2019-09-02,10.19,sh600050,中国联通
2019-09-03,10.26,sh600050,中国联通
2019-09-04,10.39,sh600050,中国联通
2019-09-05,10.32,sh600050,中国联通
2019-09-06,10.59,sh600050,中国联通
2019-09-09,10.82,sh600050,中国联通
2019-09-10,11.42,sh600050,中国联通
2019-09-11,10.99,sh600050,中国联通
2019-09-12,10.99,sh600050,中国联通
2019-09-16,10.91,sh600050,中国联通
2019-09-17,10.62,sh600050,中国联通
2019-09-18,10.57,sh600050,中国联通
2019-09-19,10.69,sh600050,中国联通
2019-09-20,10.59,sh600050,中国联通
2019-09-23,10.46,sh600050,中国联通
2019-09-24,10.59,sh600050,中国联通
2019-09-25,10.49,sh600050,中国联通
2019-09-26,10.32,sh600050,中国联通
2019-09-27,10.41,sh600050,中国联通
2019-09-30,10.29,sh600050,中国联通
2019-10-08,10.32,sh600050,中国联通
2019-10-09,10.37,sh600050,中国联通
2019-10-10,10.42,sh600050,中国联通
2019-10-11,10.47,sh600050,中国联通
2019-10-14,10.52,sh600050,中国联通
2019-10-15,10.59,sh600050,中国联通
2019-10-16,10.44,sh600050,中国联通
2019-10-17,10.59,sh600050,中国联通
2019-10-18,10.42,sh600050,中国联通
2019-10-21,10.54,sh600050,中国联通
2019-10-22,10.41,sh600050,中国联通
2019-10-23,10.14,sh600050,中国联通
2019-10-24,10.14,sh600050,中国联通
2019-10-25,10.19,sh600050,中国联通
2019-10-28,10.59,sh600050,中国联通
2019-10-29,10.44,sh600050,中国联通
2019-10-30,10.49,sh600050,中国联通
2019-10-31,10.51,sh600050,中国联通
2019-11-01,10.54,sh600050,中国联通
2019-11-04,10.54,sh600050,中国联通
2019-11-05,10.57,sh600050,中国联通
2019-11-06,10.41,sh600050,中国联通
2019-11-07,10.36,sh600050,中国联通
2019-11-08,10.21,sh600050,中国联通
2019-11-11,9.96,sh600050,中国联通
2019-11-12,10.01,sh600050,中国联通
2019-11-13,10.02,sh600050,中国联通
2019-11-14,10.02,sh600050,中国联通
2019-11-15,9.86,sh600050,中国联通
2019-11-18,9.92,sh600050,中国联通
2019-11-19,10.07,sh600050,中国联通
2019-11-20,10.02,sh600050,中国联通
2019-11-21,9.99,sh600050,中国联通
2019-11-22,9.92,sh600050,中国联通
2019-11-25,9.91,sh600050,中国联通
2019-11-26,9.99,sh600050,中国联通
2019-11-27,9.91,sh600050,中国联通
2019-11-28,9.82,sh600050,中国联通
2019-11-29,9.79,sh600050,中国联通
2019-12-02,9.66,sh600050,中国联通
2019-12-03,9.64,sh600050,中国联通
2019-12-04,9.46,sh600050,中国联通
2019-12-05,9.57,sh600050,中国联通
2019-12-06,9.69,sh600050,中国联通
2019-12-09,9.71,sh600050,中国联通
2019-12-10,9.71,sh600050,中国联通
2019-12-11,9.77,sh600050,中国联通
2019-12-12,9.69,sh600050,中国联通
2019-12-13,9.84,sh600050,中国联通
2019-12-16,9.97,sh600050,中国联通
2019-12-17,10.07,sh600050,中国联通
2019-12-18,10.01,sh600050,中国联通
2019-12-19,10.07,sh600050,中国联通
2019-12-20,10.07,sh600050,中国联通
2019-12-23,9.94,sh600050,中国联通
2019-12-24,9.94,sh600050,中国联通
2019-12-25,9.97,sh600050,中国联通
2019-12-26,9.99,sh600050,中国联通
2019-12-27,9.91,sh600050,中国联通
2019-12-30,10.09,sh600050,中国联通
2019-12-31,10.09,sh600050,中国联通
2020-01-02,10.34,sh600050,中国联通
2020-01-03,10.34,sh600050,中国联通
2020-01-06,10.31,sh600050,中国联通
2020-01-07,10.31,sh600050,中国联通
2020-01-08,10.14,sh600050,中国联通
2020-01-09,10.19,sh600050,中国联通
2020-01-10,10.12,sh600050,中国联通
2020-01-13,10.12,sh600050,中国联通
2020-01-14,10.57,sh600050,中国联通
2020-01-15,10.47,sh600050,中国联通
2020-01-16,10.31,sh600050,中国联通
2020-01-17,10.22,sh600050,中国联通
2020-01-20,10.37,sh600050,中国联通
2020-01-21,10.14,sh600050,中国联通
2020-01-22,10.07,sh600050,中国联通
2020-01-23,9.69,sh600050,中国联通
2020-02-03,8.76,sh600050,中国联通
2020-02-04,8.91,sh600050,中国联通
2020-02-05,8.96,sh600050,中国联通
2020-02-06,9.24,sh600050,中国联通
2020-02-07,9.19,sh600050,中国联通
2020-02-10,9.28,sh600050,中国联通
2020-02-11,9.24,sh600050,中国联通
2020-02-12,9.29,sh600050,中国联通
2020-02-13,9.21,sh600050,中国联通
2020-02-14,9.21,sh600050,中国联通
2020-02-17,9.51,sh600050,中国联通
2020-02-18,9.49,sh600050,中国联通
2020-02-19,9.42,sh600050,中国联通
2020-02-20,9.57,sh600050,中国联通
2020-02-21,9.66,sh600050,中国联通
2020-02-24,10.11,sh600050,中国联通
2020-02-25,9.94,sh600050,中国联通
2020-02-26,10.09,sh600050,中国联通
2020-02-27,9.86,sh600050,中国联通
2020-02-28,9.41,sh600050,中国联通
2020-03-02,9.77,sh600050,中国联通
2020-03-03,9.79,sh600050,中国联通
2020-03-04,9.74,sh600050,中国联通
2020-03-05,9.99,sh600050,中国联通
2020-03-06,9.81,sh600050,中国联通
2020-03-09,9.67,sh600050,中国联通
2020-03-10,9.89,sh600050,中国联通
2020-03-11,9.72,sh600050,中国联通
2020-03-12,9.56,sh600050,中国联通
2020-03-13,9.41,sh600050,中国联通
2020-03-16,9.13,sh600050,中国联通
2020-03-17,9.16,sh600050,中国联通
2020-03-18,8.94,sh600050,中国联通
2020-03-19,8.93,sh600050,中国联通
2020-03-20,9.09,sh600050,中国联通
2020-03-23,8.86,sh600050,中国联通
2020-03-24,9.13,sh600050,中国联通
2020-03-25,9.21,sh600050,中国联通
2020-03-26,9.08,sh600050,中国联通
2020-03-27,9.04,sh600050,中国联通
2020-03-30,9.06,sh600050,中国联通
2020-03-31,8.98,sh600050,中国联通
2020-04-01,8.94,sh600050,中国联通
2020-04-02,9.03,sh600050,中国联通
2020-04-03,9.04,sh600050,中国联通
2020-04-07,9.28,sh600050,中国联通
2020-04-08,9.18,sh600050,中国联通
2020-04-09,9.47,sh600050,中国联通
2020-04-10,9.24,sh600050,中国联通
2020-04-13,9.21,sh600050,中国联通
2020-04-14,9.29,sh600050,中国联通
2020-04-15,9.14,sh600050,中国联通
2020-04-16,9.09,sh600050,中国联通
2020-04-17,9.09,sh600050,中国联通
2020-04-20,9.14,sh600050,中国联通
2020-04-21,9.08,sh600050,中国联通
2020-04-22,9.09,sh600050,中国联通
2020-04-23,9.01,sh600050,中国联通
2020-04-24,8.91,sh600050,中国联通
2020-04-27,8.91,sh600050,中国联通
2020-04-28,8.81,sh600050,中国联通
2020-04-29,8.84,sh600050,中国联通
2020-04-30,8.98,sh600050,中国联通
2020-05-06,9.03,sh600050,中国联通
2020-05-07,8.96,sh600050,中国联通
2020-05-08,9.01,sh600050,中国联通
2020-05-11,8.99,sh600050,中国联通
2020-05-12,8.94,sh600050,中国联通
2020-05-13,8.89,sh600050,中国联通
2020-05-14,8.83,sh600050,中国联通
2020-05-15,8.83,sh600050,中国联通
2020-05-18,8.88,sh600050,中国联通
2020-05-19,8.86,sh600050,中国联通
2020-05-20,8.81,sh600050,中国联通
2020-05-21,8.81,sh600050,中国联通
2020-05-22,8.71,sh600050,中国联通
2020-05-25,8.66,sh600050,中国联通
2020-05-26,8.66,sh600050,中国联通
2020-05-27,8.59,sh600050,中国联通
2020-05-28,8.58,sh600050,中国联通
2020-05-29,8.54,sh600050,中国联通
2020-06-01,8.68,sh600050,中国联通
2020-06-02,8.76,sh600050,中国联通
2020-06-03,8.69,sh600050,中国联通
2020-06-04,8.68,sh600050,中国联通
2020-06-05,8.68,sh600050,中国联通
2020-06-08,8.69,sh600050,中国联通
2020-06-09,8.69,sh600050,中国联通
2020-06-10,8.61,sh600050,中国联通
2020-06-11,8.56,sh600050,中国联通
2020-06-12,8.48,sh600050,中国联通
2020-06-15,8.38,sh600050,中国联通
2020-06-16,8.46,sh600050,中国联通
2020-06-17,8.41,sh600050,中国联通
2020-06-18,8.44,sh600050,中国联通
2020-06-19,8.48,sh600050,中国联通
2020-06-22,8.61,sh600050,中国联通
2020-06-23,8.54,sh600050,中国联通
2020-06-24,8.49,sh600050,中国联通
2020-06-29,8.43,sh600050,中国联通
2020-06-30,8.44,sh600050,中国联通
2020-07-01,8.54,sh600050,中国联通
2020-07-02,8.73,sh600050,中国联通
2020-07-03,8.84,sh600050,中国联通
2020-07-06,9.33,sh600050,中国联通
2020-07-07,9.18,sh600050,中国联通
2020-07-08,9.29,sh600050,中国联通
2020-07-09,9.31,sh600050,中国联通
2020-07-10,9.03,sh600050,中国联通
2020-07-13,9.21,sh600050,中国联通
2020-07-14,9.86,sh600050,中国联通
2020-07-15,9.31,sh600050,中国联通
2020-07-16,8.98,sh600050,中国联通
2020-07-17,8.96,sh600050,中国联通
2020-07-20,9.21,sh600050,中国联通
2020-07-21,9.14,sh600050,中国联通
2020-07-22,9.11,sh600050,中国联通
2020-07-23,9.11,sh600050,中国联通
2020-07-24,8.88,sh600050,中国联通
2020-07-27,8.83,sh600050,中国联通
2020-07-28,8.84,sh600050,中国联通
2020-07-29,8.96,sh600050,中国联通
2020-07-30,8.86,sh600050,中国联通
2020-07-31,8.84,sh600050,中国联通
2020-08-03,8.99,sh600050,中国联通
2020-08-04,8.99,sh600050,中国联通
2020-08-05,8.91,sh600050,中国联通
2020-08-06,8.88,sh600050,中国联通
2020-08-07,8.76,sh600050,中国联通
2020-08-10,8.88,sh600050,中国联通
2020-08-11,8.81,sh600050,中国联通
2020-08-12,8.88,sh600050,中国联通
2020-08-13,9.23,sh600050,中国联通
2020-08-14,9.24,sh600050,中国联通
2020-08-17,9.28,sh600050,中国联通
2020-08-18,9.41,sh600050,中国联通
2020-08-19,9.36,sh600050,中国联通
2020-08-20,9.23,sh600050,中国联通
2020-08-21,9.29,sh600050,中国联通
2020-08-24,9.21,sh600050,中国联通
2020-08-25,9.09,sh600050,中国联通
2020-08-26,9.13,sh600050,中国联通
2020-08-27,9.04,sh600050,中国联通
2020-08-28,9.08,sh600050,中国联通
2020-08-31,9.03,sh600050,中国联通
2020-09-01,8.99,sh600050,中国联通
2020-09-02,8.93,sh600050,中国联通
2020-09-03,8.91,sh600050,中国联通
2020-09-04,8.86,sh600050,中国联通
2020-09-07,8.81,sh600050,中国联通
2020-09-08,8.91,sh600050,中国联通
2020-09-09,8.84,sh600050,中国联通
2020-09-10,8.78,sh600050,中国联通
2020-09-11,8.76,sh600050,中国联通
2020-09-14,8.81,sh600050,中国联通
2020-09-15,8.76,sh600050,中国联通
2020-09-16,8.76,sh600050,中国联通
2020-09-17,8.73,sh600050,中国联通
2020-09-18,8.88,sh600050,中国联通
2020-09-21,8.81,sh600050,中国联通
2020-09-22,8.74,sh600050,中国联通
2020-09-23,8.73,sh600050,中国联通
2020-09-24,8.58,sh600050,中国联通
2020-09-25,8.56,sh600050,中国联通
2020-09-28,8.48,sh600050,中国联通
2020-09-29,8.48,sh600050,中国联通
2020-09-30,8.46,sh600050,中国联通
2020-10-09,8.58,sh600050,中国联通
2020-10-12,8.71,sh600050,中国联通
2020-10-13,8.66,sh600050,中国联通
2020-10-14,8.66,sh600050,中国联通
2020-10-15,8.58,sh600050,中国联通
2020-10-16,8.59,sh600050,中国联通
2020-10-19,8.59,sh600050,中国联通
2020-10-20,8.63,sh600050,中国联通
2020-10-21,8.86,sh600050,中国联通
2020-10-22,8.63,sh600050,中国联通
2020-10-23,8.58,sh600050,中国联通
2020-10-26,8.58,sh600050,中国联通
2020-10-27,8.53,sh600050,中国联通
2020-10-28,8.46,sh600050,中国联通
2020-10-29,8.43,sh600050,中国联通
2020-10-30,8.33,sh600050,中国联通
2020-11-02,8.23,sh600050,中国联通
2020-11-03,8.41,sh600050,中国联通
2020-11-04,8.34,sh600050,中国联通
2020-11-05,8.49,sh600050,中国联通
2020-11-06,8.51,sh600050,中国联通
2020-11-09,8.59,sh600050,中国联通
2020-11-10,8.49,sh600050,中国联通
2020-11-11,8.58,sh600050,中国联通
2020-11-12,8.46,sh600050,中国联通
2020-11-13,8.34,sh600050,中国联通
2020-11-16,8.39,sh600050,中国联通
2020-11-17,8.43,sh600050,中国联通
2020-11-18,8.43,sh600050,中国联通
2020-11-19,8.41,sh600050,中国联通
2020-11-20,8.39,sh600050,中国联通
2020-11-23,8.51,sh600050,中国联通
2020-11-24,8.51,sh600050,中国联通
2020-11-25,8.51,sh600050,中国联通
2020-11-26,8.54,sh600050,中国联通
2020-11-27,8.58,sh600050,中国联通
2020-11-30,8.54,sh600050,中国联通
2020-12-01,8.63,sh600050,中国联通
2020-12-02,8.58,sh600050,中国联通
2020-12-03,8.49,sh600050,中国联通
2020-12-04,8.43,sh600050,中国联通
2020-12-07,8.34,sh600050,中国联通
2020-12-08,8.36,sh600050,中国联通
2020-12-09,8.29,sh600050,中国联通
2020-12-10,8.21,sh600050,中国联通
2020-12-11,8.16,sh600050,中国联通
2020-12-14,8.14,sh600050,中国联通
2020-12-15,8.11,sh600050,中国联通
2020-12-16,8.08,sh600050,中国联通
2020-12-17,8.13,sh600050,中国联通
2020-12-18,8.19,sh600050,中国联通
2020-12-21,8.11,sh600050,中国联通
2020-12-22,7.94,sh600050,中国联通
2020-12-23,7.89,sh600050,中国联通
2020-12-24,7.79,sh600050,中国联通
2020-12-25,7.86,sh600050,中国联通
2020-12-28,7.88,sh600050,中国联通
2020-12-29,7.86,sh600050,中国联通
2020-12-30,7.79,sh600050,中国联通
2020-12-31,7.81,sh600050,中国联通
2021-01-04,7.6,sh600050,中国联通
2021-01-05,7.53,sh600050,中国联通
2021-01-06,7.7,sh600050,中国联通
2021-01-07,7.51,sh600050,中国联通
2021-01-08,7.55,sh600050,中国联通
2021-01-11,7.7,sh600050,中国联通
2021-01-12,7.79,sh600050,中国联通
2021-01-13,8.09,sh600050,中国联通
2021-01-14,8.16,sh600050,中国联通
2021-01-15,8.09,sh600050,中国联通
2021-01-18,8.03,sh600050,中国联通
2021-01-19,7.94,sh600050,中国联通
2021-01-20,7.81,sh600050,中国联通
2021-01-21,7.76,sh600050,中国联通
2021-01-22,7.61,sh600050,中国联通
2021-01-25,7.51,sh600050,中国联通
2021-01-26,7.63,sh600050,中国联通
2021-01-27,7.58,sh600050,中国联通
2021-01-28,7.45,sh600050,中国联通
2021-01-29,7.36,sh600050,中国联通
2021-02-01,7.35,sh600050,中国联通
2021-02-02,7.36,sh600050,中国联通
2021-02-03,7.26,sh600050,中国联通
2021-02-04,7.1,sh600050,中国联通
2021-02-05,7.1,sh600050,中国联通
2021-02-08,7.15,sh600050,中国联通
2021-02-09,7.2,sh600050,中国联通
2021-02-10,7.2,sh600050,中国联通
2021-02-18,7.41,sh600050,中国联通
2021-02-19,7.7,sh600050,中国联通
2021-02-22,7.84,sh600050,中国联通
2021-02-23,7.68,sh600050,中国联通
2021-02-24,7.65,sh600050,中国联通
2021-02-25,7.73,sh600050,中国联通
2021-02-26,7.6,sh600050,中国联通
2021-03-01,7.84,sh600050,中国联通
2021-03-02,7.68,sh600050,中国联通
2021-03-03,7.78,sh600050,中国联通
2021-03-04,7.73,sh600050,中国联通
2021-03-05,7.76,sh600050,中国联通
2021-03-08,7.88,sh600050,中国联通
2021-03-09,7.71,sh600050,中国联通
2021-03-10,7.68,sh600050,中国联通
2021-03-11,7.74,sh600050,中国联通
2021-03-12,7.84,sh600050,中国联通
2021-03-15,7.94,sh600050,中国联通
2021-03-16,7.99,sh600050,中国联通
2021-03-17,7.88,sh600050,中国联通
2021-03-18,7.86,sh600050,中国联通
2021-03-19,7.66,sh600050,中国联通
2021-03-22,7.7,sh600050,中国联通
2021-03-23,7.55,sh600050,中国联通
2021-03-24,7.43,sh600050,中国联通
2021-03-25,7.43,sh600050,中国联通
2021-03-26,7.46,sh600050,中国联通
2021-03-29,7.45,sh600050,中国联通
2021-03-30,7.43,sh600050,中国联通
2021-03-31,7.5,sh600050,中国联通
2021-04-01,7.51,sh600050,中国联通
2021-04-02,7.51,sh600050,中国联通
2021-04-06,7.48,sh600050,中国联通
2021-04-07,7.48,sh600050,中国联通
2021-04-08,7.43,sh600050,中国联通
2021-04-09,7.36,sh600050,中国联通
2021-04-12,7.33,sh600050,中国联通
2021-04-13,7.28,sh600050,中国联通
2021-04-14,7.3,sh600050,中国联通
2021-04-15,7.28,sh600050,中国联通
2021-04-16,7.38,sh600050,中国联通
2021-04-19,7.43,sh600050,中国联通
2021-04-20,7.4,sh600050,中国联通
2021-04-21,7.33,sh600050,中国联通
2021-04-22,7.43,sh600050,中国联通
2021-04-23,7.36,sh600050,中国联通
2021-04-26,7.38,sh600050,中国联通
2021-04-27,7.41,sh600050,中国联通
2021-04-28,7.48,sh600050,中国联通
2021-04-29,7.48,sh600050,中国联通
2021-04-30,7.46,sh600050,中国联通
2021-05-06,7.51,sh600050,中国联通
2021-05-07,7.56,sh600050,中国联通
2021-05-10,7.63,sh600050,中国联通
2021-05-11,7.58,sh600050,中国联通
2021-05-12,7.56,sh600050,中国联通
2021-05-13,7.53,sh600050,中国联通
2021-05-14,7.61,sh600050,中国联通
2021-05-17,7.6,sh600050,中国联通
2021-05-18,7.71,sh600050,中国联通
2021-05-19,7.71,sh600050,中国联通
2021-05-20,7.68,sh600050,中国联通
2021-05-21,7.66,sh600050,中国联通
2021-05-24,7.65,sh600050,中国联通
2021-05-25,7.71,sh600050,中国联通
2021-05-26,7.68,sh600050,中国联通
2021-05-27,7.7,sh600050,中国联通
2021-05-28,7.61,sh600050,中国联通
2021-05-31,7.63,sh600050,中国联通
2021-06-01,7.61,sh600050,中国联通
2021-06-02,7.6,sh600050,中国联通
2021-06-03,7.61,sh600050,中国联通
2021-06-04,7.56,sh600050,中国联通
2021-06-07,7.5,sh600050,中国联通
2021-06-08,7.51,sh600050,中国联通
2021-06-09,7.61,sh600050,中国联通
2021-06-10,7.7,sh600050,中国联通
2021-06-11,7.96,sh600050,中国联通
2021-06-15,7.84,sh600050,中国联通
2021-06-16,7.89,sh600050,中国联通
2021-06-17,7.91,sh600050,中国联通
2021-06-18,7.93,sh600050,中国联通
2021-06-21,7.78,sh600050,中国联通
2021-06-22,7.74,sh600050,中国联通
2021-06-23,7.74,sh600050,中国联通
2021-06-24,7.74,sh600050,中国联通
2021-06-25,7.81,sh600050,中国联通
2021-06-28,7.88,sh600050,中国联通
2021-06-29,7.76,sh600050,中国联通
2021-06-30,7.69,sh600050,中国联通
2021-07-01,7.69,sh600050,中国联通
2021-07-02,7.62,sh600050,中国联通
2021-07-05,7.6,sh600050,中国联通
2021-07-06,7.64,sh600050,中国联通
2021-07-07,7.6,sh600050,中国联通
2021-07-08,7.47,sh600050,中国联通
2021-07-09,7.47,sh600050,中国联通
2021-07-12,7.46,sh600050,中国联通
2021-07-13,7.49,sh600050,中国联通
2021-07-14,7.46,sh600050,中国联通
2021-07-15,7.47,sh600050,中国联通
2021-07-16,7.47,sh600050,中国联通
2021-07-19,7.69,sh600050,中国联通
2021-07-20,7.57,sh600050,中国联通
2021-07-21,7.54,sh600050,中国联通
2021-07-22,7.59,sh600050,中国联通
2021-07-23,7.55,sh600050,中国联通
2021-07-26,7.39,sh600050,中国联通
2021-07-27,7.37,sh600050,中国联通
2021-07-28,7.44,sh600050,中国联通
2021-07-29,7.36,sh600050,中国联通
2021-07-30,7.36,sh600050,中国联通
2021-08-02,7.44,sh600050,中国联通
2021-08-03,7.54,sh600050,中国联通
2021-08-04,7.49,sh600050,中国联通
2021-08-05,7.47,sh600050,中国联通
2021-08-06,7.42,sh600050,中国联通
2021-08-09,7.52,sh600050,中国联通
2021-08-10,7.47,sh600050,中国联通
2021-08-11,7.55,sh600050,中国联通
2021-08-12,7.57,sh600050,中国联通
2021-08-13,7.54,sh600050,中国联通
2021-08-16,7.52,sh600050,中国联通
2021-08-17,7.42,sh600050,中国联通
2021-08-18,7.47,sh600050,中国联通
2021-08-19,7.7,sh600050,中国联通
2021-08-20,7.46,sh600050,中国联通
2021-08-23,7.39,sh600050,中国联通
2021-08-24,7.41,sh600050,中国联通
2021-08-25,7.41,sh600050,中国联通
2021-08-26,7.41,sh600050,中国联通
2021-08-27,7.41,sh600050,中国联通
2021-08-30,7.41,sh600050,中国联通
2021-08-31,7.47,sh600050,中国联通
2021-09-01,7.6,sh600050,中国联通
2021-09-02,7.59,sh600050,中国联通
2021-09-03,7.54,sh600050,中国联通
2021-09-06,7.59,sh600050,中国联通
2021-09-07,7.7,sh600050,中国联通
2021-09-08,7.7,sh600050,中国联通
2021-09-09,7.8,sh600050,中国联通
2021-09-10,7.69,sh600050,中国联通
2021-09-13,7.67,sh600050,中国联通
2021-09-14,7.54,sh600050,中国联通
2021-09-15,7.52,sh600050,中国联通
2021-09-16,7.44,sh600050,中国联通
2021-09-17,7.41,sh600050,中国联通
2021-09-22,7.42,sh600050,中国联通
2021-09-23,7.44,sh600050,中国联通
2021-09-24,7.39,sh600050,中国联通
2021-09-27,7.31,sh600050,中国联通
2021-09-28,7.34,sh600050,中国联通
2021-09-29,7.32,sh600050,中国联通
2021-09-30,7.34,sh600050,中国联通
2021-10-08,7.46,sh600050,中国联通
2021-10-11,7.51,sh600050,中国联通
2021-10-12,7.49,sh600050,中国联通
2021-10-13,7.47,sh600050,中国联通
2021-10-14,7.46,sh600050,中国联通
2021-10-15,7.52,sh600050,中国联通
2021-10-18,7.54,sh600050,中国联通
2021-10-19,7.52,sh600050,中国联通
2021-10-20,7.47,sh600050,中国联通
2021-10-21,7.44,sh600050,中国联通
2021-10-22,7.34,sh600050,中国联通
2021-10-25,7.34,sh600050,中国联通
2021-10-26,7.29,sh600050,中国联通
2021-10-27,7.22,sh600050,中国联通
2021-10-28,7.24,sh600050,中国联通
2021-10-29,7.29,sh600050,中国联通
2021-11-01,7.32,sh600050,中国联通
2021-11-02,7.22,sh600050,中国联通
2021-11-03,7.21,sh600050,中国联通
2021-11-04,7.22,sh600050,中国联通
2021-11-05,7.24,sh600050,中国联通
2021-11-08,7.21,sh600050,中国联通
2021-11-09,7.22,sh600050,中国联通
2021-11-10,7.17,sh600050,中国联通
2021-11-11,7.21,sh600050,中国联通
2021-11-12,7.17,sh600050,中国联通
2021-11-15,7.19,sh600050,中国联通
2021-11-16,7.19,sh600050,中国联通
2021-11-17,7.2,sh600050,中国联通
2021-11-18,7.14,sh600050,中国联通
2021-11-19,7.19,sh600050,中国联通
2021-11-22,7.17,sh600050,中国联通
2021-11-23,7.15,sh600050,中国联通
2021-11-24,7.15,sh600050,中国联通
2021-11-25,7.14,sh600050,中国联通
2021-11-26,7.09,sh600050,中国联通
2021-11-29,7.02,sh600050,中国联通
2021-11-30,7.04,sh600050,中国联通
2021-12-01,7.09,sh600050,中国联通
2021-12-02,7.07,sh600050,中国联通
2021-12-03,7.09,sh600050,中国联通
2021-12-06,7.07,sh600050,中国联通
2021-12-07,7.1,sh600050,中国联通
2021-12-08,7.1,sh600050,中国联通
2021-12-09,7.14,sh600050,中国联通
2021-12-10,7.15,sh600050,中国联通
2021-12-13,7.14,sh600050,中国联通
2021-12-14,7.12,sh600050,中国联通
2021-12-15,7.12,sh600050,中国联通
2021-12-16,7.15,sh600050,中国联通
2021-12-17,7.17,sh600050,中国联通
2021-12-20,7.19,sh600050,中国联通
2021-12-21,7.19,sh600050,中国联通
2021-12-22,7.14,sh600050,中国联通
2021-12-23,7.12,sh600050,中国联通
2021-12-24,7.1,sh600050,中国联通
2021-12-27,7.12,sh600050,中国联通
2021-12-28,7.12,sh600050,中国联通
2021-12-29,7.1,sh600050,中国联通
2021-12-30,7.1,sh600050,中国联通
2021-12-31,7.12,sh600050,中国联通
2022-01-04,7.22,sh600050,中国联通
2022-01-05,7.2,sh600050,中国联通
2022-01-06,7.17,sh600050,中国联通
2022-01-07,7.22,sh600050,中国联通
2022-01-10,7.29,sh600050,中国联通
2022-01-11,7.29,sh600050,中国联通
2022-01-12,7.25,sh600050,中国联通
2022-01-13,7.25,sh600050,中国联通
2022-01-14,7.19,sh600050,中国联通
2022-01-17,7.19,sh600050,中国联通
2022-01-18,7.27,sh600050,中国联通
2022-01-19,7.25,sh600050,中国联通
2022-01-20,7.25,sh600050,中国联通
2022-01-21,7.24,sh600050,中国联通
2022-01-24,7.19,sh600050,中国联通
2022-01-25,6.94,sh600050,中国联通
2022-01-26,6.92,sh600050,中国联通
2022-01-27,6.75,sh600050,中国联通
2022-01-28,6.75,sh600050,中国联通
2022-02-07,6.84,sh600050,中国联通
2022-02-08,7.1,sh600050,中国联通
2022-02-09,7.32,sh600050,中国联通
2022-02-10,7.25,sh600050,中国联通
2022-02-11,7.24,sh600050,中国联通
2022-02-14,7.17,sh600050,中国联通
2022-02-15,7.12,sh600050,中国联通
2022-02-16,7.19,sh600050,中国联通
2022-02-17,7.14,sh600050,中国联通
2022-02-18,7.17,sh600050,中国联通
2022-02-21,7.19,sh600050,中国联通
2022-02-22,7.12,sh600050,中国联通
2022-02-23,7.12,sh600050,中国联通
2022-02-24,7.02,sh600050,中国联通
2022-02-25,6.99,sh600050,中国联通
2022-02-28,6.94,sh600050,中国联通
2022-03-01,6.99,sh600050,中国联通
2022-03-02,6.97,sh600050,中国联通
2022-03-03,7.0,sh600050,中国联通
2022-03-04,6.97,sh600050,中国联通
2022-03-07,6.85,sh600050,中国联通
2022-03-08,6.77,sh600050,中国联通
2022-03-09,6.69,sh600050,中国联通
2022-03-10,6.67,sh600050,中国联通
2022-03-11,6.72,sh600050,中国联通
2022-03-14,6.6,sh600050,中国联通
2022-03-15,6.27,sh600050,中国联通
2022-03-16,6.44,sh600050,中国联通
2022-03-17,6.42,sh600050,中国联通
2022-03-18,6.55,sh600050,中国联通
2022-03-21,6.45,sh600050,中国联通
2022-03-22,6.44,sh600050,中国联通
2022-03-23,6.47,sh600050,中国联通
2022-03-24,6.47,sh600050,中国联通
2022-03-25,6.42,sh600050,中国联通
2022-03-28,6.47,sh600050,中国联通
2022-03-29,6.45,sh600050,中国联通
2022-03-30,6.49,sh600050,中国联通
2022-03-31,6.52,sh600050,中国联通
2022-04-01,6.54,sh600050,中国联通
2022-04-06,6.59,sh600050,中国联通
2022-04-07,6.49,sh600050,中国联通
2022-04-08,6.5,sh600050,中国联通
2022-04-11,6.42,sh600050,中国联通
2022-04-12,6.47,sh600050,中国联通
2022-04-13,6.45,sh600050,中国联通
2022-04-14,6.47,sh600050,中国联通
2022-04-15,6.45,sh600050,中国联通
2022-04-18,6.42,sh600050,中国联通
2022-04-19,6.47,sh600050,中国联通
2022-04-20,6.49,sh600050,中国联通
2022-04-21,6.37,sh600050,中国联通
2022-04-22,6.44,sh600050,中国联通
2022-04-25,6.29,sh600050,中国联通
2022-04-26,6.29,sh600050,中国联通
2022-04-27,6.35,sh600050,中国联通
2022-04-28,6.39,sh600050,中国联通
2022-04-29,6.44,sh600050,中国联通
2022-05-05,6.45,sh600050,中国联通
2022-05-06,6.34,sh600050,中国联通
2022-05-09,6.37,sh600050,中国联通
2022-05-10,6.4,sh600050,中国联通
2022-05-11,6.39,sh600050,中国联通
2022-05-12,6.39,sh600050,中国联通
2022-05-13,6.42,sh600050,中国联通
2022-05-16,6.39,sh600050,中国联通
2022-05-17,6.42,sh600050,中国联通
2022-05-18,6.39,sh600050,中国联通
2022-05-19,6.42,sh600050,中国联通
2022-05-20,6.47,sh600050,中国联通
2022-05-23,6.44,sh600050,中国联通
2022-05-24,6.35,sh600050,中国联通
2022-05-25,6.37,sh600050,中国联通
2022-05-26,6.37,sh600050,中国联通
2022-05-27,6.39,sh600050,中国联通
2022-05-30,6.37,sh600050,中国联通
2022-05-31,6.37,sh600050,中国联通
2022-06-01,6.35,sh600050,中国联通
2022-06-02,6.35,sh600050,中国联通
2022-06-06,6.35,sh600050,中国联通
2022-06-07,6.37,sh600050,中国联通
2022-06-08,6.37,sh600050,中国联通
2022-06-09,6.37,sh600050,中国联通
2022-06-10,6.4,sh600050,中国联通
2022-06-13,6.34,sh600050,中国联通
2022-06-14,6.35,sh600050,中国联通
2022-06-15,6.52,sh600050,中国联通
2022-06-16,6.44,sh600050,中国联通
2022-06-17,6.45,sh600050,中国联通
2022-06-20,6.39,sh600050,中国联通
2022-06-21,6.39,sh600050,中国联通
2022-06-22,6.34,sh600050,中国联通
2022-06-23,6.37,sh600050,中国联通
2022-06-24,6.37,sh600050,中国联通
2022-06-27,6.37,sh600050,中国联通
2022-06-28,6.39,sh600050,中国联通
2022-06-29,6.38,sh600050,中国联通
2022-06-30,6.4,sh600050,中国联通
2022-07-01,6.42,sh600050,中国联通
2022-07-04,6.4,sh600050,中国联通
2022-07-05,6.37,sh600050,中国联通
2022-07-06,6.35,sh600050,中国联通
2022-07-07,6.33,sh600050,中国联通
2022-07-08,6.33,sh600050,中国联通
2022-07-11,6.35,sh600050,中国联通
2022-07-12,6.37,sh600050,中国联通
2022-07-13,6.37,sh600050,中国联通
2022-07-14,6.33,sh600050,中国联通
2022-07-15,6.27,sh600050,中国联通
2022-07-18,6.32,sh600050,中国联通
2022-07-19,6.35,sh600050,中国联通
2022-07-20,6.37,sh600050,中国联通
2022-07-21,6.33,sh600050,中国联通
2022-07-22,6.35,sh600050,中国联通
2022-07-25,6.35,sh600050,中国联通
2022-07-26,6.37,sh600050,中国联通
2022-07-27,6.33,sh600050,中国联通
2022-07-28,6.35,sh600050,中国联通
2022-07-29,6.37,sh600050,中国联通
2022-08-01,6.32,sh600050,中国联通
2022-08-02,6.2,sh600050,中国联通
2022-08-03,6.15,sh600050,中国联通
2022-08-04,6.22,sh600050,中国联通
2022-08-05,6.28,sh600050,中国联通
2022-08-08,6.37,sh600050,中国联通
2022-08-09,6.52,sh600050,中国联通
2022-08-10,6.58,sh600050,中国联通
2022-08-11,6.62,sh600050,中国联通
2022-08-12,6.62,sh600050,中国联通
2022-08-15,6.55,sh600050,中国联通
2022-08-16,6.53,sh600050,中国联通
2022-08-17,6.57,sh600050,中国联通
2022-08-18,6.5,sh600050,中国联通
2022-08-19,6.6,sh600050,中国联通
2022-08-22,6.6,sh600050,中国联通
2022-08-23,6.55,sh600050,中国联通
2022-08-24,6.47,sh600050,中国联通
2022-08-25,6.52,sh600050,中国联通
2022-08-26,6.52,sh600050,中国联通
2022-08-29,6.5,sh600050,中国联通
2022-08-30,6.6,sh600050,中国联通
2022-08-31,6.55,sh600050,中国联通
2022-09-01,6.53,sh600050,中国联通
2022-09-02,6.52,sh600050,中国联通
2022-09-05,6.57,sh600050,中国联通
2022-09-06,6.6,sh600050,中国联通
2022-09-07,6.55,sh600050,中国联通
2022-09-08,6.6,sh600050,中国联通
2022-09-09,6.63,sh600050,中国联通
2022-09-13,6.62,sh600050,中国联通
2022-09-14,6.53,sh600050,中国联通
2022-09-15,6.57,sh600050,中国联通
2022-09-16,6.43,sh600050,中国联通
2022-09-19,6.38,sh600050,中国联通
2022-09-20,6.35,sh600050,中国联通
2022-09-21,6.37,sh600050,中国联通
2022-09-22,6.33,sh600050,中国联通
2022-09-23,6.43,sh600050,中国联通
2022-09-26,6.23,sh600050,中国联通
2022-09-27,6.32,sh600050,中国联通
2022-09-28,6.25,sh600050,中国联通
2022-09-29,6.2,sh600050,中国联通
2022-09-30,6.22,sh600050,中国联通
2022-10-10,6.27,sh600050,中国联通
2022-10-11,6.25,sh600050,中国联通
2022-10-12,6.33,sh600050,中国联通
2022-10-13,6.35,sh600050,中国联通
2022-10-14,6.35,sh600050,中国联通
2022-10-17,6.35,sh600050,中国联通
2022-10-18,6.33,sh600050,中国联通
2022-10-19,6.27,sh600050,中国联通
2022-10-20,6.32,sh600050,中国联通
2022-10-21,6.37,sh600050,中国联通
2022-10-24,6.23,sh600050,中国联通
2022-10-25,6.2,sh600050,中国联通
2022-10-26,6.22,sh600050,中国联通
2022-10-27,6.27,sh600050,中国联通
2022-10-28,6.2,sh600050,中国联通
2022-10-31,6.23,sh600050,中国联通
2022-11-01,6.32,sh600050,中国联通
2022-11-02,6.88,sh600050,中国联通
2022-11-03,6.82,sh600050,中国联通
2022-11-04,6.72,sh600050,中国联通
2022-11-07,6.6,sh600050,中国联通
2022-11-08,6.53,sh600050,中国联通
2022-11-09,6.49,sh600050,中国联通
2022-11-10,6.51,sh600050,中国联通
2022-11-11,6.53,sh600050,中国联通
2022-11-14,6.51,sh600050,中国联通
2022-11-15,6.64,sh600050,中国联通
2022-11-16,6.73,sh600050,中国联通
2022-11-17,6.83,sh600050,中国联通
2022-11-18,7.04,sh600050,中国联通
2022-11-21,6.93,sh600050,中国联通
2022-11-22,7.54,sh600050,中国联通
2022-11-23,7.39,sh600050,中国联通
2022-11-24,7.08,sh600050,中国联通
2022-11-25,7.69,sh600050,中国联通
2022-11-28,7.71,sh600050,中国联通
2022-11-29,7.64,sh600050,中国联通
2022-11-30,8.09,sh600050,中国联通
2022-12-01,8.61,sh600050,中国联通
2022-12-02,8.64,sh600050,中国联通
2022-12-05,9.4,sh600050,中国联通
2022-12-06,9.02,sh600050,中国联通
2022-12-07,9.22,sh600050,中国联通
2022-12-08,9.22,sh600050,中国联通
2022-12-09,8.99,sh600050,中国联通
2022-12-12,9.21,sh600050,中国联通
2022-12-13,8.97,sh600050,中国联通
2022-12-14,8.69,sh600050,中国联通
2022-12-15,8.72,sh600050,中国联通
2022-12-16,8.81,sh600050,中国联通
2022-12-19,8.34,sh600050,中国联通
2022-12-20,8.27,sh600050,中国联通
2022-12-21,8.29,sh600050,中国联通
2022-12-22,8.31,sh600050,中国联通
2022-12-23,8.74,sh600050,中国联通
2022-12-26,8.71,sh600050,中国联通
2022-12-27,8.76,sh600050,中国联通
2022-12-28,8.41,sh600050,中国联通
2022-12-29,8.26,sh600050,中国联通
2022-12-30,8.21,sh600050,中国联通
2023-01-03,8.96,sh600050,中国联通
2023-01-04,9.11,sh600050,中国联通
2023-01-05,9.19,sh600050,中国联通
2023-01-06,9.06,sh600050,中国联通
2023-01-09,9.04,sh600050,中国联通
2023-01-10,9.04,sh600050,中国联通
2023-01-11,9.01,sh600050,中国联通
2023-01-12,9.26,sh600050,中国联通
2023-01-13,9.17,sh600050,中国联通
2023-01-16,9.11,sh600050,中国联通
2023-01-17,8.99,sh600050,中国联通
2023-01-18,9.19,sh600050,中国联通
2023-01-19,9.35,sh600050,中国联通
2023-01-20,9.95,sh600050,中国联通
2023-01-30,9.62,sh600050,中国联通
2023-01-31,9.45,sh600050,中国联通
2023-02-01,9.54,sh600050,中国联通
2023-02-02,9.4,sh600050,中国联通
2023-02-03,9.47,sh600050,中国联通
2023-02-06,9.12,sh600050,中国联通
2023-02-07,9.11,sh600050,中国联通
2023-02-08,8.82,sh600050,中国联通
2023-02-09,8.97,sh600050,中国联通
2023-02-10,9.04,sh600050,中国联通
2023-02-13,9.14,sh600050,中国联通
2023-02-14,9.01,sh600050,中国联通
2023-02-15,9.16,sh600050,中国联通
2023-02-16,9.42,sh600050,中国联通
2023-02-17,8.94,sh600050,中国联通
2023-02-20,9.55,sh600050,中国联通
2023-02-21,9.85,sh600050,中国联通
2023-02-22,9.59,sh600050,中国联通
2023-02-23,9.39,sh600050,中国联通
2023-02-24,9.34,sh600050,中国联通
2023-02-27,9.22,sh600050,中国联通
2023-02-28,9.54,sh600050,中国联通
2023-03-01,10.42,sh600050,中国联通
2023-03-02,10.65,sh600050,中国联通
2023-03-03,10.85,sh600050,中国联通
2023-03-06,10.82,sh600050,中国联通
2023-03-07,10.54,sh600050,中国联通
2023-03-08,10.85,sh600050,中国联通
2023-03-09,10.74,sh600050,中国联通
2023-03-10,10.3,sh600050,中国联通
2023-03-13,10.82,sh600050,中国联通
2023-03-14,11.04,sh600050,中国联通
2023-03-15,10.74,sh600050,中国联通
2023-03-16,10.5,sh600050,中国联通
2023-03-17,10.99,sh600050,中国联通
2023-03-20,10.0,sh600050,中国联通
2023-03-21,10.04,sh600050,中国联通
2023-03-22,10.19,sh600050,中国联通
2023-03-23,10.35,sh600050,中国联通
2023-03-24,9.9,sh600050,中国联通
2023-03-27,9.74,sh600050,中国联通
2023-03-28,9.95,sh600050,中国联通
2023-03-29,9.84,sh600050,中国联通
2023-03-30,9.55,sh600050,中国联通
2023-03-31,9.77,sh600050,中国联通
2023-04-03,10.0,sh600050,中国联通
2023-04-04,10.24,sh600050,中国联通
2023-04-06,10.02,sh600050,中国联通
2023-04-07,10.0,sh600050,中国联通
2023-04-10,9.99,sh600050,中国联通
2023-04-11,9.92,sh600050,中国联通
2023-04-12,10.62,sh600050,中国联通
2023-04-13,10.32,sh600050,中国联通
2023-04-14,10.4,sh600050,中国联通
2023-04-17,10.54,sh600050,中国联通
2023-04-18,10.85,sh600050,中国联通
2023-04-19,10.29,sh600050,中国联通
2023-04-20,10.27,sh600050,中国联通
2023-04-21,9.92,sh600050,中国联通
2023-04-24,9.87,sh600050,中国联通
2023-04-25,9.85,sh600050,中国联通
2023-04-26,9.6,sh600050,中国联通
2023-04-27,9.65,sh600050,中国联通
2023-04-28,9.8,sh600050,中国联通
2023-05-04,9.8,sh600050,中国联通
2023-05-05,9.89,sh600050,中国联通
2023-05-08,10.17,sh600050,中国联通
2023-05-09,9.87,sh600050,中国联通
2023-05-10,9.84,sh600050,中国联通
2023-05-11,9.65,sh600050,中国联通
2023-05-12,9.5,sh600050,中国联通
2023-05-15,9.34,sh600050,中国联通
2023-05-16,9.24,sh600050,中国联通
2023-05-17,9.06,sh600050,中国联通
2023-05-18,9.12,sh600050,中国联通
2023-05-19,9.06,sh600050,中国联通
2023-05-22,9.04,sh600050,中国联通
2023-05-23,8.82,sh600050,中国联通
2023-05-24,8.69,sh600050,中国联通
2023-05-25,8.67,sh600050,中国联通
2023-05-26,8.69,sh600050,中国联通
2023-05-29,8.76,sh600050,中国联通
2023-05-30,8.92,sh600050,中国联通
2023-05-31,8.94,sh600050,中国联通
2023-06-01,9.11,sh600050,中国联通
2023-06-02,9.16,sh600050,中国联通
2023-06-05,9.17,sh600050,中国联通
2023-06-06,9.14,sh600050,中国联通
2023-06-07,9.26,sh600050,中国联通
2023-06-08,9.37,sh600050,中国联通
2023-06-09,9.59,sh600050,中国联通
2023-06-12,9.44,sh600050,中国联通
2023-06-13,9.35,sh600050,中国联通
2023-06-14,9.24,sh600050,中国联通
2023-06-15,9.19,sh600050,中国联通
2023-06-16,9.19,sh600050,中国联通
2023-06-19,9.4,sh600050,中国联通
2023-06-20,9.16,sh600050,中国联通
2023-06-21,8.79,sh600050,中国联通
2023-06-26,8.66,sh600050,中国联通
2023-06-27,8.96,sh600050,中国联通
2023-06-28,8.79,sh600050,中国联通
2023-06-29,8.79,sh600050,中国联通
2023-06-30,8.74,sh600050,中国联通
2023-07-03,8.92,sh600050,中国联通
2023-07-04,8.91,sh600050,中国联通
2023-07-05,8.79,sh600050,中国联通
2023-07-06,8.76,sh600050,中国联通
2023-07-07,8.63,sh600050,中国联通
2023-07-10,8.61,sh600050,中国联通
2023-07-11,8.68,sh600050,中国联通
2023-07-12,8.44,sh600050,中国联通
2023-07-13,8.56,sh600050,中国联通
2023-07-14,9.34,sh600050,中国联通
2023-07-17,9.61,sh600050,中国联通
2023-07-18,9.59,sh600050,中国联通
2023-07-19,9.52,sh600050,中国联通
2023-07-20,9.34,sh600050,中国联通
2023-07-21,9.37,sh600050,中国联通
2023-07-24,9.44,sh600050,中国联通
2023-07-25,9.52,sh600050,中国联通
2023-07-26,9.37,sh600050,中国联通
2023-07-27,9.28,sh600050,中国联通
2023-07-28,9.64,sh600050,中国联通
2023-07-31,9.41,sh600050,中国联通
2023-08-01,9.37,sh600050,中国联通
2023-08-02,9.31,sh600050,中国联通
2023-08-03,9.31,sh600050,中国联通
2023-08-04,9.94,sh600050,中国联通
2023-08-07,9.64,sh600050,中国联通
2023-08-08,9.61,sh600050,中国联通
2023-08-09,9.54,sh600050,中国联通
2023-08-10,9.67,sh600050,中国联通
2023-08-11,9.57,sh600050,中国联通
2023-08-14,9.81,sh600050,中国联通
2023-08-15,9.67,sh600050,中国联通
2023-08-16,9.44,sh600050,中国联通
2023-08-17,9.47,sh600050,中国联通
2023-08-18,9.24,sh600050,中国联通
2023-08-21,9.32,sh600050,中国联通
2023-08-22,9.97,sh600050,中国联通
2023-08-23,9.84,sh600050,中国联通
2023-08-24,9.57,sh600050,中国联通
2023-08-25,9.34,sh600050,中国联通
2023-08-28,9.52,sh600050,中国联通
2023-08-29,9.67,sh600050,中国联通
2023-08-30,9.56,sh600050,中国联通
2023-08-31,9.49,sh600050,中国联通
2023-09-01,9.47,sh600050,中国联通
2023-09-04,9.66,sh600050,中国联通
2023-09-05,9.46,sh600050,中国联通
2023-09-06,9.44,sh600050,中国联通
2023-09-07,9.37,sh600050,中国联通
2023-09-08,9.44,sh600050,中国联通
2023-09-11,9.44,sh600050,中国联通
2023-09-12,9.47,sh600050,中国联通
2023-09-13,9.42,sh600050,中国联通
2023-09-14,9.49,sh600050,中国联通
2023-09-15,9.42,sh600050,中国联通
2023-09-18,9.32,sh600050,中国联通
2023-09-19,9.31,sh600050,中国联通
2023-09-20,9.28,sh600050,中国联通
2023-09-21,9.23,sh600050,中国联通
2023-09-22,9.32,sh600050,中国联通
2023-09-25,9.28,sh600050,中国联通
2023-09-26,8.99,sh600050,中国联通
2023-09-27,8.99,sh600050,中国联通
2023-09-28,8.99,sh600050,中国联通
2023-10-09,9.08,sh600050,中国联通
2023-10-10,9.04,sh600050,中国联通
2023-10-11,9.01,sh600050,中国联通
2023-10-12,9.19,sh600050,中国联通
2023-10-13,9.11,sh600050,中国联通
2023-10-16,9.11,sh600050,中国联通
2023-10-17,9.26,sh600050,中国联通
2023-10-18,9.18,sh600050,中国联通
2023-10-19,8.96,sh600050,中国联通
2023-10-20,8.68,sh600050,中国联通
2023-10-23,8.68,sh600050,中国联通
2023-10-24,8.61,sh600050,中国联通
2023-10-25,8.33,sh600050,中国联通
2023-10-26,8.33,sh600050,中国联通
2023-10-27,8.36,sh600050,中国联通
2023-10-30,8.24,sh600050,中国联通
2023-10-31,8.24,sh600050,中国联通
2023-11-01,8.21,sh600050,中国联通
2023-11-02,8.16,sh600050,中国联通
2023-11-03,8.23,sh600050,中国联通
2023-11-06,8.28,sh600050,中国联通
2023-11-07,8.28,sh600050,中国联通
2023-11-08,8.33,sh600050,中国联通
2023-11-09,8.29,sh600050,中国联通
2023-11-10,8.23,sh600050,中国联通
2023-11-13,8.33,sh600050,中国联通
2023-11-14,8.38,sh600050,中国联通
2023-11-15,8.36,sh600050,中国联通
2023-11-16,8.26,sh600050,中国联通
2023-11-17,8.26,sh600050,中国联通
2023-11-20,8.26,sh600050,中国联通
2023-11-21,8.24,sh600050,中国联通
2023-11-22,8.33,sh600050,中国联通
2023-11-23,8.36,sh600050,中国联通
2023-11-24,8.33,sh600050,中国联通
2023-11-27,8.19,sh600050,中国联通
2023-11-28,8.09,sh600050,中国联通
2023-11-29,8.06,sh600050,中国联通
2023-11-30,8.13,sh600050,中国联通
2023-12-01,8.24,sh600050,中国联通
2023-12-04,8.23,sh600050,中国联通
2023-12-05,8.09,sh600050,中国联通
2023-12-06,7.96,sh600050,中国联通
2023-12-07,7.96,sh600050,中国联通
2023-12-08,8.17,sh600050,中国联通
2023-12-11,8.24,sh600050,中国联通
2023-12-12,8.31,sh600050,中国联通
2023-12-13,8.24,sh600050,中国联通
2023-12-14,8.22,sh600050,中国联通
2023-12-15,8.16,sh600050,中国联通
2023-12-18,8.16,sh600050,中国联通
2023-12-19,8.16,sh600050,中国联通
2023-12-20,8.06,sh600050,中国联通
2023-12-21,8.06,sh600050,中国联通
2023-12-22,8.06,sh600050,中国联通
2023-12-25,7.96,sh600050,中国联通
2023-12-26,7.97,sh600050,中国联通
2023-12-27,8.21,sh600050,中国联通
2023-12-28,8.22,sh600050,中国联通
2023-12-29,8.24,sh600050,中国联通
2024-01-02,8.09,sh600050,中国联通
2024-01-03,8.14,sh600050,中国联通
2024-01-04,8.07,sh600050,中国联通
2024-01-05,8.02,sh600050,中国联通
2024-01-08,7.92,sh600050,中国联通
2024-01-09,7.72,sh600050,中国联通
2024-01-10,7.59,sh600050,中国联通
2024-01-11,7.64,sh600050,中国联通
2024-01-12,7.61,sh600050,中国联通
2024-01-15,7.69,sh600050,中国联通
2024-01-16,7.72,sh600050,中国联通
2024-01-17,7.62,sh600050,中国联通
2024-01-18,7.67,sh600050,中国联通
2024-01-19,7.67,sh600050,中国联通
2024-01-22,7.59,sh600050,中国联通
2024-01-23,7.56,sh600050,中国联通
2024-01-24,7.81,sh600050,中国联通
2024-01-25,8.49,sh600050,中国联通
2024-01-26,8.52,sh600050,中国联通
2024-01-29,8.56,sh600050,中国联通
2024-01-30,8.52,sh600050,中国联通
2024-01-31,8.47,sh600050,中国联通
2024-02-01,8.36,sh600050,中国联通
2024-02-02,8.36,sh600050,中国联通
2024-02-05,8.32,sh600050,中国联通
2024-02-06,8.39,sh600050,中国联通
2024-02-07,8.54,sh600050,中国联通
2024-02-08,8.54,sh600050,中国联通
2024-02-19,8.76,sh600050,中国联通
2024-02-20,8.84,sh600050,中国联通
2024-02-21,8.82,sh600050,中国联通
2024-02-22,9.11,sh600050,中国联通
2024-02-23,9.04,sh600050,中国联通
2024-02-26,8.82,sh600050,中国联通
2024-02-27,8.99,sh600050,中国联通
2024-02-28,8.79,sh600050,中国联通
2024-02-29,8.94,sh600050,中国联通
2024-03-01,9.01,sh600050,中国联通
2024-03-04,9.04,sh600050,中国联通
2024-03-05,9.01,sh600050,中国联通
2024-03-06,8.96,sh600050,中国联通
2024-03-07,8.81,sh600050,中国联通
2024-03-08,8.99,sh600050,中国联通
2024-03-11,8.91,sh600050,中国联通
2024-03-12,8.72,sh600050,中国联通
2024-03-13,8.66,sh600050,中国联通
2024-03-14,8.64,sh600050,中国联通
2024-03-15,8.62,sh600050,中国联通
2024-03-18,8.81,sh600050,中国联通
2024-03-19,8.67,sh600050,中国联通
2024-03-20,8.79,sh600050,中国联通
2024-03-21,8.81,sh600050,中国联通
2024-03-22,8.71,sh600050,中国联通
2024-03-25,8.66,sh600050,中国联通
2024-03-26,8.64,sh600050,中国联通
2024-03-27,8.57,sh600050,中国联通
2024-03-28,8.62,sh600050,中国联通
2024-03-29,8.72,sh600050,中国联通
2024-04-01,8.84,sh600050,中国联通
2024-04-02,8.81,sh600050,中国联通
2024-04-03,8.72,sh600050,中国联通
2024-04-08,8.74,sh600050,中国联通
2024-04-09,8.62,sh600050,中国联通
2024-04-10,8.54,sh600050,中国联通
2024-04-11,8.52,sh600050,中国联通
2024-04-12,8.47,sh600050,中国联通
2024-04-15,8.82,sh600050,中国联通
2024-04-16,8.82,sh600050,中国联通
2024-04-17,8.97,sh600050,中国联通
2024-04-18,9.01,sh600050,中国联通
2024-04-19,9.01,sh600050,中国联通
2024-04-22,8.87,sh600050,中国联通
2024-04-23,8.79,sh600050,中国联通
2024-04-24,8.82,sh600050,中国联通
2024-04-25,8.84,sh600050,中国联通
2024-04-26,8.87,sh600050,中国联通
2024-04-29,8.76,sh600050,中国联通
2024-04-30,8.76,sh600050,中国联通
2024-05-06,8.71,sh600050,中国联通
2024-05-07,8.72,sh600050,中国联通
2024-05-08,8.67,sh600050,中国联通
2024-05-09,8.67,sh600050,中国联通
2024-05-10,8.72,sh600050,中国联通
2024-05-13,8.71,sh600050,中国联通
2024-05-14,8.67,sh600050,中国联通
2024-05-15,8.59,sh600050,中国联通
2024-05-16,8.57,sh600050,中国联通
2024-05-17,8.67,sh600050,中国联通
2024-05-20,8.71,sh600050,中国联通
2024-05-21,8.72,sh600050,中国联通
2024-05-22,8.76,sh600050,中国联通
2024-05-23,8.67,sh600050,中国联通
2024-05-24,8.62,sh600050,中国联通
2024-05-27,8.77,sh600050,中国联通
2024-05-28,8.67,sh600050,中国联通
2024-05-29,8.59,sh600050,中国联通
2024-05-30,8.57,sh600050,中国联通
2024-05-31,8.56,sh600050,中国联通
2024-06-03,8.59,sh600050,中国联通
2024-06-04,8.61,sh600050,中国联通
2024-06-05,8.51,sh600050,中国联通
2024-06-06,8.47,sh600050,中国联通
2024-06-07,8.56,sh600050,中国联通
2024-06-11,8.39,sh600050,中国联通
2024-06-12,8.31,sh600050,中国联通
2024-06-13,8.32,sh600050,中国联通
2024-06-14,8.46,sh600050,中国联通
2024-06-17,8.46,sh600050,中国联通
2024-06-18,8.52,sh600050,中国联通
2024-06-19,8.56,sh600050,中国联通
2024-06-20,8.47,sh600050,中国联通
2024-06-21,8.56,sh600050,中国联通
2024-06-24,8.52,sh600050,中国联通
2024-06-25,8.44,sh600050,中国联通
2024-06-26,8.47,sh600050,中国联通
2024-06-27,8.59,sh600050,中国联通
2024-06-28,8.77,sh600050,中国联通
2024-07-01,8.74,sh600050,中国联通
2024-07-02,8.84,sh600050,中国联通
2024-07-03,8.89,sh600050,中国联通
2024-07-04,8.81,sh600050,中国联通
2024-07-05,8.81,sh600050,中国联通
2024-07-08,8.81,sh600050,中国联通
2024-07-09,8.89,sh600050,中国联通
2024-07-10,8.82,sh600050,中国联通
2024-07-11,8.86,sh600050,中国联通
2024-07-12,8.91,sh600050,中国联通
2024-07-15,8.96,sh600050,中国联通
2024-07-16,8.96,sh600050,中国联通
2024-07-17,8.84,sh600050,中国联通
2024-07-18,8.96,sh600050,中国联通
2024-07-19,9.03,sh600050,中国联通
2024-07-22,8.94,sh600050,中国联通
2024-07-23,8.93,sh600050,中国联通
2024-07-24,9.01,sh600050,中国联通
2024-07-25,8.91,sh600050,中国联通
2024-07-26,8.78,sh600050,中国联通
2024-07-29,8.94,sh600050,中国联通
2024-07-30,8.99,sh600050,中国联通
2024-07-31,8.86,sh600050,中国联通
2024-08-01,8.89,sh600050,中国联通
2024-08-02,8.96,sh600050,中国联通
2024-08-05,8.79,sh600050,中国联通
2024-08-06,8.68,sh600050,中国联通
2024-08-07,8.64,sh600050,中国联通
2024-08-08,8.68,sh600050,中国联通
2024-08-09,8.56,sh600050,中国联通
2024-08-12,8.46,sh600050,中国联通
2024-08-13,8.48,sh600050,中国联通
2024-08-14,8.53,sh600050,中国联通
2024-08-15,8.58,sh600050,中国联通
2024-08-16,8.91,sh600050,中国联通
2024-08-19,9.01,sh600050,中国联通
2024-08-20,8.96,sh600050,中国联通
2024-08-21,8.96,sh600050,中国联通
2024-08-22,8.96,sh600050,中国联通
2024-08-23,9.01,sh600050,中国联通
2024-08-26,9.01,sh600050,中国联通
2024-08-27,9.04,sh600050,中国联通
2024-08-28,9.01,sh600050,中国联通
2024-08-29,8.83,sh600050,中国联通
2024-08-30,8.76,sh600050,中国联通
2024-09-02,8.74,sh600050,中国联通
2024-09-03,8.81,sh600050,中国联通
2024-09-04,8.83,sh600050,中国联通
2024-09-05,8.73,sh600050,中国联通
2024-09-06,8.71,sh600050,中国联通
2024-09-09,8.61,sh600050,中国联通
2024-09-10,8.63,sh600050,中国联通
2024-09-11,8.53,sh600050,中国联通
2024-09-12,8.48,sh600050,中国联通
2024-09-13,8.48,sh600050,中国联通
2024-09-18,8.49,sh600050,中国联通
2024-09-19,8.48,sh600050,中国联通
2024-09-20,8.51,sh600050,中国联通
2024-09-23,8.51,sh600050,中国联通
2024-09-24,8.86,sh600050,中国联通
2024-09-25,9.03,sh600050,中国联通
2024-09-26,9.24,sh600050,中国联通
2024-09-27,9.31,sh600050,中国联通
2024-09-30,9.94,sh600050,中国联通
2024-10-08,10.26,sh600050,中国联通
2024-10-09,9.64,sh600050,中国联通
2024-10-10,10.04,sh600050,中国联通
2024-10-11,9.57,sh600050,中国联通
2024-10-14,9.77,sh600050,中国联通
2024-10-15,9.62,sh600050,中国联通
2024-10-16,9.62,sh600050,中国联通
2024-10-17,9.47,sh600050,中国联通
2024-10-18,9.64,sh600050,中国联通
2024-10-21,9.62,sh600050,中国联通
2024-10-22,9.59,sh600050,中国联通
2024-10-23,9.59,sh600050,中国联通
2024-10-24,9.44,sh600050,中国联通
2024-10-25,9.46,sh600050,中国联通
2024-10-28,9.62,sh600050,中国联通
2024-10-29,9.54,sh600050,中国联通
2024-10-30,9.53,sh600050,中国联通
2024-10-31,9.5,sh600050,中国联通
2024-11-01,9.58,sh600050,中国联通
2024-11-04,9.58,sh600050,中国联通
2024-11-05,9.76,sh600050,中国联通
2024-11-06,9.8,sh600050,中国联通
2024-11-07,10.0,sh600050,中国联通
2024-11-08,9.83,sh600050,中国联通
2024-11-11,9.88,sh600050,中国联通
2024-11-12,9.66,sh600050,中国联通
2024-11-13,10.28,sh600050,中国联通
2024-11-14,10.3,sh600050,中国联通
2024-11-15,10.86,sh600050,中国联通
2024-11-18,10.85,sh600050,中国联通
2024-11-19,10.31,sh600050,中国联通
2024-11-20,10.31,sh600050,中国联通
2024-11-21,10.13,sh600050,中国联通
2024-11-22,9.85,sh600050,中国联通
2024-11-25,9.7,sh600050,中国联通
2024-11-26,9.68,sh600050,中国联通
2024-11-27,9.88,sh600050,中国联通
2024-11-28,9.71,sh600050,中国联通
2024-11-29,9.76,sh600050,中国联通
2024-12-02,9.76,sh600050,中国联通
2024-12-03,9.8,sh600050,中国联通
2024-12-04,9.83,sh600050,中国联通
2024-12-05,9.8,sh600050,中国联通
2024-12-06,9.85,sh600050,中国联通
2024-12-09,10.1,sh600050,中国联通
2024-12-10,10.01,sh600050,中国联通
2024-12-11,10.0,sh600050,中国联通
2024-12-12,10.06,sh600050,中国联通
2024-12-13,9.88,sh600050,中国联通
2024-12-16,9.93,sh600050,中国联通
2024-12-17,9.91,sh600050,中国联通
2024-12-18,10.05,sh600050,中国联通
2024-12-19,10.11,sh600050,中国联通
2024-12-20,9.96,sh600050,中国联通
2024-12-23,10.03,sh600050,中国联通
2024-12-24,10.1,sh600050,中国联通
2024-12-25,10.25,sh600050,中国联通
2024-12-26,10.16,sh600050,中国联通
2024-12-27,10.13,sh600050,中国联通
2024-12-30,10.2,sh600050,中国联通
2024-12-31,10.03,sh600050,中国联通
2025-01-02,9.55,sh600050,中国联通
2025-01-03,9.38,sh600050,中国联通
2025-01-06,9.28,sh600050,中国联通
2025-01-07,9.35,sh600050,中国联通
2025-01-08,9.37,sh600050,中国联通
2025-01-09,9.28,sh600050,中国联通
2025-01-10,9.15,sh600050,中国联通
2025-01-13,9.08,sh600050,中国联通
2025-01-14,9.27,sh600050,中国联通
2025-01-15,9.22,sh600050,中国联通
2025-01-16,9.27,sh600050,中国联通
2025-01-17,9.28,sh600050,中国联通
2025-01-20,9.23,sh600050,中国联通
2025-01-21,9.22,sh600050,中国联通
2025-01-22,9.18,sh600050,中国联通
2025-01-23,9.23,sh600050,中国联通
2025-01-24,9.3,sh600050,中国联通
2025-01-27,9.33,sh600050,中国联通
2025-02-05,9.5,sh600050,中国联通
2025-02-06,9.73,sh600050,中国联通
2025-02-07,9.9,sh600050,中国联通
2025-02-10,10.28,sh600050,中国联通
2025-02-11,10.31,sh600050,中国联通
2025-02-12,10.35,sh600050,中国联通
2025-02-13,10.35,sh600050,中国联通
2025-02-14,11.15,sh600050,中国联通
2025-02-17,12.03,sh600050,中国联通
2025-02-18,11.88,sh600050,中国联通
2025-02-19,11.91,sh600050,中国联通
2025-02-20,11.51,sh600050,中国联通
2025-02-21,12.54,sh600050,中国联通
2025-02-24,12.39,sh600050,中国联通
2025-02-25,12.23,sh600050,中国联通
2025-02-26,12.19,sh600050,中国联通
2025-02-27,11.81,sh600050,中国联通
2025-02-28,11.6,sh600050,中国联通
2025-03-03,11.55,sh600050,中国联通
2025-03-04,11.48,sh600050,中国联通
2025-03-05,11.61,sh600050,中国联通
2025-03-06,12.06,sh600050,中国联通
2025-03-07,11.86,sh600050,中国联通
2025-03-10,11.55,sh600050,中国联通
2025-03-11,11.53,sh600050,中国联通
2025-03-12,11.56,sh600050,中国联通
2025-03-13,11.4,sh600050,中国联通
2025-03-14,11.51,sh600050,中国联通
2025-03-17,11.43,sh600050,中国联通
2025-03-18,11.53,sh600050,中国联通
2025-03-19,10.8,sh600050,中国联通
2025-03-20,10.7,sh600050,中国联通
2025-03-21,10.68,sh600050,中国联通
2025-03-24,10.65,sh600050,中国联通
2025-03-25,10.53,sh600050,中国联通
2025-03-26,10.55,sh600050,中国联通
2025-03-27,10.5,sh600050,中国联通
2025-03-28,10.46,sh600050,中国联通
2025-03-31,10.45,sh600050,中国联通
2025-04-01,10.45,sh600050,中国联通
2025-04-02,10.48,sh600050,中国联通
2025-04-03,10.5,sh600050,中国联通
2025-04-07,9.85,sh600050,中国联通
2025-04-08,10.08,sh600050,中国联通
2025-04-09,10.28,sh600050,中国联通
2025-04-10,10.23,sh600050,中国联通
2025-04-11,10.2,sh600050,中国联通
2025-04-14,10.21,sh600050,中国联通
2025-04-15,10.2,sh600050,中国联通
2025-04-16,10.3,sh600050,中国联通
2025-04-17,10.25,sh600050,中国联通
2025-04-18,10.25,sh600050,中国联通
2025-04-21,10.25,sh600050,中国联通
2025-04-22,10.18,sh600050,中国联通
2025-04-23,10.08,sh600050,中国联通
2025-04-24,10.06,sh600050,中国联通
2025-04-25,10.05,sh600050,中国联通
2025-04-28,10.1,sh600050,中国联通
2025-04-29,10.08,sh600050,中国联通
2025-04-30,10.05,sh600050,中国联通
2025-05-06,10.31,sh600050,中国联通
2025-05-07,10.31,sh600050,中国联通
2025-05-08,10.28,sh600050,中国联通
2025-05-09,10.23,sh600050,中国联通
2025-05-12,10.31,sh600050,中国联通
2025-05-13,10.25,sh600050,中国联通
2025-05-14,10.41,sh600050,中国联通
2025-05-15,10.25,sh600050,中国联通
2025-05-16,10.15,sh600050,中国联通
2025-05-19,10.21,sh600050,中国联通
2025-05-20,10.3,sh600050,中国联通
2025-05-21,10.28,sh600050,中国联通
2025-05-22,10.23,sh600050,中国联通
2025-05-23,10.15,sh600050,中国联通
2025-05-26,10.18,sh600050,中国联通
2025-05-27,10.21,sh600050,中国联通
2025-05-28,10.06,sh600050,中国联通
2025-05-29,10.18,sh600050,中国联通
2025-05-30,10.11,sh600050,中国联通
2025-06-03,10.06,sh600050,中国联通
2025-06-04,10.08,sh600050,中国联通
2025-06-05,10.15,sh600050,中国联通
2025-06-06,10.21,sh600050,中国联通
2025-06-09,10.16,sh600050,中国联通
2025-06-10,10.03,sh600050,中国联通
2025-06-11,10.03,sh600050,中国联通
2025-06-12,9.96,sh600050,中国联通
2025-06-13,9.96,sh600050,中国联通
2025-06-16,9.96,sh600050,中国联通
2025-06-17,10.03,sh600050,中国联通
2025-06-18,10.0,sh600050,中国联通
2025-06-19,9.9,sh600050,中国联通
2025-06-20,9.93,sh600050,中国联通
2025-06-23,9.98,sh600050,中国联通
2025-06-24,10.06,sh600050,中国联通
2025-06-25,10.15,sh600050,中国联通
2025-06-26,10.1,sh600050,中国联通
2025-06-27,10.13,sh600050,中国联通
2025-06-30,10.18,sh600050,中国联通
2025-07-01,10.2,sh600050,中国联通
2025-07-02,10.17,sh600050,中国联通
2025-07-03,10.17,sh600050,中国联通
2025-07-04,10.18,sh600050,中国联通
2025-07-07,10.2,sh600050,中国联通
2025-07-08,10.25,sh600050,中国联通
2025-07-09,10.33,sh600050,中国联通
2025-07-10,10.3,sh600050,中国联通
2025-07-11,10.3,sh600050,中国联通
2025-07-14,10.33,sh600050,中国联通
2025-07-15,10.35,sh600050,中国联通
2025-07-16,10.32,sh600050,中国联通
2025-07-17,10.25,sh600050,中国联通
2025-07-18,10.37,sh600050,中国联通
2025-07-21,10.42,sh600050,中国联通
2025-07-22,10.43,sh600050,中国联通
2025-07-23,10.45,sh600050,中国联通
2025-07-24,10.5,sh600050,中国联通
2025-07-25,10.4,sh600050,中国联通
2025-07-28,10.33,sh600050,中国联通
2025-07-29,10.35,sh600050,中国联通
2025-07-30,10.32,sh600050,中国联通
2025-07-31,10.22,sh600050,中国联通
2025-08-01,10.15,sh600050,中国联通
2025-08-04,10.15,sh600050,中国联通
2025-08-05,10.25,sh600050,中国联通
2025-08-06,10.18,sh600050,中国联通
2025-08-07,10.2,sh600050,中国联通
2025-08-08,10.23,sh600050,中国联通
2025-08-11,10.22,sh600050,中国联通
2025-08-12,10.27,sh600050,中国联通
2025-08-13,10.35,sh600050,中国联通
2025-08-14,10.25,sh600050,中国联通
2025-08-15,10.28,sh600050,中国联通
2025-08-18,10.48,sh600050,中国联通
2025-08-19,10.4,sh600050,中国联通
2025-08-20,10.47,sh600050,中国联通
2025-08-21,10.72,sh600050,中国联通
2025-08-22,11.1,sh600050,中国联通
2025-08-25,10.98,sh600050,中国联通
2025-08-26,10.93,sh600050,中国联通
2025-08-27,10.7,sh600050,中国联通
2025-08-28,10.9,sh600050,中国联通
2025-08-29,10.78,sh600050,中国联通
2025-09-01,10.78,sh600050,中国联通
2025-09-02,10.63,sh600050,中国联通
2025-09-03,10.43,sh600050,中国联通
2025-09-04,10.27,sh600050,中国联通
2025-09-05,10.27,sh600050,中国联通
2025-09-08,10.7,sh600050,中国联通
2025-09-09,10.4,sh600050,中国联通
2025-09-10,10.88,sh600050,中国联通
2025-09-11,10.9,sh600050,中国联通
2025-09-12,10.75,sh600050,中国联通
2025-09-15,10.58,sh600050,中国联通
2025-09-16,10.58,sh600050,中国联通
2025-09-17,10.65,sh600050,中国联通
2025-09-18,10.4,sh600050,中国联通
2025-09-19,10.32,sh600050,中国联通
2025-09-22,10.4,sh600050,中国联通
2025-09-23,10.32,sh600050,中国联通
2025-09-24,10.42,sh600050,中国联通
2025-09-25,10.37,sh600050,中国联通
2025-09-26,10.3,sh600050,中国联通
2025-09-29,10.38,sh600050,中国联通
2025-09-30,10.45,sh600050,中国联通
2025-10-09,10.58,sh600050,中国联通
2025-10-10,10.5,sh600050,中国联通
2025-10-13,10.5,sh600050,中国联通
2025-10-14,10.48,sh600050,中国联通
2025-10-15,10.47,sh600050,中国联通
2025-10-16,10.45,sh600050,中国联通
2025-10-17,10.35,sh600050,中国联通
2025-10-20,10.4,sh600050,中国联通
2025-10-21,10.45,sh600050,中国联通
2025-10-22,10.52,sh600050,中国联通
2025-10-23,10.53,sh600050,中国联通
2025-10-24,10.52,sh600050,中国联通
2025-10-27,10.62,sh600050,中国联通
2025-10-28,10.57,sh600050,中国联通
2025-10-29,10.62,sh600050,中国联通
2025-10-30,10.57,sh600050,中国联通
2025-10-31,10.5,sh600050,中国联通
2025-11-03,10.52,sh600050,中国联通
2025-11-04,10.52,sh600050,中国联通
2025-11-05,10.54,sh600050,中国联通
2025-11-06,10.59,sh600050,中国联通
2025-11-07,10.65,sh600050,中国联通
2025-11-10,10.69,sh600050,中国联通
2025-11-11,10.64,sh600050,中国联通
2025-11-12,10.6,sh600050,中国联通
2025-11-13,10.55,sh600050,中国联通
2025-11-14,10.5,sh600050,中国联通
2025-11-17,10.49,sh600050,中国联通
2025-11-18,10.47,sh600050,中国联通
2025-11-19,10.49,sh600050,中国联通
2025-11-20,10.62,sh600050,中国联通
2025-11-21,10.44,sh600050,中国联通
2025-11-24,10.52,sh600050,中国联通
2025-11-25,10.54,sh600050,中国联通
2025-11-26,10.55,sh600050,中国联通
2025-11-27,10.5,sh600050,中国联通
2025-11-28,10.47,sh600050,中国联通
2025-12-01,10.55,sh600050,中国联通
2025-12-02,10.55,sh600050,中国联通
2025-12-03,10.47,sh600050,中国联通
2025-12-04,10.4,sh600050,中国联通
2025-12-05,10.39,sh600050,中国联通
2025-12-08,10.35,sh600050,中国联通
2025-12-09,10.27,sh600050,中国联通
2025-12-10,10.24,sh600050,中国联通
2025-12-11,10.17,sh600050,中国联通
2025-12-12,10.19,sh600050,中国联通
2025-12-15,10.07,sh600050,中国联通
2025-12-16,9.99,sh600050,中国联通
2025-12-17,10.04,sh600050,中国联通
2025-12-18,10.02,sh600050,中国联通
2025-12-19,10.09,sh600050,中国联通
2025-12-22,10.04,sh600050,中国联通
2025-12-23,9.99,sh600050,中国联通
2025-12-24,10.02,sh600050,中国联通
2025-12-25,10.04,sh600050,中国联通
2025-12-26,10.04,sh600050,中国联通
2025-12-29,9.99,sh600050,中国联通
2025-12-30,9.95,sh600050,中国联通
2025-12-31,9.99,sh600050,中国联通
