date,open,close,high,low,amount
2018-01-02,4139.98,4161.65,4197.16,4083.08,49612.48
2018-01-03,4148.42,4229.24,4260.42,4138.52,52019.41
2018-01-04,4260.42,4348.6,4384.79,4248.77,72205.08
2018-01-05,4370.72,4355.86,4399.03,4298.8,39989.07
2018-01-08,4337.07,4433.36,4457.95,4337.07,52204.56
2018-01-09,4433.81,4604.38,4607.09,4433.81,64591.95
2018-01-10,4618.34,4622.34,4640.18,4553.51,47714.24
2018-01-11,4629.6,4560.99,4635.22,4545.18,50656.07
2018-01-12,4555.14,4637.59,4639.73,4517.15,45988.24
2018-01-15,4665.95,4620.42,4697.47,4584.69,52473.13
2018-01-16,4592.9,4550.47,4638.66,4522.67,65428.33
2018-01-17,4533.92,4409.72,4556.44,4356.71,90709.54
2018-01-18,4409.72,4425.53,4505.79,4388.11,58978.51
2018-01-19,4437.69,4422.38,4471.46,4359.58,50925.56
2018-01-22,4431.56,4554.41,4556.44,4431.56,67126.75
2018-01-23,4577.88,4555.2,4590.2,4526.05,49549.18
2018-01-24,4570.17,4502.75,4570.28,4469.77,43298.81
2018-01-25,4483.27,4529.2,4567.69,4427.0,50040.72
2018-01-26,4518.39,4574.56,4575.57,4500.16,43978.33
2018-01-29,4583.22,4344.38,4588.35,4336.95,74535.51
2018-01-30,4342.58,4376.8,4414.45,4308.93,51911.03
2018-01-31,4359.46,4503.2,4543.55,4359.46,60402.41
2018-02-01,4517.04,4464.87,4518.73,4437.8,50582.61
2018-02-02,4433.86,4367.34,4439.55,4280.67,75420.82
2018-02-05,4293.17,4242.58,4308.59,4171.5,98995.85
2018-02-06,4156.86,4189.84,4267.17,4156.86,88168.71
2018-02-07,4252.54,4046.73,4274.37,4038.74,88289.98
2018-02-08,4039.81,4145.55,4241.28,4039.81,83409.43
2018-02-09,4027.43,4046.73,4083.08,3903.61,105578.26
2018-02-12,4089.33,4125.8,4170.93,4056.69,64179.55
2018-02-13,4168.23,4207.4,4223.38,4165.31,53389.18
2018-02-14,4252.54,4243.81,4252.54,4208.75,30652.6
2018-02-22,4293.62,4378.88,4387.6,4270.77,50764.69
2018-02-23,4404.49,4379.05,4458.29,4348.21,38158.77
2018-02-26,4403.81,4384.85,4432.91,4325.81,43658.24
2018-02-27,4415.74,4353.72,4455.14,4349.45,42601.54
2018-02-28,4320.07,4284.16,4378.04,4246.91,48330.67
2018-03-01,4297.56,4376.18,4403.64,4273.75,44794.65
2018-03-02,4353.84,4344.89,4385.13,4308.81,25991.9
2018-03-05,4354.85,4253.16,4376.35,4235.82,37234.7
2018-03-06,4280.67,4242.74,4295.31,4123.83,64570.36
2018-03-07,4224.4,4196.48,4275.05,4190.57,34595.94
2018-03-08,4218.77,4268.07,4275.05,4185.0,35349.3
2018-03-09,4295.03,4298.68,4323.28,4272.23,30171.0
2018-03-12,4306.28,4274.77,4330.87,4268.13,39888.41
2018-03-13,4269.42,4198.23,4289.68,4196.26,38577.09
2018-03-14,4194.4,4291.26,4298.01,4180.61,37355.76
2018-03-15,4297.67,4401.5,4404.49,4297.67,56148.79
2018-03-16,4407.86,4364.25,4443.77,4358.79,35855.52
2018-03-19,4387.43,4440.95,4443.82,4359.46,38666.58
2018-03-20,4421.37,4408.59,4432.62,4365.09,28877.2
2018-03-21,4421.99,4376.35,4438.87,4365.09,26742.71
2018-03-22,4387.6,4286.75,4410.11,4275.1,37486.97
2018-03-23,4145.61,4202.22,4272.18,4140.43,52546.77
2018-03-26,4185.0,4215.9,4224.73,4150.56,46256.11
2018-03-27,4269.42,4222.93,4285.63,4162.49,47548.44
2018-03-28,4139.81,4038.96,4156.86,3965.52,113539.72
2018-03-29,4039.81,4078.64,4127.88,3905.92,79081.96
2018-03-30,4061.19,4047.8,4103.4,4026.75,36540.28
2018-04-02,4027.43,4027.76,4089.33,3994.28,32039.08
2018-04-03,4016.17,4015.66,4066.82,4001.48,40235.58
2018-04-04,4038.68,4106.27,4142.4,4029.56,56891.31
2018-04-09,4123.66,4130.41,4170.54,4084.55,30833.05
2018-04-10,4166.99,4185.12,4187.82,4131.31,32043.25
2018-04-11,4196.26,4170.15,4223.16,4156.98,25723.18
2018-04-12,4162.49,4107.34,4178.7,4096.2,30713.61
2018-04-13,4131.54,4066.03,4145.61,4056.01,27549.52
2018-04-16,4030.69,4035.19,4065.98,4010.54,32939.67
2018-04-17,4055.56,3949.76,4057.7,3946.39,35172.76
2018-04-18,3976.78,3890.33,3976.78,3830.45,62616.6
2018-04-19,3914.03,4027.2,4027.43,3896.07,44207.57
2018-04-20,4033.05,3972.61,4106.21,3961.19,41511.68
2018-04-23,3948.69,3993.72,4029.28,3948.69,32659.2
2018-04-24,4004.91,4083.03,4103.4,3999.29,47282.56
2018-04-25,4078.08,4089.16,4094.96,4044.42,25252.22
2018-04-26,4094.96,4017.46,4096.53,3988.03,35047.9
2018-04-27,4056.97,3929.11,4074.47,3886.73,57915.21
2018-05-02,3914.87,3958.94,3965.46,3830.79,70259.11
2018-05-03,3948.64,3976.1,3991.86,3903.61,36326.53
2018-05-04,3976.66,3931.02,3998.33,3918.08,37375.84
2018-05-07,3914.59,4129.68,4150.56,3902.32,85591.43
2018-05-08,4128.89,4189.67,4208.25,4128.89,62497.83
2018-05-09,4191.08,4150.96,4209.2,4123.77,32331.06
2018-05-10,4159.68,4219.84,4230.03,4159.68,39293.8
2018-05-11,4245.16,4241.39,4311.63,4228.34,39141.65
2018-05-14,4275.05,4378.65,4381.97,4275.05,51014.71
2018-05-15,4398.86,4382.31,4401.33,4331.32,38055.8
2018-05-16,4365.09,4334.25,4396.94,4327.27,30795.2
2018-05-17,4337.63,4294.07,4351.02,4275.05,28517.93
2018-05-18,4274.99,4361.26,4370.72,4259.23,29255.17
2018-05-21,4387.6,4335.94,4406.17,4322.77,29059.58
2018-05-22,4338.19,4362.67,4364.19,4308.93,16998.96
2018-05-23,4365.09,4273.81,4365.09,4272.68,28268.71
2018-05-24,4252.54,4226.65,4301.27,4213.14,30416.34
2018-05-25,4207.51,4234.87,4291.93,4207.51,26511.46
2018-05-28,4241.28,4367.34,4368.81,4225.07,42805.23
2018-05-29,4358.34,4316.86,4421.37,4316.02,40820.27
2018-05-30,4293.17,4285.57,4349.9,4252.82,37147.1
2018-05-31,4310.22,4427.73,4430.49,4310.16,71852.87
2018-06-01,4427.73,4393.85,4449.4,4358.11,36177.63
2018-06-04,4434.59,4601.29,4606.52,4398.18,73805.97
2018-06-05,4626.78,4635.51,4672.93,4574.61,52629.67
2018-06-06,4635.22,4622.56,4708.1,4603.15,48969.48
2018-06-07,4646.37,4595.66,4677.71,4584.01,39167.78
2018-06-08,4590.2,4578.67,4623.41,4533.92,34958.46
2018-06-11,4567.97,4566.17,4623.97,4524.53,36547.55
2018-06-12,4578.95,4698.2,4722.45,4570.5,55287.08
2018-06-13,4702.76,4648.34,4717.5,4640.18,35244.37
2018-06-14,4646.48,4624.7,4667.87,4563.08,36159.61
2018-06-15,4613.83,4614.56,4644.11,4590.76,31707.73
2018-06-19,4590.2,4415.74,4590.2,4410.11,60195.87
2018-06-20,4432.62,4559.75,4567.69,4432.62,45838.02
2018-06-21,4568.92,4535.72,4645.86,4532.62,39182.55
2018-06-22,4505.78,4576.3,4578.94,4483.27,28854.81
2018-06-25,4573.31,4570.84,4646.31,4567.12,32934.16
2018-06-26,4569.43,4510.28,4595.15,4466.39,46577.98
2018-06-27,4494.52,4328.17,4522.66,4320.06,57298.01
2018-06-28,4280.67,4263.39,4308.81,4185.0,50833.94
2018-06-29,4271.1,4378.93,4383.66,4230.02,32929.27
2018-07-02,4396.15,4266.88,4423.22,4218.76,37558.11
2018-07-03,4256.81,4173.29,4290.69,4079.36,82837.1
2018-07-04,4156.86,4150.72,4201.88,4134.35,37990.75
2018-07-05,4201.88,4215.33,4293.05,4201.88,47123.8
2018-07-06,4241.27,4281.34,4319.67,4197.72,44156.61
2018-07-09,4314.61,4355.18,4369.93,4312.92,40572.66
2018-07-10,4365.09,4346.85,4379.16,4276.9,29010.47
2018-07-11,4258.16,4312.07,4336.95,4214.37,24278.45
2018-07-12,4303.18,4413.15,4433.58,4303.18,40170.04
2018-07-13,4439.94,4466.33,4472.58,4399.53,28907.04
2018-07-16,4496.21,4509.61,4562.68,4489.07,32474.87
2018-07-17,4522.66,4440.67,4522.66,4404.59,27806.03
2018-07-18,4440.67,4412.58,4481.52,4398.85,24521.71
2018-07-19,4421.36,4432.34,4449.22,4398.97,18078.5
2018-07-20,4435.43,4433.35,4444.61,4359.46,30548.5
2018-07-23,4404.48,4382.36,4433.46,4314.49,35969.89
2018-07-24,4385.8,4457.38,4468.07,4331.32,41808.6
2018-07-25,4466.1,4448.43,4482.59,4427.05,21743.88
2018-07-26,4477.08,4402.34,4477.08,4394.52,23067.26
2018-07-27,4404.48,4418.89,4451.19,4370.71,20913.6
2018-07-30,4420.8,4309.99,4430.71,4286.3,42171.66
2018-07-31,4316.12,4350.68,4358.78,4309.99,20683.46
2018-08-01,4378.59,4285.96,4383.66,4281.29,25237.88
2018-08-02,4291.76,4178.47,4291.76,4133.67,55001.43
2018-08-03,4173.74,4083.64,4173.74,4067.94,47336.99
2018-08-06,4072.44,4031.25,4111.84,3989.43,45248.12
2018-08-07,4045.99,4124.67,4133.39,3988.14,39085.59
2018-08-08,4128.83,4068.05,4139.98,4043.57,29685.44
2018-08-09,4038.68,4156.18,4170.93,4033.72,34485.75
2018-08-10,4156.18,4129.73,4172.45,4112.96,23817.67
2018-08-13,4106.21,4084.94,4106.21,4014.36,34570.41
2018-08-14,4084.94,4090.06,4114.65,4052.8,21696.83
2018-08-15,4088.2,3992.53,4089.33,3982.4,34997.09
2018-08-16,3931.75,3911.71,4024.61,3864.21,59939.85
2018-08-17,3962.7,3835.29,3962.7,3807.99,46574.57
2018-08-20,3821.73,3891.17,3895.45,3733.99,48852.34
2018-08-21,3903.61,4041.43,4045.99,3903.61,52249.02
2018-08-22,4038.68,4020.1,4051.06,3993.65,20675.51
2018-08-23,4042.62,4034.23,4080.88,4005.92,27357.27
2018-08-24,4027.42,3978.46,4027.42,3956.85,26090.26
2018-08-27,3988.03,4130.41,4130.41,3988.03,48016.92
2018-08-28,4162.49,4094.95,4166.88,4081.17,32488.9
2018-08-29,4100.58,4122.25,4139.3,4084.26,27404.03
2018-08-30,4135.53,4091.58,4160.24,4083.75,33788.33
2018-08-31,4068.22,3972.21,4072.44,3957.07,58980.93
2018-09-03,3931.75,4011.72,4019.94,3924.99,30179.84
2018-09-04,4015.04,4061.41,4066.81,3985.77,21540.48
2018-09-05,4061.19,3964.33,4072.39,3959.89,28983.42
2018-09-06,3931.75,3886.73,3972.61,3864.21,42370.58
2018-09-07,3895.17,3925.95,3965.68,3893.14,29240.06
2018-09-10,3932.87,3891.23,3941.93,3868.15,21202.2
2018-09-11,3895.56,3897.98,3925.95,3867.76,19496.87
2018-09-12,3881.1,3807.94,3891.62,3796.74,41157.37
2018-09-13,3852.96,3819.08,3875.47,3751.66,47713.16
2018-09-14,3830.34,3880.54,3919.25,3799.66,40900.19
2018-09-17,3892.35,3896.91,3937.15,3870.18,29112.95
2018-09-18,3881.1,4014.48,4021.79,3876.71,37858.68
2018-09-19,4013.8,4097.32,4123.09,4010.54,48221.84
2018-09-20,4118.59,4081.17,4128.16,4074.47,27519.48
2018-09-21,4100.58,4201.94,4201.94,4089.38,42617.2
2018-09-25,4173.74,4185.11,4234.35,4163.95,30639.91
2018-09-26,4213.7,4342.18,4385.8,4213.08,72287.77
2018-09-27,4356.64,4336.95,4359.46,4288.55,40508.53
2018-09-28,4352.14,4370.71,4388.72,4308.13,35089.8
2018-10-08,4288.6,4123.94,4308.81,4123.94,82745.02
2018-10-09,4128.16,4173.74,4194.62,4122.53,40222.83
2018-10-10,4186.46,4038.23,4190.63,4031.3,63098.2
2018-10-11,3836.13,3892.3,4027.08,3836.13,91581.96
2018-10-12,3926.12,4021.79,4048.13,3923.76,54472.56
2018-10-15,4030.18,4015.6,4044.02,3976.94,35607.3
2018-10-16,4010.42,4016.95,4086.68,3988.08,26393.6
2018-10-17,4061.19,4008.96,4074.13,3919.93,43077.07
2018-10-18,3976.77,3897.64,3976.77,3892.18,52156.07
2018-10-19,3852.96,4033.05,4061.19,3836.53,76199.38
2018-10-22,4061.19,4162.49,4213.25,4061.19,73108.57
2018-10-23,4139.98,3874.01,4139.98,3836.08,123112.73
2018-10-24,3797.3,3847.28,3920.49,3751.66,76112.82
2018-10-25,3751.66,3746.03,3765.73,3687.39,75568.38
2018-10-26,3746.03,3695.94,3779.8,3684.01,55327.38
2018-10-29,3352.59,3352.59,3352.59,3352.59,49076.0
2018-10-30,3132.61,3211.39,3318.32,3127.09,204396.67
2018-10-31,3228.28,3351.53,3385.85,3200.14,96884.82
2018-11-01,3385.85,3430.88,3557.5,3364.75,98106.72
2018-11-02,3554.69,3638.54,3639.1,3482.88,89156.96
2018-11-05,3599.71,3502.91,3599.71,3480.23,75517.08
2018-11-06,3492.78,3447.76,3493.68,3402.79,45566.14
2018-11-07,3464.64,3450.01,3498.13,3425.31,38107.78
2018-11-08,3492.78,3472.18,3509.67,3459.02,33763.74
2018-11-09,3454.63,3425.25,3464.64,3425.25,24336.82
2018-11-12,3374.6,3368.97,3381.35,3283.43,67824.22
2018-11-13,3335.88,3470.27,3470.27,3318.32,66429.05
2018-11-14,3470.05,3386.42,3470.05,3372.07,41766.83
2018-11-15,3407.24,3412.31,3441.01,3388.67,30833.4
2018-11-16,3419.62,3413.99,3447.76,3402.91,28938.79
2018-11-19,3415.68,3464.76,3481.53,3408.98,36179.25
2018-11-20,3442.13,3423.0,3459.02,3413.99,26943.26
2018-11-21,3380.23,3440.44,3464.08,3378.43,27107.3
2018-11-22,3442.98,3439.32,3455.25,3402.74,21213.33
2018-11-23,3436.5,3396.55,3455.08,3396.55,20126.21
2018-11-26,3402.74,3369.59,3415.12,3368.97,19120.19
2018-11-27,3368.97,3347.02,3385.8,3338.02,20233.82
2018-11-28,3362.5,3397.11,3409.44,3332.39,27737.93
2018-11-29,3447.93,3366.72,3469.15,3352.14,45069.45
2018-11-30,3397.11,3442.13,3464.02,3374.6,49010.46
2018-12-03,3577.2,3645.86,3667.24,3553.39,83414.68
2018-12-04,3655.93,3651.65,3663.08,3610.97,31473.88
2018-12-05,3625.03,3695.94,3731.96,3610.97,41588.19
2018-12-06,3639.1,3592.96,3672.76,3584.85,37758.07
2018-12-07,3614.34,3565.94,3632.69,3553.0,26841.67
2018-12-10,3504.04,3510.96,3568.76,3493.8,24640.68
2018-12-11,3509.67,3543.38,3563.41,3509.67,16316.6
2018-12-12,3576.02,3577.2,3578.32,3542.31,19921.54
2018-12-13,3582.83,3648.95,3677.82,3580.58,40399.41
2018-12-14,3627.9,3599.48,3637.98,3594.08,24554.48
2018-12-17,3597.29,3585.75,3616.42,3554.74,24895.85
2018-12-18,3559.64,3588.12,3591.49,3554.69,19222.18
2018-12-19,3577.2,3514.17,3588.4,3504.21,25715.96
2018-12-20,3505.28,3495.6,3534.99,3464.02,26940.98
2018-12-21,3475.9,3455.7,3489.69,3426.43,30640.43
2018-12-24,3433.69,3459.02,3475.39,3402.74,19109.86
2018-12-25,3426.49,3446.58,3456.2,3378.03,26592.86
2018-12-26,3435.44,3414.44,3461.27,3402.74,17866.2
2018-12-27,3470.27,3430.88,3480.68,3426.49,29493.57
2018-12-28,3432.57,3582.88,3618.84,3413.99,63678.37
2019-01-02,3695.27,3633.36,3706.64,3611.02,62286.49
2019-01-03,3638.94,3582.83,3648.45,3559.19,30977.35
2019-01-04,3567.52,3650.36,3682.27,3537.92,37683.47
2019-01-07,3684.13,3670.0,3706.64,3651.6,34750.13
2019-01-08,3670.06,3666.06,3706.64,3640.68,28838.13
2019-01-09,3695.33,3729.82,3786.33,3689.98,49892.27
2019-01-10,3735.51,3744.74,3779.12,3696.79,29043.9
2019-01-11,3779.8,3841.03,3847.33,3744.62,38884.21
2019-01-14,3824.82,3777.55,3841.08,3760.38,25648.9
2019-01-15,3795.89,3976.66,3985.21,3779.8,55764.85
2019-01-16,3965.51,3982.96,4008.57,3940.75,42083.64
2019-01-17,3993.65,3972.55,4031.36,3953.13,30284.76
2019-01-18,4004.91,4109.64,4146.73,3985.21,68609.18
2019-01-21,4145.6,4128.61,4195.58,4099.91,47051.93
2019-01-22,4123.09,4038.68,4123.09,4006.15,42122.21
2019-01-23,4017.4,4008.62,4058.37,3994.39,33624.81
2019-01-24,4034.74,4047.12,4077.11,4003.11,29155.27
2019-01-25,4066.14,4087.64,4116.9,4032.65,28986.35
2019-01-28,4111.84,4072.44,4168.0,4066.98,36102.87
2019-01-29,4075.26,4117.46,4134.35,4021.79,30342.59
2019-01-30,4117.41,4066.81,4124.33,4066.81,22699.96
2019-01-31,4089.33,4143.35,4143.35,4075.59,36696.57
2019-02-01,4185.22,4160.63,4196.25,4143.41,30520.62
2019-02-11,4173.74,4344.26,4367.9,4135.36,58140.75
2019-02-12,4331.32,4302.73,4345.33,4287.42,35091.43
2019-02-13,4331.32,4400.26,4405.38,4298.79,35677.06
2019-02-14,4377.47,4411.01,4447.59,4371.5,32258.13
2019-02-15,4398.18,4341.34,4398.18,4331.43,23237.98
2019-02-18,4376.34,4426.99,4454.85,4376.34,37745.89
2019-02-19,4432.39,4374.99,4441.06,4351.92,29501.5
2019-02-20,4398.85,4325.69,4398.85,4292.26,37882.37
2019-02-21,4314.44,4315.84,4373.42,4297.55,29850.4
2019-02-22,4297.55,4348.26,4362.22,4281.23,25908.77
2019-02-25,4374.93,4440.1,4451.98,4303.12,82622.59
2019-02-26,4470.89,4355.8,4478.65,4348.2,57964.66
2019-02-27,4387.6,4430.93,4528.4,4376.34,65942.27
2019-02-28,4415.17,4511.46,4558.79,4409.83,56986.25
2019-03-01,4547.99,4704.44,4708.38,4545.17,63840.23
2019-03-04,4736.52,4662.57,4755.26,4636.46,84585.96
2019-03-05,4680.24,4650.86,4705.85,4628.92,44830.56
2019-03-06,4623.96,4584.57,4649.29,4572.64,46731.37
2019-03-07,4552.04,4475.39,4552.04,4458.28,60180.53
2019-03-08,4415.17,4412.92,4465.43,4391.25,52275.25
2019-03-11,4427.22,4531.33,4578.66,4427.22,53057.24
2019-03-12,4561.04,4455.19,4561.1,4421.36,52510.01
2019-03-13,4457.94,4505.78,4543.77,4457.94,40561.36
2019-03-14,4522.66,4640.85,4680.24,4505.78,62172.56
2019-03-15,4629.59,4636.91,4694.31,4566.84,52400.71
2019-03-18,4645.35,4821.44,4846.43,4635.22,81318.8
2019-03-19,4781.54,4723.07,4809.23,4721.32,40634.93
2019-03-20,4708.38,4724.14,4777.6,4680.24,31117.52
2019-03-21,4697.12,4684.46,4724.14,4660.54,32573.28
2019-03-22,4698.36,4730.89,4764.54,4680.24,30517.5
2019-03-25,4685.87,4627.34,4697.12,4614.4,37270.46
2019-03-26,4652.1,4612.71,4685.53,4562.62,37595.69
2019-03-27,4657.73,4699.94,4730.22,4623.96,42807.39
2019-03-28,4727.68,4802.93,4846.15,4684.07,57566.76
2019-03-29,4961.63,5068.5,5139.92,4934.45,90933.96
2019-04-01,5102.32,5096.7,5152.69,5051.67,60934.61
2019-04-02,5102.27,5046.05,5102.27,4967.59,53227.05
2019-04-03,4990.44,5015.09,5055.84,4957.18,43056.8
2019-04-04,4989.77,5130.46,5134.96,4968.38,55772.36
2019-04-08,5327.43,5328.56,5372.46,5271.83,66251.93
2019-04-09,5344.32,5355.57,5373.58,5285.28,47989.8
2019-04-10,5344.32,5597.51,5619.52,5327.43,67814.38
2019-04-11,5597.57,5469.25,5608.82,5358.67,61102.54
2019-04-12,5378.08,5406.22,5439.93,5327.49,48612.17
2019-04-15,5501.89,5366.83,5546.92,5366.83,45522.64
2019-04-16,5355.01,5551.98,5551.98,5334.3,46423.44
2019-04-17,5541.29,5620.08,5639.83,5468.13,40761.02
2019-04-18,5582.99,5583.5,5635.16,5531.27,19598.52
2019-04-19,5574.83,5623.23,5670.45,5503.64,32379.78
2019-04-22,5662.29,5604.32,5771.41,5555.98,40627.96
2019-04-23,5614.45,5749.23,5784.52,5604.32,48852.05
2019-04-24,5776.98,5721.38,5833.93,5615.69,45227.0
2019-04-25,5714.57,5622.16,5743.83,5615.69,39801.34
2019-04-26,5588.0,5580.68,5664.42,5580.68,43277.68
2019-04-29,5580.68,5732.46,5828.31,5524.41,52572.3
2019-04-30,5710.12,5743.89,5805.57,5682.6,35943.18
2019-05-06,5470.94,5361.2,5524.41,5288.04,135099.68
2019-05-07,5289.62,5271.16,5405.88,5159.84,100837.26
2019-05-08,5102.32,5239.64,5337.56,5102.32,81882.98
2019-05-09,5186.74,5095.63,5214.15,5003.84,91545.15
2019-05-10,5190.45,5367.5,5388.1,5148.41,79907.38
2019-05-13,5321.02,5282.41,5389.23,5237.39,46637.18
2019-05-14,5243.02,5251.85,5361.2,5175.48,59983.12
2019-05-15,5272.51,5479.38,5513.15,5272.51,63124.25
2019-05-16,5434.36,5495.76,5507.52,5355.57,44540.12
2019-05-17,5479.5,5365.65,5509.21,5328.0,49841.61
2019-05-20,5327.43,5242.79,5327.43,5164.23,44407.99
2019-05-21,5243.02,5299.29,5383.71,5169.97,42385.65
2019-05-22,5299.18,5259.9,5349.94,5214.88,32041.58
2019-05-23,5220.51,5107.95,5237.28,5081.05,58058.63
2019-05-24,5130.46,5206.44,5243.02,5127.31,44034.09
2019-05-27,5209.81,5209.25,5231.71,5102.6,39161.91
2019-05-28,5203.57,5259.9,5369.59,5186.85,74772.77
2019-05-29,5259.96,5394.46,5467.85,5259.96,65646.96
2019-05-30,5383.71,5357.26,5439.93,5278.02,40247.2
2019-05-31,5330.42,5271.16,5366.77,5271.16,35793.8
2019-06-03,5282.41,5282.41,5335.03,5250.22,34479.24
2019-06-04,5299.29,5188.43,5301.71,5164.23,39689.48
2019-06-05,5237.39,5167.61,5250.11,5158.6,34067.36
2019-06-06,5190.23,5114.31,5191.07,5091.07,34786.85
2019-06-10,5090.96,5164.68,5208.97,4989.77,55502.46
2019-06-11,5192.37,5388.72,5415.28,5186.74,80106.44
2019-06-12,5362.44,5365.14,5389.28,5293.67,37747.4
2019-06-13,5383.71,5383.71,5396.66,5310.55,32917.42
2019-06-14,5389.34,5400.59,5509.21,5383.82,42455.04
2019-06-17,5366.83,5392.72,5479.05,5361.31,32769.03
2019-06-18,5423.11,5423.11,5439.99,5342.07,29441.38
2019-06-19,5552.54,5507.58,5590.25,5507.58,53726.4
2019-06-20,5510.34,5749.52,5752.33,5508.65,67271.97
2019-06-21,5721.21,5756.83,5802.92,5690.42,45926.75
2019-06-24,5768.09,5817.61,5888.47,5749.52,45779.2
2019-06-25,5845.19,5794.43,5884.58,5704.49,51295.95
2019-06-26,5805.79,5776.87,5805.79,5728.24,29588.18
2019-06-27,5805.79,5869.67,5895.84,5783.96,47978.45
2019-06-28,5893.19,5881.99,5909.45,5810.68,31088.4
2019-07-01,5997.47,6151.33,6172.38,5973.27,52337.23
2019-07-02,6112.73,6112.73,6138.05,6062.08,39061.09
2019-07-03,6084.59,5903.94,6101.47,5867.92,67139.32
2019-07-04,5892.12,5866.23,5920.26,5810.07,46216.68
2019-07-05,5893.24,5971.02,6005.8,5838.65,50032.71
2019-07-08,5944.18,5886.83,5960.21,5831.34,33613.52
2019-07-09,5855.54,5837.3,5910.13,5793.91,31723.32
2019-07-10,5864.71,5873.66,5919.02,5842.59,28166.7
2019-07-11,5915.53,5867.92,5962.92,5836.97,30514.19
2019-07-12,5866.79,5893.75,5924.2,5859.53,28173.85
2019-07-15,5790.82,5836.57,5860.04,5697.0,59870.4
2019-07-16,5833.87,5791.94,5872.42,5775.06,33245.24
2019-07-17,5791.94,5766.62,5820.03,5758.91,25468.87
2019-07-18,5755.36,5676.57,5763.81,5674.77,39252.95
2019-07-19,5718.78,5723.68,5751.42,5679.39,28014.81
2019-07-22,5746.92,5730.15,5769.43,5692.05,28125.49
2019-07-23,5759.87,5713.04,5761.5,5656.09,32483.95
2019-07-24,5737.41,5670.16,5746.36,5660.76,46771.2
2019-07-25,5667.96,5763.81,5765.83,5623.96,38255.7
2019-07-26,5758.01,5775.23,5808.83,5738.76,26467.59
2019-07-29,5758.35,5839.27,5856.66,5746.98,26981.33
2019-07-30,5839.78,5853.46,5876.36,5808.83,19537.97
2019-07-31,5831.34,5817.83,5869.44,5784.01,22526.2
2019-08-01,5839.84,5742.98,5842.59,5707.64,35089.52
2019-08-02,5656.88,5715.69,5735.55,5651.25,39719.4
2019-08-05,5662.51,5648.04,5713.16,5634.37,36774.31
2019-08-06,5583.72,5669.82,5679.39,5543.2,43991.16
2019-08-07,5687.83,5662.51,5721.77,5662.51,26869.98
2019-08-08,5710.34,5812.65,5825.71,5701.9,38808.13
2019-08-09,5851.04,5758.35,5864.82,5741.24,28461.7
2019-08-12,6030.05,6076.88,6085.15,5943.95,81498.95
2019-08-13,6062.98,6073.05,6118.35,6032.14,30329.7
2019-08-14,6140.98,6215.88,6264.11,6140.98,41410.95
2019-08-15,6129.61,6224.72,6233.61,6129.61,27237.39
2019-08-16,6252.52,6279.31,6397.38,6202.77,36086.73
2019-08-19,6315.33,6286.51,6365.86,6248.07,32867.58
2019-08-20,6281.56,6365.98,6386.69,6253.42,28602.13
2019-08-21,6366.54,6343.47,6405.2,6319.04,25066.62
2019-08-22,6382.8,6557.32,6557.32,6365.98,37590.78
2019-08-23,6562.95,6704.21,6723.68,6510.16,40192.3
2019-08-26,6607.97,6551.41,6692.39,6516.13,48497.89
2019-08-27,6630.48,6585.46,6711.01,6585.46,52164.21
2019-08-28,6585.46,6535.43,6665.32,6439.19,47009.67
2019-08-29,6562.95,6608.53,6637.12,6492.6,29330.42
2019-08-30,6675.5,6771.18,6793.69,6664.25,44890.77
2019-09-02,6759.86,6752.94,6787.95,6698.01,28234.33
2019-09-03,6759.92,6759.92,6821.94,6695.54,29485.09
2019-09-04,6764.42,6675.56,6776.3,6647.98,33600.22
2019-09-05,6698.01,6782.43,6787.5,6692.39,32930.84
2019-09-06,6785.24,6773.93,6794.53,6709.27,26176.59
2019-09-09,6788.06,6740.34,6804.94,6731.78,29379.34
2019-09-10,6727.84,6669.03,6731.78,6647.42,26227.07
2019-09-11,6642.98,6363.27,6647.2,6354.72,81716.54
2019-09-12,6343.47,6529.18,6590.97,6343.47,41211.33
2019-09-16,6439.14,6529.18,6557.04,6439.14,31371.8
2019-09-17,6501.04,6501.1,6572.29,6461.65,25196.93
2019-09-18,6582.65,6810.01,6816.2,6580.84,69314.47
2019-09-19,6804.94,6788.06,6816.2,6743.6,24479.8
2019-09-20,6821.83,6857.96,6872.48,6802.63,37626.66
2019-09-23,6855.59,6810.57,6855.59,6709.27,30026.33
2019-09-24,6844.34,7007.54,7012.61,6827.45,36269.13
2019-09-25,6985.03,6951.26,7034.95,6931.57,24024.58
2019-09-26,6956.55,6911.87,7003.88,6865.78,26081.94
2019-09-27,6894.99,6955.48,7001.91,6833.08,22826.61
2019-09-30,6889.36,6816.2,6925.54,6816.2,30825.14
2019-10-08,6833.08,6912.43,6985.03,6827.51,31045.27
2019-10-09,6907.37,6798.25,6907.37,6732.06,35788.57
2019-10-10,6686.76,6844.34,6866.45,6585.57,41173.7
2019-10-11,6855.59,6954.64,6956.89,6828.63,28689.25
2019-10-14,7018.8,6985.03,7028.14,6928.75,27187.51
2019-10-15,6985.03,7159.49,7185.83,6968.32,40034.73
2019-10-16,6917.5,6928.75,7027.24,6872.48,59150.59
2019-10-17,6962.52,7003.77,7022.51,6886.54,30508.7
2019-10-18,6979.4,6961.34,7041.25,6938.26,28291.61
2019-10-21,6939.22,6920.31,6978.84,6891.05,25274.67
2019-10-22,6973.77,6933.25,6993.47,6894.37,19309.43
2019-10-23,6917.5,6866.34,6973.77,6850.58,23080.21
2019-10-24,6900.33,6817.72,6906.24,6800.21,26178.44
2019-10-25,6834.77,6936.35,6942.82,6776.97,25998.45
2019-10-28,6906.3,6975.41,6990.71,6900.61,22485.99
2019-10-29,6991.28,7058.19,7097.36,6972.48,27803.71
2019-10-30,7041.31,7006.42,7056.5,6962.52,21254.75
2019-10-31,7075.07,6985.09,7086.33,6963.36,25909.27
2019-11-01,6990.66,7013.17,7052.28,6942.82,22811.96
2019-11-04,7041.31,7095.28,7153.81,7035.68,26737.98
2019-11-05,7094.77,7091.96,7125.72,7052.56,22254.72
2019-11-06,7080.7,7058.19,7120.1,7035.0,19737.51
2019-11-07,7077.94,7105.3,7108.17,7035.68,16167.88
2019-11-08,7125.72,7125.72,7185.66,7106.08,24512.11
2019-11-11,7106.03,7091.96,7132.48,7061.06,17342.46
2019-11-12,7120.1,7106.59,7151.61,7087.51,19150.55
2019-11-13,7136.98,7232.65,7254.04,7097.59,31977.04
2019-11-14,7249.54,7266.42,7322.7,7221.4,23521.12
2019-11-15,7266.42,7237.72,7282.8,7218.58,16340.72
2019-11-18,7238.96,7251.11,7263.32,7198.89,18037.66
2019-11-19,7255.16,7279.48,7331.76,7238.39,20623.75
2019-11-20,7266.42,7287.52,7319.94,7255.5,15280.53
2019-11-21,7272.05,7273.73,7297.43,7216.11,19187.39
2019-11-22,7227.02,7063.82,7260.79,7013.17,47054.28
2019-11-25,7030.33,6996.62,7063.82,6940.35,38281.75
2019-11-26,7022.62,7013.17,7089.71,7001.91,40239.61
2019-11-27,7057.07,7041.03,7078.56,7010.41,19848.81
2019-11-28,7069.28,6961.39,7083.57,6923.24,28844.99
2019-11-29,6903.43,6698.01,6903.43,6607.35,82397.32
2019-12-02,6637.23,6720.53,6760.03,6637.23,30784.41
2019-12-03,6720.53,6636.11,6720.53,6634.65,27340.93
2019-12-04,6759.92,6660.48,6786.15,6636.11,35283.08
2019-12-05,6675.5,6702.52,6714.95,6636.11,21338.79
2019-12-06,6737.24,6928.75,6928.75,6704.21,39506.26
2019-12-09,6956.89,6865.16,6962.52,6850.53,21824.12
2019-12-10,6870.22,6897.24,6900.61,6821.83,15086.58
2019-12-11,6917.5,6866.73,6932.97,6847.43,14567.99
2019-12-12,6849.96,6743.04,6872.14,6704.09,29409.16
2019-12-13,6793.69,6889.36,6900.61,6793.69,30000.59
2019-12-16,6889.36,6804.49,6889.36,6748.33,30936.42
2019-12-17,6814.51,6928.64,6949.01,6776.97,42616.96
2019-12-18,6951.26,6917.5,6958.02,6894.99,19640.09
2019-12-19,6889.36,6857.84,6889.36,6827.45,19552.3
2019-12-20,6884.74,6795.38,6884.74,6768.36,23563.84
2019-12-23,6754.29,6812.26,6886.54,6737.41,25919.18
2019-12-24,6833.08,6804.94,6844.34,6788.06,11823.1
2019-12-25,6776.8,6724.46,6776.8,6703.7,24305.97
2019-12-26,6714.9,6732.34,6771.06,6647.31,22877.27
2019-12-27,6816.2,6889.36,6940.01,6816.2,47066.28
2019-12-30,6929.88,7017.67,7072.26,6929.88,40760.66
2019-12-31,7001.91,7001.91,7030.05,6965.39,22588.81
2020-01-02,6692.39,6703.64,6788.4,6624.85,148099.16
2020-01-03,6630.48,6414.15,6630.48,6404.81,130318.78
2020-01-06,6370.82,6410.94,6494.85,6350.78,63414.78
2020-01-07,6408.18,6504.03,6529.18,6401.99,47853.59
2020-01-08,6450.67,6468.06,6509.48,6436.77,25008.25
2020-01-09,6501.04,6550.0,6565.14,6478.53,37405.87
2020-01-10,6585.46,6605.16,6624.8,6548.88,35975.87
2020-01-13,6605.16,6671.4,6699.14,6602.34,38515.75
2020-01-14,6671.0,6576.45,6674.88,6551.69,35144.65
2020-01-15,6585.52,6603.07,6656.37,6562.95,26029.11
2020-01-16,6641.0,6574.2,6641.0,6549.33,23191.65
2020-01-17,6591.09,6577.02,6606.73,6540.49,23472.75
2020-01-20,6601.55,6484.16,6601.55,6433.51,35391.3
2020-01-21,6427.88,6395.8,6461.65,6378.92,32874.05
2020-01-22,6365.98,6396.99,6444.77,6283.7,36200.04
2020-01-23,6399.74,6269.18,6399.74,6180.26,53468.43
2020-02-03,5887.62,5994.09,6032.14,5859.48,123442.88
2020-02-04,6056.45,6185.94,6292.82,6033.99,62624.18
2020-02-05,6253.42,6253.36,6275.93,6157.92,47418.24
2020-02-06,6306.49,6371.6,6394.12,6264.79,47171.21
2020-02-07,6366.03,6399.74,6405.37,6315.44,31278.71
2020-02-10,6320.95,6346.22,6391.86,6293.94,30533.42
2020-02-11,6326.58,6523.55,6533.01,6325.46,47917.93
2020-02-12,6472.9,6519.45,6528.0,6455.35,28125.43
2020-02-13,6523.55,6484.16,6612.98,6467.33,30357.36
2020-02-14,6481.06,6467.28,6498.29,6439.76,23287.6
2020-02-17,6436.32,6500.03,6513.37,6435.76,27028.22
2020-02-18,6478.59,6444.77,6517.25,6439.14,26664.96
2020-02-19,6450.39,6515.11,6543.25,6411.0,37051.47
2020-02-20,6516.24,6636.11,6669.88,6508.98,46802.62
2020-02-21,6599.3,6607.29,6667.29,6591.14,28940.08
2020-02-24,6565.76,6462.66,6591.09,6453.21,38650.36
2020-02-25,6411.0,6393.05,6434.02,6354.05,38385.62
2020-02-26,6320.95,6386.8,6444.77,6281.56,43560.97
2020-02-27,6399.74,6463.84,6506.61,6399.74,34498.29
2020-02-28,6367.66,6292.82,6433.51,6253.25,49946.57
2020-03-02,6254.04,6456.08,6515.39,6253.48,47663.04
2020-03-03,6523.55,6607.97,6641.06,6523.55,50250.15
2020-03-04,6675.5,6697.56,6754.29,6626.2,53792.99
2020-03-05,6739.15,6934.38,6956.84,6706.79,62426.45
2020-03-06,6889.36,6847.15,6962.52,6827.34,30641.0
2020-03-09,6731.78,6613.65,6731.78,6598.46,43404.09
2020-03-10,6607.97,6849.96,6917.5,6607.97,58062.93
2020-03-11,6847.15,6864.15,6926.39,6765.55,35547.57
2020-03-12,6766.79,6751.48,6833.08,6676.07,36630.63
2020-03-13,6478.53,6602.51,6697.9,6422.25,75885.31
2020-03-16,6557.21,6349.09,6579.55,6320.95,51232.54
2020-03-17,6281.56,6225.84,6411.0,6034.61,79359.12
2020-03-18,6197.14,6017.0,6309.7,6017.0,73459.88
2020-03-19,5938.21,5949.52,6056.45,5747.48,102265.07
2020-03-20,6033.94,6170.58,6214.03,6033.94,60139.19
2020-03-23,5972.03,6078.96,6170.58,5924.31,48472.1
2020-03-24,6214.03,6287.19,6303.4,6169.0,46650.96
2020-03-25,6467.16,6422.82,6486.19,6389.61,37048.66
2020-03-26,6384.72,6337.39,6485.28,6320.95,30048.56
2020-03-27,6450.39,6396.93,6489.79,6394.17,36261.12
2020-03-30,6311.11,6377.23,6405.37,6292.82,30687.41
2020-03-31,6433.51,6596.71,6619.23,6432.38,47984.37
2020-04-01,6630.48,6551.69,6698.01,6551.69,33205.35
2020-04-02,6557.32,6788.06,6788.06,6556.65,45205.61
2020-04-03,6754.46,6758.74,6804.72,6714.79,27617.61
2020-04-07,6883.45,6872.19,6909.06,6809.95,43488.0
2020-04-08,6827.45,6871.12,6907.99,6827.45,24224.42
2020-04-09,6906.24,6864.03,6923.13,6804.72,22816.97
2020-04-10,6860.54,6900.61,6993.47,6835.89,27804.34
2020-04-13,6900.61,6885.42,6928.64,6807.76,15981.47
2020-04-14,6962.52,7013.73,7050.03,6906.24,36799.55
2020-04-15,7052.56,7039.06,7120.04,7024.99,29332.29
2020-04-16,7058.02,7081.27,7081.27,7008.1,21727.74
2020-04-17,7153.86,7243.91,7292.08,7125.78,38245.69
2020-04-20,7215.77,7251.22,7274.86,7192.13,24238.64
2020-04-21,7215.88,7097.59,7232.6,7058.19,29224.22
2020-04-22,7131.35,7348.02,7376.16,7110.08,44034.73
2020-04-23,7378.97,7391.69,7467.22,7366.42,26898.51
2020-04-24,7367.72,7382.13,7434.63,7295.57,19122.4
2020-04-27,7418.37,7525.3,7537.51,7384.38,25903.91
2020-04-28,7577.69,7542.91,7660.02,7502.11,34661.9
2020-04-29,7535.43,7519.11,7593.39,7424.0,23444.06
2020-04-30,7497.16,7467.33,7576.0,7428.95,24660.87
2020-05-06,7384.6,7660.36,7660.36,7378.97,35834.81
2020-05-07,7656.99,7727.9,7744.72,7620.97,27934.74
2020-05-08,7756.03,7742.58,7874.22,7708.25,29078.68
2020-05-11,7772.92,7789.86,7857.33,7737.29,23671.19
2020-05-12,7761.66,7846.08,7857.28,7750.41,19721.81
2020-05-13,7846.08,7862.68,7874.16,7789.13,22014.31
2020-05-14,7829.2,7810.0,7856.66,7801.68,18574.92
2020-05-15,7823.57,7733.52,7848.89,7670.94,26398.08
2020-05-18,7694.13,7920.42,7950.19,7689.23,34362.11
2020-05-19,8020.54,7919.86,8020.54,7874.22,24787.46
2020-05-20,7919.86,7947.38,7993.41,7867.52,21183.4
2020-05-21,7969.89,8032.36,8065.34,7957.85,23051.58
2020-05-22,8031.79,7819.07,8032.36,7789.13,34427.46
2020-05-25,7829.2,8014.35,8035.06,7778.55,31561.0
2020-05-26,8053.63,7986.77,8054.02,7969.89,22470.19
2020-05-27,7992.4,7874.22,7998.03,7846.08,26777.41
2020-05-28,7874.05,7907.98,7924.53,7779.28,26485.91
2020-05-29,7841.01,8035.17,8054.19,7841.01,30444.35
2020-06-01,8116.21,8332.88,8336.26,8116.21,35479.76
2020-06-02,8313.24,8283.41,8380.15,8260.62,25960.1
2020-06-03,8307.56,8219.2,8321.63,8199.33,23557.36
2020-06-04,8200.63,8268.1,8285.04,8200.63,18037.41
2020-06-05,8252.68,8363.83,8385.67,8229.22,18347.06
2020-06-08,8363.83,8257.47,8420.11,8234.45,29300.45
2020-06-09,8268.16,8316.28,8363.83,8226.97,22611.91
2020-06-10,8363.83,8356.29,8410.71,8318.81,22700.74
2020-06-11,8285.1,8225.73,8324.38,8206.2,30711.71
2020-06-12,8150.93,8315.27,8315.27,8129.21,28427.42
2020-06-15,8234.39,8127.47,8288.42,8116.21,34615.41
2020-06-16,8214.7,8244.97,8301.93,8184.48,29206.64
2020-06-17,8289.88,8251.28,8290.11,8195.11,19453.07
2020-06-18,8250.71,8296.3,8297.43,8223.7,21010.41
2020-06-19,8335.69,8447.35,8477.51,8308.12,38958.33
2020-06-22,8420.67,8442.62,8470.14,8409.98,23247.0
2020-06-23,8420.11,8642.41,8684.62,8411.78,33934.26
2020-06-24,8676.88,8656.67,8688.75,8572.2,25138.99
2020-06-29,8589.09,8674.46,8690.38,8527.24,28080.61
2020-06-30,8674.18,8672.83,8707.16,8629.15,22446.14
2020-07-01,8701.64,8849.48,8916.06,8679.24,38682.49
2020-07-02,8876.1,9129.35,9168.18,8853.59,45883.72
2020-07-03,9163.12,9116.91,9177.19,8976.72,35125.81
2020-07-06,9095.58,9444.5,9534.55,9060.75,51821.96
2020-07-07,9461.89,9939.75,10259.52,9450.13,66663.93
2020-07-08,9894.73,9902.27,10114.21,9782.17,53169.98
2020-07-09,9956.63,10041.05,10074.81,9905.98,35033.24
2020-07-10,9945.38,10085.23,10213.26,9945.04,37100.44
2020-07-13,10089.9,10468.7,10496.9,10089.9,60727.16
2020-07-14,10468.7,10356.2,10468.93,10279.67,46093.51
2020-07-15,10259.86,10302.91,10472.13,10258.9,40712.94
2020-07-16,10175.61,9523.29,10175.61,9444.5,102242.19
2020-07-17,9557.06,9714.92,9853.02,9557.06,65902.06
2020-07-20,9739.96,9652.51,9804.63,9381.92,45280.33
2020-07-21,9706.98,9827.19,10023.04,9618.91,41969.5
2020-07-22,9770.92,9883.92,10063.56,9770.92,39201.21
2020-07-23,9849.7,9872.21,9956.63,9725.89,34320.52
2020-07-24,9753.19,9418.05,9815.94,9360.09,78752.01
2020-07-27,9534.61,9571.41,9612.21,9444.5,38788.17
2020-07-28,9613.34,9838.45,9894.73,9613.34,54911.52
2020-07-29,9951.0,9849.7,9951.0,9630.22,50748.43
2020-07-30,9845.2,9894.73,10010.6,9841.26,38373.04
2020-07-31,9922.87,9884.48,10035.42,9703.38,40684.74
2020-08-03,9933.45,9827.19,9988.03,9782.17,34661.14
2020-08-04,9866.59,9838.39,9911.55,9782.17,31940.51
2020-08-05,9793.93,9827.19,9855.84,9688.24,25521.69
2020-08-06,9838.45,9658.13,9861.13,9613.34,32648.78
2020-08-07,9696.46,9618.97,9724.04,9436.06,34242.05
2020-08-10,9601.91,9635.79,9697.53,9490.15,23623.54
2020-08-11,9669.62,9683.74,9818.36,9669.62,35818.18
2020-08-12,9630.22,9596.17,9675.24,9474.05,27933.92
2020-08-13,9613.34,9641.48,9663.31,9495.16,20541.34
2020-08-14,9669.05,9787.8,9814.25,9618.97,37653.18
2020-08-17,9860.96,9951.0,10031.76,9838.45,43572.01
2020-08-18,9992.54,10035.42,10119.84,9956.63,30422.81
2020-08-19,10007.28,9934.12,10102.95,9911.55,26914.98
2020-08-20,9860.96,9804.68,9889.1,9759.66,22382.33
2020-08-21,9855.33,9872.21,9996.03,9844.08,25082.41
2020-08-24,10007.28,9986.74,10052.3,9956.69,30933.44
2020-08-25,10034.29,10159.23,10270.55,9999.57,41872.49
2020-08-26,10198.63,10159.23,10260.53,10091.81,26215.73
2020-08-27,10187.31,10181.74,10198.51,10035.42,22635.53
2020-08-28,10181.74,10328.06,10367.46,10128.28,42299.62
2020-08-31,10404.49,10494.08,10660.1,10404.49,47810.36
2020-09-01,10525.04,10581.2,10581.31,10429.42,31639.92
2020-09-02,10710.75,10541.92,10727.64,10401.23,32009.29
2020-09-03,10541.92,10530.66,10637.59,10455.81,30437.35
2020-09-04,10378.71,10401.23,10440.56,10266.16,30857.96
2020-09-07,10344.95,10139.53,10446.19,10029.62,31112.02
2020-09-08,10187.37,10071.44,10220.01,9878.24,34472.38
2020-09-09,10005.42,9939.75,10069.19,9894.95,25963.55
2020-09-10,10028.33,10039.92,10119.84,10007.28,24778.33
2020-09-11,9939.75,10193.0,10209.88,9939.75,31088.0
2020-09-14,10260.53,10378.71,10395.6,10179.38,31056.01
2020-09-15,10401.17,10344.95,10401.17,10276.01,20820.87
2020-09-16,10344.95,10148.54,10372.02,10114.21,22515.98
2020-09-17,10007.28,9841.38,10007.28,9770.92,63679.85
2020-09-18,9810.31,9979.14,9979.14,9641.53,47201.4
2020-09-21,9966.54,9820.44,9966.54,9819.65,22444.07
2020-09-22,9725.89,9814.19,9934.01,9725.89,23265.47
2020-09-23,9641.48,9725.78,9815.99,9562.8,35725.52
2020-09-24,9646.94,9609.51,9775.87,9595.33,30050.78
2020-09-25,9613.34,9642.1,9725.89,9585.2,22582.96
2020-09-28,9642.55,9787.8,9830.01,9642.55,24232.22
2020-09-29,9834.68,9738.84,9835.07,9738.84,17430.78
2020-09-30,9782.17,9830.01,9961.7,9782.17,27087.81
2020-10-09,9962.26,9984.77,10043.41,9939.75,34239.88
2020-10-12,10007.28,10292.1,10292.1,10007.28,43729.04
2020-10-13,10292.16,10226.76,10292.16,10204.25,22943.89
2020-10-14,10232.39,10170.49,10271.67,10153.6,20481.39
2020-10-15,10126.2,10147.98,10204.25,10125.46,16204.36
2020-10-16,10147.98,10074.81,10201.89,10024.17,17377.38
2020-10-19,10147.98,10001.65,10198.51,9961.7,19226.32
2020-10-20,10007.23,10198.63,10204.09,9979.14,27734.93
2020-10-21,10199.19,10194.85,10244.49,10136.72,18901.37
2020-10-22,10176.11,10246.46,10260.53,10094.57,22480.87
2020-10-23,10236.78,10093.56,10275.11,10086.07,19291.69
2020-10-26,9551.43,9686.5,9798.6,9444.5,66015.29
2020-10-27,9686.5,9585.2,9692.13,9535.22,43944.4
2020-10-28,9590.83,9809.24,9877.84,9585.65,34636.53
2020-10-29,9753.13,9872.21,10052.3,9709.01,39373.76
2020-10-30,9883.47,9838.56,9984.77,9810.31,26055.45
2020-11-02,9866.59,9861.02,9979.14,9849.7,21066.43
2020-11-03,9922.81,9979.14,10040.49,9869.4,23497.49
2020-11-04,10007.28,10004.92,10029.79,9922.87,16443.71
2020-11-05,10102.95,10130.53,10190.07,10075.38,23524.14
2020-11-06,10179.21,10010.77,10185.06,9951.0,23051.53
2020-11-09,10015.05,10246.86,10292.5,10010.77,41469.7
2020-11-10,10305.1,10260.53,10370.16,10209.88,30189.44
2020-11-11,10260.53,10183.71,10443.43,10181.74,34850.73
2020-11-12,10176.17,10203.07,10288.67,10132.61,23473.09
2020-11-13,10142.35,10035.42,10169.81,9956.63,28155.48
2020-11-16,10069.19,10176.4,10176.4,9991.86,30613.49
2020-11-17,10232.39,10096.2,10245.62,10013.3,25224.03
2020-11-18,10091.7,9971.54,10122.82,9912.51,35178.95
2020-11-19,9920.05,10120.91,10147.98,9898.1,27815.76
2020-11-20,10119.84,10119.61,10209.88,10078.47,21874.66
2020-11-23,10406.91,10514.96,10625.77,10406.91,66637.24
2020-11-24,10401.17,10364.64,10471.57,10296.94,32465.36
2020-11-25,10353.39,10158.56,10394.92,10142.35,28226.32
2020-11-26,10153.6,10200.82,10232.34,10148.99,23228.3
2020-11-27,10191.08,10220.57,10232.56,10108.58,21568.61
2020-11-30,10204.25,10085.56,10226.2,10085.56,31940.07
2020-12-01,10153.6,10215.51,10226.71,10119.89,28196.2
2020-12-02,10266.16,10221.19,10283.04,10181.74,23571.69
2020-12-03,10221.19,10283.04,10320.52,10187.93,29505.78
2020-12-04,10299.93,10531.28,10570.62,10299.93,62491.19
2020-12-07,10585.25,10639.84,10797.36,10573.15,58331.33
2020-12-08,10654.47,10851.45,10992.14,10643.22,61454.0
2020-12-09,10941.21,10795.17,10941.49,10789.54,31152.12
2020-12-10,10795.17,10755.21,10850.15,10727.64,32653.54
2020-12-11,10765.79,10682.61,10780.09,10597.13,30775.79
2020-12-14,10726.34,10733.26,10738.78,10654.47,33052.0
2020-12-15,10758.59,10660.16,10779.52,10598.2,29604.97
2020-12-16,10741.71,10795.17,10827.08,10683.79,32150.16
2020-12-17,10826.12,10938.73,10952.75,10795.17,36030.64
2020-12-18,10861.63,10823.31,10958.43,10801.25,27076.98
2020-12-21,10795.17,10809.24,10858.37,10781.66,30696.72
2020-12-22,10851.28,11025.91,11127.15,10809.29,40650.6
2020-12-23,11121.52,10804.46,11167.73,10688.35,47706.09
2020-12-24,10671.36,10740.8,10901.42,10542.03,37857.14
2020-12-25,10586.88,10738.89,10834.56,10570.06,23088.05
2020-12-28,10719.76,10980.88,11069.8,10716.66,30080.37
2020-12-29,10980.88,10947.12,11058.55,10879.59,22867.59
2020-12-30,10964.0,11318.55,11318.55,10963.95,34452.1
2020-12-31,11363.57,11684.36,11689.87,11352.32,38860.07
2021-01-04,11695.5,11678.73,11723.69,11604.5,43514.0
2021-01-05,11639.33,12030.18,12030.18,11596.9,52116.05
2021-01-06,12060.29,12258.39,12399.08,11898.38,47410.2
2021-01-07,12241.5,12483.5,12483.5,12117.69,37931.39
2021-01-08,12494.75,12202.11,12544.73,12050.27,53861.64
2021-01-11,12202.11,12256.87,12542.59,12025.4,51079.9
2021-01-12,12190.85,12601.12,12601.12,12173.97,41058.59
2021-01-13,12618.56,12618.56,12671.07,12455.36,34389.93
2021-01-14,12573.54,12449.73,12612.94,12349.05,36152.2
2021-01-15,12342.8,12157.09,12451.7,11858.82,59509.39
2021-01-18,12039.24,12050.16,12210.44,11922.24,39144.04
2021-01-19,12107.06,11748.57,12237.57,11734.16,46345.19
2021-01-20,11740.63,11924.27,12007.9,11597.13,45082.42
2021-01-21,11965.74,12089.55,12202.22,11926.35,38310.17
2021-01-22,12083.93,12145.55,12258.39,12033.84,29247.61
2021-01-25,12162.72,12680.47,12705.79,12162.72,55957.16
2021-01-26,12736.75,12494.13,12748.0,12399.7,31747.46
2021-01-27,12494.13,12196.48,12494.13,12173.97,37120.17
2021-01-28,12145.83,12190.85,12312.75,12033.39,35128.64
2021-01-29,12265.09,12349.45,12536.85,12203.35,33701.33
2021-02-01,12427.22,12310.84,12596.05,12230.25,29340.59
2021-02-02,12327.16,12511.64,12539.72,12270.21,34582.25
2021-02-03,12539.78,12764.38,12811.43,12483.5,38714.15
2021-02-04,12770.51,13501.28,13552.77,12770.51,63851.01
2021-02-05,13524.64,13457.1,13747.5,13333.29,39729.06
2021-02-08,13592.17,13771.13,13827.86,13457.1,35785.73
2021-02-09,13771.13,14264.29,14264.29,13665.33,33296.55
2021-02-10,14425.08,15077.9,15079.02,14425.08,61370.57
2021-02-18,15004.63,14346.29,15229.17,14312.52,65912.32
2021-02-19,14234.63,14284.38,14490.7,13843.17,59385.46
2021-02-22,14256.25,13316.52,14256.25,13261.37,78935.47
2021-02-23,13187.76,13423.34,13636.57,13186.97,57454.6
2021-02-24,13428.91,12759.26,13485.24,12598.87,82115.78
2021-02-25,12871.81,12539.78,12959.04,12377.75,59726.43
2021-02-26,12258.39,12386.59,12708.33,12074.36,66525.06
2021-03-01,12702.98,12584.8,12702.98,12370.94,44916.26
2021-03-02,12708.61,12022.02,12708.61,11881.33,70764.5
2021-03-03,11920.72,12483.5,12538.48,11881.33,54215.46
2021-03-04,12230.25,11881.33,12235.88,11752.45,65088.29
2021-03-05,11695.61,12033.9,12230.25,11628.08,63779.2
2021-03-08,12117.47,11470.5,12173.97,11470.5,63099.59
2021-03-09,11442.36,11341.01,11695.61,11133.85,82265.81
2021-03-10,11566.17,11526.84,11694.88,11509.89,51171.74
2021-03-11,11554.92,11965.74,12145.78,11478.83,56768.97
2021-03-12,12089.55,11841.93,12128.95,11706.92,40322.51
2021-03-15,11977.0,11557.45,12088.43,11420.7,62484.87
2021-03-16,11554.52,11754.7,11808.11,11498.64,34648.5
2021-03-17,11695.61,11866.47,11977.0,11560.6,31374.91
2021-03-18,11892.58,12087.87,12181.63,11892.58,33864.88
2021-03-19,11892.58,11751.89,11937.61,11651.88,35780.77
2021-03-22,11696.17,11639.28,11842.44,11445.46,36914.07
2021-03-23,11689.31,11673.1,11745.14,11526.78,27446.19
2021-03-24,11588.68,11633.71,11768.77,11588.68,29357.39
2021-03-25,11526.84,11532.41,11633.03,11396.21,31575.23
2021-03-26,11611.19,11768.77,11819.42,11459.25,50016.42
2021-03-29,11938.73,11887.52,12237.85,11842.78,56992.2
2021-03-30,11920.72,12011.05,12179.6,11893.03,32626.97
2021-03-31,11949.42,11746.26,11954.6,11695.61,37154.41
2021-04-01,11813.79,11946.05,11958.99,11702.48,26587.63
2021-04-02,12010.77,12607.31,12624.19,12010.77,52027.57
2021-04-06,12601.68,12404.88,12607.2,12271.33,32741.77
2021-04-07,12281.24,12038.91,12355.75,11977.0,40200.97
2021-04-08,11960.29,12089.55,12140.21,11943.23,28547.62
2021-04-09,11931.98,11808.17,11999.51,11723.81,28808.86
2021-04-12,11757.52,11745.64,11864.44,11648.9,31943.07
2021-04-13,11808.17,11813.79,11975.87,11746.26,28992.15
2021-04-14,11892.58,11960.12,11965.74,11785.66,24114.65
2021-04-15,11869.51,11783.4,11959.55,11639.33,34366.21
2021-04-16,11836.76,12005.03,12078.3,11763.14,30293.7
2021-04-19,12005.14,12190.85,12249.16,11881.33,31753.91
2021-04-20,12095.75,12229.12,12421.59,12089.55,28290.37
2021-04-21,12123.32,12145.83,12246.01,12061.98,26149.75
2021-04-22,12201.55,12007.95,12252.76,11985.44,26850.02
2021-04-23,12010.6,12308.7,12370.27,11991.07,33462.77
2021-04-26,12438.48,12133.56,12455.36,12109.81,34045.11
2021-04-27,12185.68,12227.1,12231.66,12061.92,22107.85
2021-04-28,11751.89,11931.98,11962.93,11712.49,81342.95
2021-04-29,11960.34,11843.96,11976.66,11774.4,41283.78
2021-04-30,11841.93,11733.77,11898.21,11716.49,38401.37
2021-05-06,11695.61,11464.87,11734.11,11431.11,53546.14
2021-05-07,11498.64,11149.72,11515.41,11138.46,52493.39
2021-05-10,11132.84,11014.82,11183.48,10941.55,46003.18
2021-05-11,10997.77,11464.87,11504.27,10982.57,42494.12
2021-05-12,11409.05,11605.57,11689.98,11408.59,32698.87
2021-05-13,11502.86,11535.22,11611.48,11431.11,25077.51
2021-05-14,11594.31,11751.04,11867.26,11560.54,35611.29
2021-05-17,11836.87,12021.8,12175.1,11836.87,44524.0
2021-05-18,12061.42,12029.39,12128.95,11949.2,17504.28
2021-05-19,12027.65,11971.37,12116.62,11920.72,22409.72
2021-05-20,12112.07,12026.97,12112.63,11950.89,21857.16
2021-05-21,12005.59,11932.54,12145.16,11903.95,24248.23
2021-05-24,11982.63,12096.81,12146.17,11870.07,32548.08
2021-05-25,12173.97,12790.21,12821.73,12173.97,67756.95
2021-05-26,12866.07,12933.72,13056.41,12782.22,38604.2
2021-05-27,12883.18,13074.41,13496.5,12827.36,45373.38
2021-05-28,13051.73,12990.0,13102.55,12852.17,25807.31
2021-05-31,12908.39,12922.46,12924.43,12663.59,31739.0
2021-06-01,12944.98,13051.62,13096.64,12854.93,30616.34
2021-06-02,13102.55,12944.98,13181.34,12867.2,22862.77
2021-06-03,12933.72,12946.21,13160.74,12877.89,23450.31
2021-06-04,12905.58,13110.99,13316.41,12900.18,31422.19
2021-06-07,13186.97,13220.74,13265.76,13046.33,25466.27
2021-06-08,13158.83,12770.51,13271.33,12602.53,47313.63
2021-06-09,12776.14,12818.35,12899.95,12596.67,25502.35
2021-06-10,12793.03,13037.72,13110.26,12765.34,25566.63
2021-06-11,13040.65,12701.91,13068.79,12701.91,33970.66
2021-06-15,12793.59,12781.77,12871.14,12528.52,29361.3
2021-06-16,12776.14,12584.8,12793.03,12528.52,27593.15
2021-06-17,12571.57,12578.66,12753.63,12508.04,21067.53
2021-06-18,12522.89,12207.4,12576.36,12061.42,54028.21
2021-06-21,12173.97,12155.06,12256.64,11977.0,35488.26
2021-06-22,12213.37,12117.52,12247.13,11998.89,33228.18
2021-06-23,12145.83,11909.47,12162.72,11887.8,37079.01
2021-06-24,11920.78,12078.58,12145.83,11813.79,31473.7
2021-06-25,12085.35,12321.94,12417.61,12043.93,35875.43
2021-06-28,12366.96,12383.9,12468.26,12215.01,27452.42
2021-06-29,12411.99,12153.11,12451.38,12091.2,33030.63
2021-06-30,12169.99,12123.28,12220.64,12064.75,21915.66
2021-07-01,12141.68,12395.1,12423.24,11982.03,33701.24
2021-07-02,12226.27,11877.35,12226.27,11868.91,46275.31
2021-07-05,11804.19,11770.42,11916.07,11719.77,34420.95
2021-07-06,11776.05,11876.79,11882.98,11579.13,35282.51
2021-07-07,11860.47,11826.7,11966.72,11798.62,28122.12
2021-07-08,11804.75,11719.77,11826.7,11624.1,35516.69
2021-07-09,11604.51,11647.23,11724.89,11494.66,30907.9
2021-07-12,11666.59,11584.71,11797.32,11469.34,39010.24
2021-07-13,11624.1,11707.95,11835.14,11607.22,29924.71
2021-07-14,11657.87,11590.33,11660.68,11494.66,30770.69
2021-07-15,11551.05,11792.88,11877.35,11526.18,42190.05
2021-07-16,11691.63,11556.0,11785.05,11522.8,35407.64
2021-07-19,11555.95,11663.49,11725.4,11472.15,30052.34
2021-07-20,11663.49,11691.63,11741.89,11587.01,23475.21
2021-07-21,11742.28,11629.73,11837.95,11590.39,29780.13
2021-07-22,11579.08,11466.58,11657.3,11460.67,39090.47
2021-07-23,11454.25,11241.41,11454.25,11213.78,47585.47
2021-07-26,11123.23,10701.76,11123.23,10566.08,98619.48
2021-07-27,10695.52,10188.4,10734.91,10132.74,86576.99
2021-07-28,10132.74,10503.61,10612.23,10015.23,85368.84
2021-07-29,10734.97,10396.06,10808.07,10309.12,63863.85
2021-07-30,10256.55,9997.62,10256.55,9878.14,77735.89
2021-08-02,9913.26,10425.38,10430.9,9669.69,97400.65
2021-08-03,10284.69,10393.31,10504.12,10052.83,54374.75
2021-08-04,10307.54,10250.92,10453.52,10217.16,38175.49
2021-08-05,10075.79,10110.23,10369.11,9982.82,48059.69
2021-08-06,10053.95,9952.65,10082.15,9815.34,45686.1
2021-08-09,9840.1,10080.97,10166.51,9834.47,47697.75
2021-08-10,10115.86,10673.01,10694.84,9975.16,83285.05
2021-08-11,10566.14,10400.06,10594.27,10397.3,38662.59
2021-08-12,10295.95,10059.58,10391.62,10038.14,47550.97
2021-08-13,10059.58,10116.08,10189.02,9997.67,37904.52
2021-08-16,10093.35,10111.36,10192.4,10031.89,28056.97
2021-08-17,10115.86,9750.05,10115.86,9715.61,61200.77
2021-08-18,9691.86,9665.64,9795.02,9553.08,59970.26
2021-08-19,9678.13,9665.47,9796.2,9553.08,41291.95
2021-08-20,9300.79,9260.44,9539.29,9133.81,114544.54
2021-08-23,9203.48,9385.32,9547.45,9197.24,71597.2
2021-08-24,9412.39,9694.79,9792.54,9360.44,72594.47
2021-08-25,9821.19,9919.0,10008.2,9795.08,54238.9
2021-08-26,9918.83,9524.94,9918.83,9523.37,54020.37
2021-08-27,9491.18,9530.74,9693.78,9463.6,36095.45
2021-08-30,9581.22,9474.29,9626.24,9248.9,51587.7
2021-08-31,9495.68,9316.71,9645.1,9300.39,43677.09
2021-09-01,9322.34,9676.95,9750.0,9165.33,77316.1
2021-09-02,9738.74,9658.88,9795.08,9558.09,42836.79
2021-09-03,9609.47,9880.73,9889.57,9451.78,52835.18
2021-09-06,9828.84,9950.8,10161.78,9700.25,55338.06
2021-09-07,9896.54,9941.4,10028.51,9840.1,31211.22
2021-09-08,9890.75,9739.36,9953.67,9711.11,33063.67
2021-09-09,9699.4,9744.88,9806.33,9688.2,19950.13
2021-09-10,9744.88,9905.27,9940.27,9738.8,33388.11
2021-09-13,9918.89,9856.98,10025.81,9778.75,27720.02
2021-09-14,9885.12,9873.86,10020.19,9851.35,33760.61
2021-09-15,9834.47,9641.66,9890.75,9609.36,41570.05
2021-09-16,9569.96,9767.33,9800.7,9468.67,45968.02
2021-09-17,9665.64,10037.07,10147.37,9665.64,55130.25
2021-09-22,9884.16,9765.19,10048.33,9750.05,31743.0
2021-09-23,9766.94,9750.05,9867.56,9694.23,30341.81
2021-09-24,9710.66,10082.09,10228.3,9710.66,69536.6
2021-09-27,10397.25,10988.16,11035.43,10397.25,126868.92
2021-09-28,10948.77,10802.78,11016.3,10650.5,49221.05
2021-09-29,10729.28,10791.19,10931.94,10599.28,43290.65
2021-09-30,10780.95,10847.47,10961.26,10697.77,40539.29
2021-10-08,10804.81,10901.49,11117.6,10719.32,47451.96
2021-10-11,10900.99,11056.37,11184.57,10853.15,37675.57
2021-10-12,11050.07,11078.15,11111.97,10917.36,30606.42
2021-10-13,11072.58,11409.68,11522.52,11027.56,50142.61
2021-10-14,11404.22,11303.32,11476.65,11218.9,26622.55
2021-10-15,11185.7,11336.91,11410.19,11185.7,28560.78
2021-10-18,11173.88,10678.63,11173.88,10605.47,69652.02
2021-10-19,10678.63,10747.18,10896.99,10677.96,40314.56
2021-10-20,10864.35,10909.37,10958.9,10712.46,28663.39
2021-10-21,10909.94,10926.26,11016.3,10841.84,23018.7
2021-10-22,10988.16,11247.04,11359.65,10982.53,35962.6
2021-10-25,11128.86,11089.63,11157.05,11005.04,32461.33
2021-10-26,11038.98,11022.21,11123.17,10926.26,21130.26
2021-10-27,10972.97,10785.56,11006.73,10679.2,34647.29
2021-10-28,10820.45,10822.09,10925.02,10689.89,29490.93
2021-10-29,10819.33,10825.41,10948.77,10751.8,28775.86
2021-11-01,10566.08,10695.52,10826.64,10453.52,41689.98
2021-11-02,10660.06,10704.75,10927.49,10611.1,32500.24
2021-11-03,10678.63,10481.66,10734.8,10460.22,27829.31
2021-11-04,10554.49,10702.27,10768.68,10506.54,31130.43
2021-11-05,10702.33,10790.85,10931.83,10702.33,27077.23
2021-11-08,10791.19,10791.75,10851.97,10690.17,17705.72
2021-11-09,10791.08,10622.41,10835.48,10577.34,27351.92
2021-11-10,10622.41,10419.7,10650.5,10312.83,35348.77
2021-11-11,10413.74,10507.55,10507.55,10349.41,22651.87
2021-11-12,10554.82,10531.07,10594.5,10491.0,17606.63
2021-11-15,10530.51,10459.94,10588.59,10397.25,24947.35
2021-11-16,10498.55,10723.66,10779.93,10481.66,33526.24
2021-11-17,10706.77,10650.5,10794.0,10622.41,24505.46
2021-11-18,10572.95,10633.61,10718.03,10509.8,19520.89
2021-11-19,10645.94,10838.52,10954.4,10612.23,31155.59
2021-11-22,10954.4,10984.05,11292.06,10948.77,42572.68
2021-11-23,10971.28,11221.32,11337.08,10971.28,45782.2
2021-11-24,11241.41,11472.15,11612.84,11224.53,54512.35
2021-11-25,11539.68,11556.74,11726.52,11501.7,39752.88
2021-11-26,11606.26,11472.21,11618.47,11382.11,32655.57
2021-11-29,11579.08,11719.77,11747.91,11528.88,42399.34
2021-11-30,11722.02,11414.58,11747.35,11396.17,36924.87
2021-12-01,11522.8,11427.07,11578.8,11348.45,26254.4
2021-12-02,11466.52,11432.75,11478.62,11351.72,20421.82
2021-12-03,11421.5,11645.93,11740.14,11416.15,35818.39
2021-12-06,11708.52,11620.16,11747.91,11522.8,31063.88
2021-12-07,11695.8,11555.84,11735.92,11504.4,36979.89
2021-12-08,11606.54,12046.18,12057.44,11522.8,61048.07
2021-12-09,12113.38,12291.27,12462.19,12057.44,64239.18
2021-12-10,12141.85,12310.69,12343.21,12119.34,43148.22
2021-12-13,12670.86,12469.39,12817.19,12468.26,65806.56
2021-12-14,12469.39,12648.35,12749.09,12366.96,40449.41
2021-12-15,12604.17,12563.94,12732.49,12507.77,30078.27
2021-12-16,12451.38,12473.84,12614.87,12289.47,37211.36
2021-12-17,12369.78,12089.52,12411.99,12006.79,48403.18
2021-12-20,12089.52,12136.0,12286.26,12034.93,32257.69
2021-12-21,12057.44,12019.17,12193.24,11876.39,26285.89
2021-12-22,12029.3,12074.32,12158.74,12029.3,17430.79
2021-12-23,12102.46,12479.52,12479.52,11944.88,39098.54
2021-12-24,12642.05,12896.48,13025.19,12642.05,56129.59
2021-12-27,12749.65,12546.04,12749.65,12434.5,37555.9
2021-12-28,12552.68,12581.83,12679.31,12460.39,27650.7
2021-12-29,12648.35,12034.93,12672.27,12034.93,54049.02
2021-12-30,12034.93,12226.27,12304.95,11961.77,35261.36
2021-12-31,12198.13,12085.58,12214.9,11961.77,29664.91
2022-01-04,12113.71,12092.5,12192.22,11882.98,33842.62
2022-01-05,12057.44,11939.25,12169.99,11905.49,28395.51
2022-01-06,11928.05,11704.13,12006.79,11458.14,51794.75
2022-01-07,11663.49,11477.78,11741.61,11462.7,29816.69
2022-01-10,11399.04,11612.84,11674.75,11340.18,29626.7
2022-01-11,11511.54,11469.62,11607.22,11416.83,22276.64
2022-01-12,11511.54,11618.47,11684.88,11511.54,27474.1
2022-01-13,11606.2,11114.17,11624.04,11047.59,56747.35
2022-01-14,11114.17,11055.7,11202.02,11033.18,29321.64
2022-01-17,11061.32,11025.36,11119.29,10877.52,27353.82
2022-01-18,11025.75,11197.91,11291.22,10971.28,31215.77
2022-01-19,11348.34,11308.94,11348.34,11178.83,26370.94
2022-01-20,11331.46,11632.65,11691.58,11331.46,34013.91
2022-01-21,11579.08,11719.71,11767.55,11528.48,30812.58
2022-01-24,11550.94,11523.92,11714.14,11418.35,23985.8
2022-01-25,11483.41,11483.41,11612.84,11415.87,25510.12
2022-01-26,11478.0,11550.94,11629.73,11348.34,23905.13
2022-01-27,11809.87,11607.22,11865.08,11534.05,42665.16
2022-01-28,11550.94,11168.25,11624.1,11128.91,41020.11
2022-02-07,11246.98,11061.1,11317.72,10960.02,35150.42
2022-02-08,11066.28,10898.12,11088.73,10622.36,41713.06
2022-02-09,10898.62,11218.79,11286.43,10830.42,33884.79
2022-02-10,11241.41,11089.46,11274.62,11001.61,23031.83
2022-02-11,10999.42,10959.85,11245.86,10909.37,33746.49
2022-02-14,10903.75,11065.09,11111.97,10888.61,20195.87
2022-02-15,11065.83,11188.62,11303.32,11010.67,27105.86
2022-02-16,11241.41,11199.48,11280.81,11173.88,14586.85
2022-02-17,11244.84,11168.19,11306.02,11134.48,18213.66
2022-02-18,11115.52,11280.81,11286.32,11048.15,19385.49
2022-02-21,11241.41,11111.92,11280.24,11066.67,20815.73
2022-02-22,11016.36,10722.92,11021.93,10678.75,52298.81
2022-02-23,10742.85,10830.64,10869.98,10679.09,28111.61
2022-02-24,10723.66,10476.65,10757.37,10386.55,65359.25
2022-02-25,10537.94,10673.34,10725.23,10537.94,38979.13
2022-02-28,10605.81,10624.61,10661.75,10492.92,28923.03
2022-03-01,10689.89,11007.75,11036.39,10689.89,47379.3
2022-03-02,10903.75,10931.21,10965.59,10819.33,20074.48
2022-03-03,10936.39,10678.63,10961.43,10644.87,31546.93
2022-03-04,10521.06,10568.89,10638.62,10425.95,31047.03
2022-03-07,10454.65,10155.25,10498.55,10137.24,49155.81
2022-03-08,10453.41,10415.25,10603.56,10295.95,57215.46
2022-03-09,10476.6,10561.46,10706.77,10234.66,56434.42
2022-03-10,10723.66,10647.29,10796.82,10627.98,36461.78
2022-03-11,10487.29,10504.23,10549.2,10217.61,47726.77
2022-03-14,10284.69,10115.86,10397.25,10115.86,49006.61
2022-03-15,9834.47,9569.96,10031.44,9569.96,89055.87
2022-03-16,9744.43,9974.88,10025.25,9513.69,77592.81
2022-03-17,10228.41,10229.26,10425.38,10181.48,68351.96
2022-03-18,10217.16,10159.7,10369.11,10072.41,38348.68
2022-03-21,10250.92,10140.06,10260.21,10087.78,27877.16
2022-03-22,10250.25,10087.72,10250.25,10038.93,21054.04
2022-03-23,10144.0,10409.57,10509.8,10098.97,58067.39
2022-03-24,10329.71,10233.65,10340.97,10213.5,25815.32
2022-03-25,10183.39,10059.58,10307.2,10031.44,29708.66
2022-03-28,9693.78,9895.25,9917.76,9575.59,57541.64
2022-03-29,9899.19,9930.14,10068.02,9899.19,25934.98
2022-03-30,10104.6,10285.25,10285.25,10087.72,42433.43
2022-03-31,10228.41,10222.79,10333.09,10165.38,25173.86
2022-04-01,10284.35,10566.14,10639.24,10237.92,44862.0
2022-04-06,10414.13,10481.66,10615.21,10414.13,27820.0
2022-04-07,10442.27,10481.66,10594.22,10397.81,20196.0
2022-04-08,10498.55,10588.59,10615.04,10490.33,22941.0
2022-04-11,10509.8,10228.41,10509.8,10149.79,43864.0
2022-04-12,10279.06,10577.34,10610.93,10160.88,41630.0
2022-04-13,10492.92,10504.17,10650.5,10403.32,31148.0
2022-04-14,10611.1,10729.28,10880.67,10567.21,37650.0
2022-04-15,10691.02,10712.34,10779.93,10655.5,21041.0
2022-04-18,10572.44,10626.97,10667.38,10498.55,19793.0
2022-04-19,10678.63,10624.04,10864.29,10540.75,24205.0
2022-04-20,10688.15,10661.75,10791.19,10502.37,24156.0
2022-04-21,10623.48,10565.97,10712.4,10509.8,28953.0
2022-04-22,10470.41,10526.68,10610.43,10454.54,27900.0
2022-04-25,10397.25,10160.88,10546.38,10127.11,53658.0
2022-04-26,10134.6,10298.65,10391.51,10115.86,44564.0
2022-04-27,10493.59,10650.05,10734.91,10493.59,57402.0
2022-04-28,10639.24,10875.61,10931.88,10602.66,44010.0
2022-04-29,10881.23,10838.35,10954.4,10740.43,34885.0
2022-05-05,10847.47,10886.86,11072.58,10841.73,33661.0
2022-05-06,10763.0,10639.24,10785.56,10571.71,28596.0
2022-05-09,10566.08,10408.5,10566.08,10329.71,30352.0
2022-05-10,10228.41,10488.36,10593.99,10144.05,40119.0
2022-05-11,10425.38,10498.55,10613.8,10408.5,30313.0
2022-05-12,10414.13,10468.55,10554.82,10397.25,22038.0
2022-05-13,10566.08,10556.17,10667.04,10487.29,20731.0
2022-05-16,10661.75,10442.27,10661.75,10356.0,27765.0
2022-05-17,10509.13,10498.55,10537.94,10425.38,20145.0
2022-05-18,10530.4,10459.15,10531.86,10357.96,24850.0
2022-05-19,10369.11,10431.01,10436.64,10335.34,19776.0
2022-05-20,10453.47,10678.69,10685.11,10408.5,41950.0
2022-05-23,10678.63,10571.71,10700.53,10521.06,22157.0
2022-05-24,10599.85,10453.52,10605.47,10428.2,27342.0
2022-05-25,10483.18,10428.25,10521.06,10380.36,22389.0
2022-05-26,10459.15,10356.73,10459.15,10284.69,28053.0
2022-05-27,10453.47,10426.29,10566.08,10414.19,25120.0
2022-05-30,10487.29,10557.13,10625.45,10487.29,34466.0
2022-05-31,10536.65,10701.31,10762.49,10492.81,40751.0
2022-06-01,10689.89,10612.51,10761.81,10560.45,21760.0
2022-06-02,10610.93,10599.85,10655.0,10566.08,16915.0
2022-06-06,10622.36,10611.1,10650.5,10442.27,36741.0
2022-06-07,10589.38,10779.37,10819.33,10511.55,35049.0
2022-06-08,10819.33,11047.82,11140.11,10819.33,44354.0
2022-06-09,11083.83,10976.91,11175.85,10954.4,26329.0
2022-06-10,10931.94,11244.79,11280.81,10875.61,47345.0
2022-06-13,11185.13,10993.79,11196.39,10949.22,36755.0
2022-06-14,10869.98,11078.21,11103.08,10858.72,29416.0
2022-06-15,11072.58,11101.28,11269.55,11033.13,33664.0
2022-06-16,11210.96,11111.97,11284.35,11102.57,26887.0
2022-06-17,11118.11,11528.43,11534.05,11118.11,50542.0
2022-06-20,11522.8,11477.89,11635.35,11410.24,34975.0
2022-06-21,11517.17,11498.83,11618.42,11398.99,23717.0
2022-06-22,11550.94,11444.01,11567.82,11421.5,19647.0
2022-06-23,11481.72,11562.76,11607.44,11466.52,26844.0
2022-06-24,11635.35,11854.89,11916.74,11607.22,39635.0
2022-06-27,11916.41,11863.56,12085.24,11805.88,40115.0
2022-06-28,11915.28,12006.79,12034.93,11809.82,25246.0
2022-06-29,11961.77,11973.02,12040.55,11866.15,30360.0
2022-06-30,11926.17,12179.42,12359.51,11926.11,38982.0
2022-07-01,12235.7,12089.66,12307.56,12011.77,21596.0
2022-07-04,12038.78,12027.47,12062.87,11931.85,25076.0
2022-07-05,12068.44,12111.94,12232.6,11982.45,26329.0
2022-07-06,12106.26,11937.42,12145.65,11847.38,32752.0
2022-07-07,11954.31,11869.89,11978.79,11841.81,20932.0
2022-07-08,11954.31,11920.54,12009.97,11904.56,15644.0
2022-07-11,11871.02,11721.32,11896.74,11647.59,23949.0
2022-07-12,11729.2,11635.83,11773.09,11532.56,23447.0
2022-07-13,11616.64,11694.81,11768.59,11592.27,19854.0
2022-07-14,11701.06,11661.67,11795.61,11594.13,20527.0
2022-07-15,11617.26,11641.97,11924.37,11613.88,33416.0
2022-07-18,11658.06,11654.12,11695.43,11487.2,24221.0
2022-07-19,11616.64,11605.95,11654.07,11509.71,21956.0
2022-07-20,11694.02,11645.34,11757.34,11616.64,18705.0
2022-07-21,11605.95,11582.88,11677.99,11557.61,14061.0
2022-07-22,11640.39,11627.9,11712.31,11560.37,25114.0
2022-07-25,11642.02,11614.67,11657.73,11537.85,16912.0
2022-07-26,11661.61,11645.96,11729.03,11628.01,20685.0
2022-07-27,11599.76,11473.7,11633.53,11459.07,21490.0
2022-07-28,11482.14,11352.14,11577.25,11322.09,34870.0
2022-07-29,11335.82,11354.61,11470.26,11240.14,37032.0
2022-08-01,11307.17,11308.8,11408.42,11257.48,21037.0
2022-08-02,11250.84,11250.73,11295.75,11127.08,28221.0
2022-08-03,11307.06,11278.98,11385.9,11233.95,24598.0
2022-08-04,11307.12,11453.49,11493.39,11251.57,30357.0
2022-08-05,11519.84,11498.23,11560.37,11390.97,20086.0
2022-08-08,11448.65,11428.28,11548.43,11405.66,16799.0
2022-08-09,11428.28,11419.67,11470.26,11391.53,13875.0
2022-08-10,11419.56,11228.33,11464.69,11164.06,27927.0
2022-08-11,11284.6,11402.22,11402.79,11239.64,26061.0
2022-08-12,11402.22,11520.97,11532.23,11363.39,20260.0
2022-08-15,11478.54,11475.33,11585.69,11450.91,19323.0
2022-08-16,11498.12,11463.79,11553.56,11453.44,14836.0
2022-08-17,11532.23,11464.69,11532.23,11335.25,18361.0
2022-08-18,11408.42,11338.07,11437.0,11256.86,23168.0
2022-08-19,11352.14,11335.31,11410.38,11295.86,13544.0
2022-08-22,11279.03,11329.51,11402.79,11258.6,15427.0
2022-08-23,11355.51,11194.62,11355.51,11177.68,23756.0
2022-08-24,11194.5,11105.64,11223.99,11087.63,18728.0
2022-08-25,11132.65,11278.98,11295.86,11105.64,21925.0
2022-08-26,11363.39,11352.14,11430.93,11284.6,23142.0
2022-08-29,11267.72,11244.2,11363.22,11217.07,13570.0
2022-08-30,11264.06,11194.56,11278.98,11105.64,18235.0
2022-08-31,11138.84,11498.46,11507.24,11138.34,44692.0
2022-09-01,11431.77,11255.85,11453.44,11255.85,26845.0
2022-09-02,11306.78,11222.7,11323.77,11173.01,19391.0
2022-09-05,11153.14,10997.59,11188.93,10913.17,36822.0
2022-09-06,10999.61,11053.87,11071.88,10941.31,20830.0
2022-09-07,10997.76,10901.97,11012.56,10862.58,28306.0
2022-09-08,10913.17,10885.03,10980.71,10885.03,16591.0
2022-09-09,10941.31,11052.68,11093.26,10890.66,27090.0
2022-09-13,11250.84,11245.21,11298.0,11128.32,28693.0
2022-09-14,11160.85,11188.93,11250.84,11155.17,16042.0
2022-09-15,11194.56,11250.84,11324.67,11194.34,20810.0
2022-09-16,11204.69,11132.65,11282.35,11110.76,24121.0
2022-09-19,11110.14,11203.79,11299.18,11098.21,18584.0
2022-09-20,11194.45,11239.58,11276.73,11130.12,14116.0
2022-09-21,11232.1,11070.75,11267.72,11070.75,20995.0
2022-09-22,11025.73,10917.73,11031.47,10895.44,22704.0
2022-09-23,10917.73,10994.38,11110.14,10917.73,28288.0
2022-09-26,10913.17,11155.17,11295.86,10913.06,35135.0
2022-09-27,11188.14,11295.86,11346.51,11088.25,28820.0
2022-09-28,11253.65,11267.72,11360.02,11217.13,21446.0
2022-09-29,11352.02,11252.81,11375.66,11200.92,21590.0
2022-09-30,11355.63,11208.63,11374.59,11172.05,21289.0
2022-10-10,11307.12,10721.83,11312.74,10689.19,48584.0
2022-10-11,10738.71,10688.0,10834.38,10575.51,32047.0
2022-10-12,10652.38,10575.51,10682.43,10282.86,48195.0
2022-10-13,10352.98,10237.78,10434.81,10220.96,63969.0
2022-10-14,10294.12,10449.5,10547.37,10248.76,46520.0
2022-10-17,10384.16,10341.95,10395.36,10225.46,33550.0
2022-10-18,10378.53,10270.65,10406.67,10243.47,28083.0
2022-10-19,10248.98,9945.2,10248.98,9945.2,60121.0
2022-10-20,9793.25,9919.87,10060.17,9736.97,42778.0
2022-10-21,9900.17,9810.13,9944.07,9731.34,38907.0
2022-10-24,9506.23,9119.49,9613.16,9044.81,132098.0
2022-10-25,8996.47,8998.32,9196.7,8954.71,81362.0
2022-10-26,9049.26,8910.14,9196.65,8887.18,81781.0
2022-10-27,8999.73,8555.14,9044.64,8458.62,107106.0
2022-10-28,8497.57,8324.4,8583.28,8317.14,93143.0
2022-10-31,8268.12,8268.12,8448.27,8172.45,71847.0
2022-11-01,8318.77,8898.49,8940.08,8318.77,118766.0
2022-11-02,8887.18,8954.48,9146.05,8752.11,79777.0
2022-11-03,8794.71,8771.81,8901.25,8707.65,45160.0
2022-11-04,8763.14,9205.54,9268.57,8763.14,80008.0
2022-11-07,9078.8,9152.3,9216.29,9036.82,42698.0
2022-11-08,9157.31,9027.19,9213.53,8937.6,39325.0
2022-11-09,9021.96,8886.61,9049.71,8830.9,36090.0
2022-11-10,8797.13,8971.59,9027.87,8747.33,37720.0
2022-11-11,9269.86,9270.71,9362.44,9084.04,73947.0
2022-11-14,9357.09,9298.0,9469.82,9269.86,57370.0
2022-11-15,9292.38,9607.53,9669.27,9230.47,56318.0
2022-11-16,9568.14,9592.05,9663.81,9494.97,26848.0
2022-11-17,9621.6,9489.35,9654.24,9409.88,30580.0
2022-11-18,9540.0,9490.08,9585.02,9427.44,23609.0
2022-11-21,9345.0,9224.73,9345.0,9104.01,39096.0
2022-11-22,9210.43,9337.12,9448.49,9202.95,29901.0
2022-11-23,9269.86,9388.05,9433.07,9230.69,22177.0
2022-11-24,9444.33,9224.79,9499.93,9190.96,27687.0
2022-11-25,9227.71,9236.15,9292.38,9168.56,18621.0
2022-11-28,9026.63,9167.89,9196.7,8836.53,47723.0
2022-11-29,9503.75,9669.44,9675.06,9399.3,73420.0
2022-11-30,9602.58,9669.44,9697.57,9590.65,31497.0
2022-12-01,10012.73,9848.4,10125.28,9848.34,51358.0
2022-12-02,9872.04,9865.73,9973.28,9794.37,23884.0
2022-12-05,10057.75,10040.31,10119.66,9950.82,36127.0
2022-12-06,9984.59,10170.31,10389.23,9967.71,44147.0
2022-12-07,10112.96,10147.8,10350.4,10069.18,35526.0
2022-12-08,10136.54,10164.79,10209.7,10040.87,19730.0
2022-12-09,10192.82,10406.67,10406.67,10136.54,39215.0
2022-12-12,10327.1,10457.44,10609.27,10322.26,34755.0
2022-12-13,10446.07,10519.23,10579.39,10406.67,21385.0
2022-12-14,10479.83,10636.68,10692.56,10479.83,29098.0
2022-12-15,10828.75,10727.4,10890.66,10688.06,30634.0
2022-12-16,10650.07,10726.72,10749.97,10479.83,33303.0
2022-12-19,10793.86,10648.67,10793.86,10576.46,24987.0
2022-12-20,10605.5,10322.26,10605.5,10139.07,46198.0
2022-12-21,10372.91,10457.32,10457.32,10337.17,22816.0
2022-12-22,10556.93,10620.53,10704.94,10491.09,23175.0
2022-12-23,10532.73,10637.41,10699.32,10491.09,17319.0
2022-12-26,10637.41,10474.54,10637.41,10434.92,21384.0
2022-12-27,10575.0,10546.86,10626.49,10504.65,17905.0
2022-12-28,10619.35,10546.86,10625.65,10406.22,21438.0
2022-12-29,10456.82,10468.07,10513.04,10367.05,22418.0
2022-12-30,10563.74,10513.09,10659.36,10513.09,25333.0
2023-01-03,10536.73,10530.03,10577.42,10394.97,26034.0
2023-01-04,10529.98,10501.89,10578.94,10451.19,20416.0
2023-01-05,10569.37,10929.55,10929.55,10546.86,47943.0
2023-01-06,10958.36,10945.14,10990.89,10850.76,24904.0
2023-01-09,11120.89,11155.79,11205.2,10967.93,30977.0
2023-01-10,11143.74,11230.35,11286.91,11095.57,22732.0
2023-01-11,11239.08,11176.89,11261.59,11131.25,22720.0
2023-01-12,11194.05,11115.26,11239.08,11109.64,17193.0
2023-01-13,11172.56,11413.54,11419.16,11149.03,31940.0
2023-01-16,11407.91,11559.3,11683.67,11379.77,36848.0
2023-01-17,11560.76,11531.72,11616.14,11458.56,21299.0
2023-01-18,11565.49,11447.3,11629.08,11430.42,21063.0
2023-01-19,11444.49,11375.32,11444.6,11295.35,23439.0
2023-01-20,11425.86,11261.64,11476.85,11250.33,25609.0
2023-01-30,11537.35,11419.16,11537.35,11374.14,35923.0
2023-01-31,11467.0,11181.45,11486.42,11110.03,32991.0
2023-02-01,11233.34,11177.0,11255.96,10988.08,33974.0
2023-02-02,11196.19,11127.14,11255.96,11070.24,29759.0
2023-02-03,11036.48,11025.22,11070.24,10899.61,34945.0
2023-02-06,10811.37,10895.78,10895.78,10698.81,42661.0
2023-02-07,10969.39,10907.04,10973.45,10854.87,24322.0
2023-02-08,10923.98,10833.88,10957.52,10783.23,16676.0
2023-02-09,10800.11,11025.22,11091.35,10783.28,29754.0
2023-02-10,10980.76,10980.2,11027.98,10929.83,17985.0
2023-02-13,10980.2,11241.04,11343.19,10980.2,38147.0
2023-02-14,11241.66,11170.36,11246.96,11120.89,19566.0
2023-02-15,11170.3,11154.66,11235.14,11125.45,18177.0
2023-02-16,11156.57,11271.83,11413.54,11081.5,33246.0
2023-02-17,11206.21,11040.87,11334.75,11036.76,26443.0
2023-02-20,11042.1,11346.0,11367.39,11020.72,29669.0
2023-02-21,11340.38,11300.98,11340.38,11210.94,18751.0
2023-02-22,11233.5,11126.52,11283.54,11102.88,21869.0
2023-02-23,11149.03,11025.22,11198.56,10953.47,21881.0
2023-02-24,10980.82,10856.39,10981.27,10823.63,24635.0
2023-02-27,10802.92,10982.51,11008.34,10783.34,22065.0
2023-02-28,11030.85,11001.25,11047.79,10829.94,23952.0
2023-03-01,10997.08,11140.76,11194.05,10942.1,24458.0
2023-03-02,11087.13,11081.5,11143.35,11042.67,13144.0
2023-03-03,11147.74,11025.45,11158.09,10937.88,16198.0
2023-03-06,11026.23,10964.1,11028.03,10905.74,20646.0
2023-03-07,10957.58,10858.08,11017.34,10856.39,22785.0
2023-03-08,10811.48,10757.45,10844.79,10705.11,22764.0
2023-03-09,10743.83,10755.2,10839.5,10586.25,27612.0
2023-03-10,10651.37,10642.53,10816.99,10642.53,21161.0
2023-03-13,10648.16,10710.07,10783.23,10636.9,20560.0
2023-03-14,10720.08,10732.58,10810.69,10577.81,23705.0
2023-03-15,10802.19,10647.71,10838.83,10643.21,19213.0
2023-03-16,10586.25,10653.73,10755.09,10580.68,17646.0
2023-03-17,10755.09,10597.51,10788.24,10563.74,27023.0
2023-03-20,10648.16,10527.73,10670.67,10518.72,20491.0
2023-03-21,10558.12,10783.23,10844.29,10496.04,31142.0
2023-03-22,10811.37,10773.94,10884.53,10730.04,15330.0
2023-03-23,10732.58,10782.44,10873.89,10727.0,17356.0
2023-03-24,10749.91,10803.6,10831.63,10732.58,12770.0
2023-03-27,10803.49,10742.65,10803.49,10676.3,15296.0
2023-03-28,10755.09,10821.5,10867.64,10727.06,17261.0
2023-03-29,10918.29,10867.64,10923.92,10839.9,15393.0
2023-03-30,10884.53,10923.92,10952.06,10805.74,19257.0
2023-03-31,11064.62,11036.48,11194.05,11030.85,27446.0
2023-04-03,11064.62,10935.57,11080.2,10924.37,21417.0
2023-04-04,10991.45,11006.03,11009.29,10850.76,20066.0
2023-04-06,10952.06,10906.81,11013.4,10857.63,14874.0
2023-04-07,10895.78,10873.21,10957.74,10858.3,13525.0
2023-04-10,10872.6,10764.66,10872.6,10608.77,29418.0
2023-04-11,10884.53,10617.21,10884.53,10608.77,29209.0
2023-04-12,10627.11,10327.94,10642.53,10320.74,51105.0
2023-04-13,10304.87,10490.58,10493.9,10271.16,29543.0
2023-04-14,10507.47,10436.67,10546.86,10388.16,21232.0
2023-04-17,10586.25,10659.42,10659.42,10518.72,30467.0
2023-04-18,10659.42,10687.55,10749.46,10620.13,18314.0
2023-04-19,10710.07,10693.18,10729.76,10642.53,14601.0
2023-04-20,10699.43,10596.84,10726.95,10524.35,19885.0
2023-04-21,10620.02,10504.48,10631.73,10480.9,18518.0
2023-04-24,10479.33,10389.28,10484.96,10366.77,20231.0
2023-04-25,10394.91,10532.12,10563.63,10372.4,20583.0
2023-04-26,10608.77,10608.26,10704.44,10473.7,27892.0
2023-04-27,10631.28,10687.1,10755.09,10529.98,25605.0
2023-04-28,10715.75,10701.74,10826.95,10664.88,26225.0
2023-05-04,10749.46,10641.97,10798.25,10563.74,27466.0
2023-05-05,10732.58,10642.53,10732.58,10565.94,20714.0
2023-05-08,10745.63,10476.63,10749.46,10457.77,33171.0
2023-05-09,10445.56,10484.96,10586.14,10400.93,29378.0
2023-05-10,10446.63,10501.84,10563.74,10445.56,20773.0
2023-05-11,10535.6,10457.21,10558.12,10445.56,15246.0
2023-05-12,10445.56,10397.16,10529.3,10389.34,19460.0
2023-05-15,10372.4,10452.88,10456.82,10311.62,25740.0
2023-05-16,10439.88,10379.66,10473.64,10344.26,22224.0
2023-05-17,10406.17,10366.77,10434.3,10355.57,16777.0
2023-05-18,10389.23,10310.49,10391.53,10304.87,19219.0
2023-05-19,10197.94,10358.33,10385.51,10110.99,26741.0
2023-05-22,10304.92,10620.02,10653.79,10304.87,41284.0
2023-05-23,10664.99,10499.31,10665.04,10499.31,16894.0
2023-05-24,10543.09,10422.49,10549.96,10418.04,18479.0
2023-05-25,10394.85,10366.77,10417.42,10304.87,22466.0
2023-05-26,10372.4,10308.02,10389.28,10220.51,18291.0
2023-05-29,10344.26,10299.24,10351.86,10237.33,17771.0
2023-05-30,10299.24,10182.69,10354.9,10127.93,26453.0
2023-05-31,10141.72,9961.01,10168.22,9948.46,36957.0
2023-06-01,9899.67,10000.52,10220.39,9899.67,28645.0
2023-06-02,10051.62,10195.69,10210.04,10001.59,25058.0
2023-06-05,10170.7,10164.17,10264.8,10152.92,16201.0
2023-06-06,10192.31,10175.37,10271.1,10088.48,19914.0
2023-06-07,10209.14,10084.82,10241.84,10079.76,17890.0
2023-06-08,10112.57,10181.06,10220.45,10079.81,14703.0
2023-06-09,10203.51,10169.8,10237.16,10169.8,17580.0
2023-06-12,10169.91,10338.63,10406.17,10144.59,27029.0
2023-06-13,10326.7,10355.52,10387.09,10276.73,14663.0
2023-06-14,10468.07,10512.42,10553.84,10396.09,31506.0
2023-06-15,10531.89,10670.67,10674.33,10490.58,25223.0
2023-06-16,10681.93,10910.92,10923.92,10643.1,37918.0
2023-06-19,10867.64,10608.77,10912.38,10575.0,31700.0
2023-06-20,10586.25,10605.73,10726.95,10558.12,20947.0
2023-06-21,10586.25,10562.79,10679.68,10558.12,17721.0
2023-06-26,10474.32,10411.79,10529.98,10333.01,23993.0
2023-06-27,10417.37,10423.33,10472.01,10361.65,15174.0
2023-06-28,10435.32,10520.86,10552.49,10423.05,18574.0
2023-06-29,10535.6,10438.3,10558.06,10434.36,14231.0
2023-06-30,10506.96,10456.32,10557.56,10430.88,20459.0
2023-07-03,10501.34,10642.59,10649.24,10461.94,19139.0
2023-07-04,10643.16,10679.17,10700.79,10608.71,12472.0
2023-07-05,10675.8,10593.52,10686.88,10506.96,14745.0
2023-07-06,10558.52,10523.74,10692.68,10506.96,15141.0
2023-07-07,10512.59,10450.86,10557.56,10450.69,15167.0
2023-07-10,10535.1,10512.03,10591.16,10506.96,13477.0
2023-07-11,10563.24,10563.24,10592.34,10518.78,12583.0
2023-07-12,10580.35,10584.63,10636.4,10570.73,13285.0
2023-07-13,10630.72,10723.07,10762.52,10613.95,25807.0
2023-07-14,10822.12,10805.24,10836.19,10738.83,18550.0
2023-07-17,10793.98,10675.63,10793.98,10656.66,14336.0
2023-07-18,10695.95,10635.28,10701.18,10625.15,14738.0
2023-07-19,10591.44,10636.4,10664.54,10584.63,12483.0
2023-07-20,10664.49,10642.03,10782.61,10630.78,16693.0
2023-07-21,10686.38,10908.22,10914.98,10653.29,39377.0
2023-07-24,10791.28,10907.38,10907.38,10791.28,19713.0
2023-07-25,11069.74,11230.42,11232.27,11069.69,43086.0
2023-07-26,11230.42,11230.42,11272.29,11154.61,19611.0
2023-07-27,11272.34,11283.77,11378.09,11231.26,20340.0
2023-07-28,11249.83,11615.63,11632.52,11227.38,39018.0
2023-07-31,11677.54,11523.23,11829.49,11486.2,45379.0
2023-08-01,11508.76,11570.61,11671.63,11508.09,19231.0
2023-08-02,11539.1,11519.96,11576.24,11445.68,18509.0
2023-08-03,11463.69,11511.35,11576.24,11353.94,21543.0
2023-08-04,11563.97,11595.77,11669.21,11531.22,24574.0
2023-08-07,11525.31,11564.59,11621.26,11469.48,23892.0
2023-08-08,11520.13,11576.24,11597.12,11430.37,17736.0
2023-08-09,11576.24,11577.82,11660.66,11536.62,18523.0
2023-08-10,11531.22,11491.82,11570.61,11420.35,18436.0
2023-08-11,11548.1,11261.09,11550.35,11260.41,26786.0
2023-08-14,11126.02,11086.63,11210.32,11047.23,23731.0
2023-08-15,11120.39,11142.79,11171.04,11075.43,14818.0
2023-08-16,11112.4,11182.3,11201.15,11103.51,13184.0
2023-08-17,11103.96,11227.6,11261.09,11078.46,17290.0
2023-08-18,11249.77,11084.32,11266.66,11084.32,17023.0
2023-08-21,11030.35,11019.09,11148.47,11013.86,18912.0
2023-08-22,11075.31,11002.21,11084.15,10906.65,26650.0
2023-08-23,11052.86,10923.42,11069.74,10901.36,19912.0
2023-08-24,10955.05,11161.47,11227.32,10929.05,26055.0
2023-08-25,11119.21,11210.32,11282.3,11103.56,18831.0
2023-08-28,11624.53,11266.54,11624.53,11249.16,41052.0
2023-08-29,11227.32,11358.62,11458.51,11227.32,28950.0
2023-08-30,11451.87,11384.9,11452.43,11315.45,19812.0
2023-08-31,11407.41,11334.25,11407.41,11300.54,14820.0
2023-09-01,11367.06,11357.04,11438.19,11328.79,13145.0
2023-09-04,11422.04,11441.17,11519.63,11371.0,23871.0
2023-09-05,11452.43,11400.09,11452.43,11389.4,15659.0
2023-09-06,11396.15,11413.04,11444.89,11345.56,11121.0
2023-09-07,11365.76,11283.6,11389.91,11245.27,16982.0
2023-09-08,11266.38,11173.86,11266.38,11153.88,12212.0
2023-09-11,11114.76,11194.51,11294.85,11114.76,15926.0
2023-09-12,11219.44,11182.07,11221.58,11159.9,12168.0
2023-09-13,11238.13,11181.79,11238.13,11070.02,19501.0
2023-09-14,11196.54,11174.92,11221.58,11103.51,17505.0
2023-09-15,11176.67,10968.39,11181.06,10964.5,28431.0
2023-09-18,10936.42,11234.07,11235.76,10917.79,32559.0
2023-09-19,11194.68,11221.35,11232.95,11114.76,14990.0
2023-09-20,11193.55,11204.81,11238.58,11171.32,12502.0
2023-09-21,11171.1,11060.68,11193.55,11060.68,19489.0
2023-09-22,11101.43,11345.5,11350.91,11027.03,34390.0
2023-09-25,11337.06,11251.97,11339.88,11219.38,13979.0
2023-09-26,11227.32,11159.79,11266.04,11143.47,15762.0
2023-09-27,11154.16,11148.53,11258.27,11085.5,20880.0
2023-09-28,11210.32,11061.58,11210.32,11057.36,20538.0
2023-10-09,11052.52,10940.3,11052.52,10872.21,29763.0
2023-10-10,10973.45,10900.91,11064.0,10889.65,20284.0
2023-10-11,10983.36,10948.75,10983.36,10889.65,21945.0
2023-10-12,11057.92,10990.95,11059.78,10941.43,14865.0
2023-10-13,10905.86,10793.98,10945.99,10721.89,25028.0
2023-10-16,10793.87,10675.24,10822.12,10633.31,20790.0
2023-10-17,10726.45,10653.29,10728.92,10597.01,14945.0
2023-10-18,10612.77,10664.54,10743.33,10603.65,20318.0
2023-10-19,10506.96,10113.02,10507.13,10090.68,73492.0
2023-10-20,10113.02,10197.44,10253.72,10035.64,45376.0
2023-10-23,10112.85,10191.7,10281.85,10065.75,25234.0
2023-10-24,10214.32,10185.9,10244.49,10063.55,29861.0
2023-10-25,10338.75,10380.34,10495.71,10321.36,36179.0
2023-10-26,10321.25,10350.68,10439.43,10293.17,22386.0
2023-10-27,10304.37,10375.89,10461.27,10285.23,34262.0
2023-10-30,10332.5,10400.04,10444.38,10332.5,24086.0
2023-10-31,10394.41,10420.19,10450.69,10326.03,19859.0
2023-11-01,11351.13,10962.76,11351.13,10922.24,93143.0
2023-11-02,11041.6,10954.37,11041.6,10935.01,27908.0
2023-11-03,10957.19,11133.0,11153.54,10923.42,30176.0
2023-11-06,11182.3,11137.28,11203.63,11076.04,25524.0
2023-11-07,11097.88,11020.05,11126.02,10980.15,19582.0
2023-11-08,10979.98,11060.4,11091.13,10973.34,14546.0
2023-11-09,11014.08,11036.59,11064.11,10974.07,12800.0
2023-11-10,10960.28,10933.78,11002.21,10918.35,16466.0
2023-11-13,10913.74,10867.14,10984.65,10827.64,18370.0
2023-11-14,10867.14,10874.29,10928.99,10844.69,12817.0
2023-11-15,10951.56,10917.4,10973.45,10884.03,18435.0
2023-11-16,10923.42,10844.91,10934.68,10844.91,12558.0
2023-11-17,10799.61,10807.6,10839.0,10720.26,21714.0
2023-11-20,10816.49,10858.7,10898.09,10713.28,18608.0
2023-11-21,10976.43,11013.46,11058.49,10901.47,30098.0
2023-11-22,10975.76,10965.68,11037.95,10960.23,12665.0
2023-11-23,10947.62,10990.95,11002.21,10906.54,11550.0
2023-11-24,11007.84,10940.3,11007.84,10929.05,13085.0
2023-11-27,10919.48,10861.51,10919.48,10816.49,16261.0
2023-11-28,10850.26,10895.51,10922.74,10833.38,14520.0
2023-11-29,10889.65,10927.42,10934.68,10833.38,17149.0
2023-11-30,10938.73,11021.91,11040.25,10906.99,21353.0
2023-12-01,11009.58,10846.21,11011.78,10777.1,33051.0
2023-12-04,10846.21,10792.35,10854.93,10761.79,18440.0
2023-12-05,10781.49,10557.62,10782.05,10552.1,29903.0
2023-12-06,10521.77,10523.85,10616.54,10513.32,23851.0
2023-12-07,10529.48,10506.96,10558.07,10435.49,25042.0
2023-12-08,10506.96,10534.65,10556.71,10463.18,26288.0
2023-12-11,10450.69,10495.71,10529.48,10264.97,36831.0
2023-12-12,10437.18,10563.19,10563.19,10416.92,21011.0
2023-12-13,10536.34,10281.85,10539.16,10265.42,38789.0
2023-12-14,10315.4,10146.23,10337.4,10141.27,40672.0
2023-12-15,10215.62,10197.44,10381.86,10191.87,37093.0
2023-12-18,10169.3,10293.11,10300.59,10141.16,19897.0
2023-12-19,10309.99,10366.27,10393.68,10197.94,22207.0
2023-12-20,10378.12,10331.92,10389.38,10293.71,23092.0
2023-12-21,10276.88,10445.66,10458.71,10276.88,29012.0
2023-12-22,10443.97,10449.31,10496.87,10378.18,21667.0
2023-12-25,10451.28,10456.91,10494.05,10434.4,12471.0
2023-12-26,10459.73,10445.66,10473.23,10375.31,14771.0
2023-12-27,10434.4,10429.11,10485.89,10395.01,16056.0
2023-12-28,10451.23,10755.13,10772.01,10429.11,38338.0
2023-12-29,10727.04,10760.81,10893.51,10727.04,27539.0
2024-01-02,10698.91,10530.13,10716.86,10491.24,32156.0
2024-01-03,10508.18,10580.72,10587.59,10481.28,20229.0
2024-01-04,10575.09,10440.03,10575.09,10405.87,21551.0
2024-01-05,10396.86,10408.29,10494.39,10344.98,20243.0
2024-01-08,10395.01,10299.28,10400.63,10276.88,25586.0
2024-01-09,10282.51,10282.45,10346.16,10249.08,24412.0
2024-01-10,10283.01,10285.26,10386.34,10265.57,17351.0
2024-01-11,10277.39,10313.8,10377.79,10265.91,16441.0
2024-01-12,10276.65,10294.04,10340.19,10273.45,11603.0
2024-01-15,10248.68,10276.82,10361.07,10245.59,17854.0
2024-01-16,10268.38,10273.62,10316.22,10192.07,25903.0
2024-01-17,10220.55,9922.27,10251.39,9922.27,51633.0
2024-01-18,9905.39,10112.89,10123.75,9801.56,60440.0
2024-01-19,10101.63,10248.68,10265.62,10056.67,46378.0
2024-01-22,10214.92,10288.08,10293.71,10157.96,46946.0
2024-01-23,10231.86,10158.64,10276.54,10102.36,34835.0
2024-01-24,10214.92,10198.04,10242.16,10071.75,33216.0
2024-01-25,10202.65,10265.57,10282.45,10175.52,31206.0
2024-01-26,10222.57,10261.74,10299.9,10181.15,26955.0
2024-01-29,10278.51,10333.1,10392.64,10278.46,31421.0
2024-01-30,10332.99,10124.87,10332.99,10107.99,30866.0
2024-01-31,10124.87,10079.34,10164.1,10041.19,29649.0
2024-02-01,10082.67,10108.16,10186.16,10057.34,26485.0
2024-02-02,10136.13,10029.2,10208.05,9944.79,39382.0
2024-02-05,10029.2,10220.6,10262.42,10024.98,53130.0
2024-02-06,10220.6,10479.42,10532.77,10198.6,52472.0
2024-02-07,10507.73,10676.34,10696.6,10398.44,52601.0
2024-02-08,10727.1,10648.26,10755.18,10530.07,46757.0
2024-02-19,10827.61,10588.77,10827.95,10546.96,36977.0
2024-02-20,10599.63,10445.66,10599.63,10370.02,34470.0
2024-02-21,10423.26,10713.88,10788.95,10400.63,46154.0
2024-02-22,10656.7,10717.93,10743.98,10617.47,22794.0
2024-02-23,10677.01,10693.78,10751.69,10614.6,27306.0
2024-02-26,10659.51,10586.24,10663.68,10530.19,27318.0
2024-02-27,10518.82,10555.4,10574.64,10490.68,22080.0
2024-02-28,10552.13,10510.66,10595.19,10468.22,31867.0
2024-02-29,10510.66,10586.35,10594.79,10497.43,24758.0
2024-03-01,10558.21,10530.41,10586.18,10483.25,26868.0
2024-03-04,10496.31,10481.11,10507.51,10445.94,26485.0
2024-03-05,10450.21,10586.91,10597.61,10426.97,36238.0
2024-03-06,10563.84,10505.03,10586.35,10490.79,22142.0
2024-03-07,10501.93,10522.36,10557.09,10490.68,21599.0
2024-03-08,10505.09,10453.7,10539.53,10445.94,22156.0
2024-03-11,10473.79,10583.48,10608.19,10463.55,29895.0
2024-03-12,10580.38,10867.74,10890.81,10561.03,54227.0
2024-03-13,10839.43,10768.97,10884.62,10727.61,26500.0
2024-03-14,10721.42,10708.08,10810.56,10679.21,19405.0
2024-03-15,10684.84,10712.92,10796.83,10682.02,17834.0
2024-03-18,10698.91,10660.97,10726.2,10608.86,26055.0
2024-03-19,10631.37,10659.62,10726.71,10575.71,23948.0
2024-03-20,10633.4,10668.52,10691.48,10615.78,15249.0
2024-03-21,10660.07,10665.14,10721.42,10639.81,16596.0
2024-03-22,10642.8,10622.09,10665.08,10546.96,25456.0
2024-03-25,10606.27,10552.64,10607.57,10505.2,24473.0
2024-03-26,10543.92,10666.77,10686.52,10543.92,28069.0
2024-03-27,10642.63,10620.12,10682.02,10608.86,18113.0
2024-03-28,10586.35,10623.72,10715.79,10576.22,24642.0
2024-03-29,10623.72,10630.81,10676.34,10603.8,13457.0
2024-04-01,10670.71,10734.53,10805.83,10663.45,27131.0
2024-04-02,10738.3,10693.22,10755.13,10642.91,25449.0
2024-04-03,10805.83,10699.52,10836.45,10670.88,29046.0
2024-04-08,10586.35,10426.86,10591.98,10404.01,59167.0
2024-04-09,10393.15,10401.87,10462.54,10380.66,25590.0
2024-04-10,10402.15,10321.73,10417.46,10304.96,27631.0
2024-04-11,10277.44,10321.85,10333.1,10246.94,22766.0
2024-04-12,10338.73,10243.23,10411.89,10243.23,26744.0
2024-04-15,10248.74,10462.43,10477.23,10248.57,35818.0
2024-04-16,10420.28,10445.66,10499.46,10383.75,26266.0
2024-04-17,10434.4,10428.77,10474.92,10378.12,24819.0
2024-04-18,10383.81,10450.05,10518.71,10379.14,26568.0
2024-04-19,10393.77,10314.19,10437.21,10284.03,23500.0
2024-04-22,10355.61,10474.13,10495.63,10304.96,29951.0
2024-04-23,10473.79,10571.04,10586.35,10473.79,24980.0
2024-04-24,10597.49,10578.47,10613.98,10520.67,17086.0
2024-04-25,10560.07,10575.32,10589.73,10514.6,14476.0
2024-04-26,10580.72,10667.56,10693.28,10580.61,30996.0
2024-04-29,10597.32,10637.0,10772.07,10579.71,41332.0
2024-04-30,10642.68,10642.63,10782.65,10642.63,30760.0
2024-05-06,10805.66,10953.28,10980.29,10766.44,59909.0
2024-05-07,10984.74,11008.43,11052.33,10933.47,24925.0
2024-05-08,11006.69,10974.5,11008.26,10927.79,14769.0
2024-05-09,10940.9,10929.64,10980.18,10895.88,22387.0
2024-05-10,10958.35,10833.86,10996.5,10805.78,26207.0
2024-05-13,10794.69,10648.26,10798.29,10621.36,37662.0
2024-05-14,10648.2,10625.63,10689.17,10614.55,21274.0
2024-05-15,10629.01,10614.49,10659.51,10606.55,15739.0
2024-05-16,10642.63,10639.81,10670.09,10558.21,29680.0
2024-05-17,10614.55,10698.91,10707.8,10614.49,28924.0
2024-05-20,10715.73,10665.14,10800.15,10660.13,31426.0
2024-05-21,10659.51,10642.63,10669.25,10604.13,16293.0
2024-05-22,10631.37,10601.6,10670.54,10563.84,20286.0
2024-05-23,10614.49,10569.52,10650.39,10558.66,18885.0
2024-05-24,10575.09,10485.5,10586.35,10485.05,20217.0
2024-05-27,10490.68,10446.33,10543.86,10434.46,25098.0
2024-05-28,10447.91,10415.49,10474.75,10406.26,23521.0
2024-05-29,10423.15,10468.17,10501.93,10417.52,19651.0
2024-05-30,10473.79,10327.47,10475.93,10327.47,32208.0
2024-05-31,10335.92,10324.38,10409.08,10324.38,21857.0
2024-06-03,10333.1,10273.39,10338.28,10249.3,30261.0
2024-06-04,10279.64,10351.11,10366.87,10257.41,20841.0
2024-06-05,10344.36,10299.33,10381.95,10293.88,19056.0
2024-06-06,10297.42,10275.75,10344.3,10253.81,25610.0
2024-06-07,10311.32,10159.65,10311.6,10158.7,33525.0
2024-06-11,10068.54,9877.25,10079.85,9866.0,70247.0
2024-06-12,9882.88,9892.33,9995.44,9882.88,33171.0
2024-06-13,9920.98,9798.52,9921.66,9788.05,36186.0
2024-06-14,9798.46,9798.46,9848.89,9604.08,59514.0
2024-06-17,9670.66,9722.49,9763.4,9550.9,48318.0
2024-06-18,9662.78,9609.93,9795.87,9582.81,41258.0
2024-06-19,9651.39,9668.33,9685.21,9561.96,41262.0
2024-06-20,9662.7,9663.26,9752.8,9651.44,24711.0
2024-06-21,9665.51,9499.49,9690.73,9495.1,43320.0
2024-06-24,9229.36,9530.73,9600.74,9178.77,63840.0
2024-06-25,9533.26,9587.57,9679.53,9533.26,42098.0
2024-06-26,9550.14,9602.03,9668.72,9537.76,29570.0
2024-06-27,9617.68,9609.18,9628.76,9482.61,32822.0
2024-06-28,9550.14,9479.18,9631.69,9460.1,38582.0
2024-07-01,9487.56,9327.17,9510.69,9257.5,32161.0
2024-07-02,9285.64,9610.36,9651.44,9285.64,51853.0
2024-07-03,9657.07,9662.7,9735.92,9595.28,31573.0
2024-07-04,9690.84,9582.45,9730.23,9556.5,24380.0
2024-07-05,9544.52,9398.19,9624.32,9381.31,38829.0
2024-07-08,9341.92,9212.48,9425.04,9207.64,39527.0
2024-07-09,9212.48,9313.95,9408.83,9156.76,33621.0
2024-07-10,9320.81,9311.47,9470.68,9296.89,23763.0
2024-07-11,9381.14,9449.35,9488.24,9326.21,29020.0
2024-07-12,9510.81,9543.5,9586.16,9468.26,23386.0
2024-07-15,9493.87,9521.44,9595.17,9493.87,19176.0
2024-07-16,9527.63,9527.63,9561.4,9466.01,20316.0
2024-07-17,9528.2,9670.58,9679.58,9493.98,34311.0
2024-07-18,9659.88,9648.69,9747.12,9620.66,28870.0
2024-07-19,9610.98,9806.88,9826.92,9572.71,38943.0
2024-07-22,9803.56,9657.07,9831.42,9615.71,28543.0
2024-07-23,9657.07,9409.45,9668.33,9409.45,30944.0
2024-07-24,9382.44,9325.15,9458.41,9296.89,24123.0
2024-07-25,9325.15,9271.51,9370.06,9212.53,28347.0
2024-07-26,9271.51,9224.8,9312.2,9161.26,32354.0
2024-07-29,9184.34,9088.78,9223.68,9088.67,30869.0
2024-07-30,9021.02,8987.31,9045.16,8882.13,51779.0
2024-07-31,8948.54,9219.68,9253.39,8948.54,43272.0
2024-08-01,9201.22,9022.03,9212.48,9013.82,32038.0
2024-08-02,8951.35,9018.04,9082.87,8951.35,21928.0
2024-08-05,9037.34,9156.26,9246.24,9018.43,37736.0
2024-08-06,9223.73,9126.37,9234.99,9066.21,27444.0
2024-08-07,9130.88,9187.15,9223.68,9090.36,20622.0
2024-08-08,9161.83,9272.64,9371.07,9150.57,25131.0
2024-08-09,9437.76,9307.02,9488.24,9307.02,30138.0
2024-08-12,9268.76,9303.09,9341.92,9249.51,13632.0
2024-08-13,9285.64,9229.42,9296.89,9167.51,16308.0
2024-08-14,9229.42,9174.77,9240.05,9167.57,13414.0
2024-08-15,9128.23,9251.25,9302.47,9122.15,23039.0
2024-08-16,9250.69,9275.51,9302.07,9195.65,16455.0
2024-08-19,9280.01,9243.09,9431.29,9240.62,20433.0
2024-08-20,9268.19,9227.79,9268.36,9178.71,18591.0
2024-08-21,9212.48,9198.86,9257.39,9188.22,15092.0
2024-08-22,9189.97,9156.48,9212.48,9099.98,19527.0
2024-08-23,9144.94,9184.28,9232.17,9134.36,15320.0
2024-08-26,9195.59,9167.46,9234.2,9117.65,15628.0
2024-08-27,9167.46,9122.83,9173.08,9106.17,13657.0
2024-08-28,9122.83,9038.02,9133.69,8959.23,31664.0
2024-08-29,8987.37,9174.77,9201.22,8987.37,27472.0
2024-08-30,9173.08,9342.99,9426.73,9128.06,38739.0
2024-09-02,9268.76,9071.78,9313.78,9071.78,34135.0
2024-09-03,9088.67,9156.2,9184.23,9060.64,17888.0
2024-09-04,9111.18,9099.92,9207.92,9098.46,14211.0
2024-09-05,9102.74,9127.39,9139.32,9083.04,14503.0
2024-09-06,9128.06,9088.67,9133.69,9088.67,10321.0
2024-09-09,8987.42,8959.23,9064.52,8931.54,28638.0
2024-09-10,8931.2,8976.11,9060.53,8931.2,19803.0
2024-09-11,8962.61,8987.37,9020.46,8902.95,20996.0
2024-09-12,8987.37,8734.46,9015.51,8733.61,47948.0
2024-09-13,8711.61,8560.39,8717.23,8521.95,56005.0
2024-09-18,8537.15,8350.87,8537.2,8349.52,46185.0
2024-09-19,8323.29,8317.66,8497.08,8232.29,59988.0
2024-09-20,8320.48,8334.1,8390.26,8255.93,39982.0
2024-09-23,8357.06,8320.7,8500.57,8315.75,45550.0
2024-09-24,8453.24,8945.72,8947.97,8340.68,100413.0
2024-09-25,9100.2,9094.29,9251.87,9081.41,73954.0
2024-09-26,9099.7,9825.9,9830.8,9077.41,97278.0
2024-09-27,10225.48,10389.81,10389.81,10030.53,87922.0
2024-09-30,10743.23,11058.38,11125.24,10518.12,157293.0
2024-10-08,11970.08,10917.69,11970.08,10676.71,194709.0
2024-10-09,10788.25,10198.18,10788.25,10169.2,120197.0
2024-10-10,10350.75,10450.59,10608.61,10174.83,74603.0
2024-10-11,10312.14,10253.56,10450.36,10169.2,41915.0
2024-10-14,10298.64,10236.67,10341.58,10119.5,44812.0
2024-10-15,10219.85,9968.0,10231.05,9961.03,43571.0
2024-10-16,9892.76,9789.32,9942.96,9718.98,46664.0
2024-10-17,9870.93,9632.31,9874.64,9625.61,39460.0
2024-10-18,9623.3,9893.44,10044.49,9544.29,68619.0
2024-10-21,9894.62,9824.78,9943.92,9782.06,42008.0
2024-10-22,9812.17,9904.69,10001.38,9798.89,36269.0
2024-10-23,9910.94,10042.57,10095.76,9842.79,40088.0
2024-10-24,10005.99,9956.47,10084.78,9916.0,23923.0
2024-10-25,9927.2,9993.89,10083.6,9921.63,27745.0
2024-10-28,10000.37,10028.5,10028.5,9787.8,39121.0
2024-10-29,10000.37,9840.65,10112.92,9831.53,41166.0
2024-10-30,9803.39,9842.79,9950.78,9794.45,32006.0
2024-10-31,9843.63,9819.09,9887.81,9775.25,29957.0
2024-11-01,9780.88,9852.64,9916.68,9779.76,32284.0
2024-11-04,9915.55,9933.96,9944.09,9820.61,29093.0
2024-11-05,9887.81,10095.98,10099.98,9865.35,45640.0
2024-11-06,10084.78,10062.27,10163.51,10007.23,37631.0
2024-11-07,10014.21,10502.02,10526.56,10013.31,74739.0
2024-11-08,10568.15,10281.59,10603.16,10231.16,60771.0
2024-11-11,10169.2,10214.28,10281.47,10040.83,43854.0
2024-11-12,10163.57,10097.16,10354.91,10078.87,49223.0
2024-11-13,10045.39,10104.48,10150.4,10007.57,29125.0
2024-11-14,10056.64,10078.03,10194.24,10032.16,29248.0
2024-11-15,10051.01,9994.74,10134.31,9960.97,33761.0
2024-11-18,10011.62,9994.74,10090.35,9972.23,27092.0
2024-11-19,10028.5,9898.62,10053.1,9803.39,33266.0
2024-11-20,9904.69,9914.88,9966.43,9838.85,21345.0
2024-11-21,9909.59,9916.68,9938.4,9842.79,18262.0
2024-11-22,9894.28,9706.71,9931.54,9706.71,33436.0
2024-11-25,9724.6,9654.65,9842.79,9643.96,33186.0
2024-11-26,9654.65,9713.35,9768.95,9600.12,25745.0
2024-11-27,9713.35,9769.91,9787.35,9690.84,25934.0
2024-11-28,9786.51,9764.0,9803.34,9673.96,23952.0
2024-11-29,9758.37,9807.56,9972.23,9737.04,36088.0
2024-12-02,9809.02,9803.39,9831.48,9747.68,26820.0
2024-12-03,9797.77,9813.19,9825.34,9753.19,24807.0
2024-12-04,9775.65,9775.25,9795.85,9718.98,23924.0
2024-12-05,9723.82,9724.6,9763.21,9718.98,16141.0
2024-12-06,9735.86,9780.94,9881.62,9708.12,32040.0
2024-12-09,9786.62,9768.5,9829.96,9736.99,19800.0
2024-12-10,10056.64,9924.9,10111.4,9916.96,60312.0
2024-12-11,9887.81,9863.05,9972.23,9837.05,29671.0
2024-12-12,9842.9,10033.01,10034.13,9825.9,41937.0
2024-12-13,9944.14,9769.63,9972.17,9768.95,49512.0
2024-12-16,9780.88,9815.77,9825.9,9722.97,32537.0
2024-12-17,9808.96,9989.11,10051.01,9780.94,54172.0
2024-12-18,9988.94,10065.08,10096.04,9927.77,41162.0
2024-12-19,10029.29,9949.77,10044.99,9945.94,24809.0
2024-12-20,9972.29,9920.91,10032.34,9909.77,28158.0
2024-12-23,9926.54,9945.96,10010.96,9892.77,21603.0
2024-12-24,9937.8,10015.57,10044.72,9918.6,22105.0
2024-12-25,10015.46,9965.93,10015.46,9943.99,17123.0
2024-12-26,9988.45,9953.5,10015.35,9926.54,18287.0
2024-12-27,9959.74,9960.14,9999.7,9906.84,20759.0
2024-12-30,9988.28,9937.8,10044.5,9937.8,25130.0
2024-12-31,9940.05,9932.17,10050.35,9920.97,39354.0
2025-01-02,9932.17,9729.57,9934.93,9684.55,50029.0
2025-01-03,9766.15,9656.41,9768.91,9611.44,32628.0
2025-01-06,9532.6,9459.44,9586.96,9418.92,44255.0
2025-01-07,9485.66,9460.56,9526.35,9453.81,24221.0
2025-01-08,9459.44,9473.5,9525.96,9384.36,35258.0
2025-01-09,9510.03,9481.95,9597.77,9419.93,29706.0
2025-01-10,9499.39,9436.92,9526.69,9436.92,21872.0
2025-01-13,9375.02,9481.83,9484.42,9358.19,21083.0
2025-01-14,9487.29,9642.34,9677.12,9470.69,30957.0
2025-01-15,9611.38,9635.42,9654.16,9572.05,18399.0
2025-01-16,9650.78,9495.34,9699.52,9470.69,26342.0
2025-01-17,9495.4,9542.45,9577.62,9495.34,18309.0
2025-01-20,9577.62,9655.28,9739.64,9571.99,31410.0
2025-01-21,9690.17,9617.86,9695.8,9600.13,16856.0
2025-01-22,9590.39,9465.06,9616.73,9448.18,28294.0
2025-01-23,9515.54,9476.32,9617.01,9448.18,27125.0
2025-01-24,9470.69,9436.92,9503.28,9404.9,31360.0
2025-01-27,9442.55,9431.24,9481.78,9386.39,29356.0
2025-02-05,9459.44,9255.71,9476.32,9246.76,40757.0
2025-02-06,9234.38,9306.59,9358.08,9234.38,27356.0
2025-02-07,9311.31,9436.92,9474.52,9253.52,37242.0
2025-02-10,9448.18,9411.66,9459.44,9386.78,20840.0
2025-02-11,9431.02,9335.62,9436.7,9323.81,23573.0
2025-02-12,9335.62,9476.32,9487.57,9329.32,25476.0
2025-02-13,9476.43,9600.47,9657.81,9428.54,43385.0
2025-02-14,9600.47,9656.41,9667.66,9561.97,27100.0
2025-02-17,9690.17,9637.39,9768.85,9611.95,32471.0
2025-02-18,9628.27,9656.41,9757.65,9583.7,27800.0
2025-02-19,9656.69,9746.45,9765.81,9599.57,32393.0
2025-02-20,9701.43,9650.78,9751.91,9647.35,23750.0
2025-02-21,9684.55,9730.75,9778.7,9645.21,36418.0
2025-02-24,9729.57,9679.31,9794.4,9650.78,34744.0
2025-02-25,9628.32,9538.22,9647.35,9526.97,28387.0
2025-02-26,9546.38,9572.05,9599.9,9487.57,26366.0
2025-02-27,9572.1,9715.84,9740.26,9538.22,49762.0
2025-02-28,9715.5,9801.55,9956.82,9695.8,56129.0
2025-03-03,9811.73,9724.05,9915.23,9692.99,31596.0
2025-03-04,9712.68,9628.89,9718.31,9601.31,25211.0
2025-03-05,9639.52,9607.84,9650.78,9572.55,24605.0
2025-03-06,9650.78,9830.76,9854.5,9639.97,42168.0
2025-03-07,9813.98,9915.28,9956.71,9813.98,37991.0
2025-03-10,9908.59,9925.98,9948.38,9831.66,31369.0
2025-03-11,9892.77,10071.06,10071.06,9864.63,39776.0
2025-03-12,10061.38,10036.73,10076.69,9945.39,29604.0
2025-03-13,10044.72,10009.66,10109.44,9970.89,25724.0
2025-03-14,10065.32,10517.51,10517.51,10027.84,92913.0
2025-03-17,10680.66,10572.95,10686.23,10511.15,54689.0
2025-03-18,10613.35,10494.94,10652.52,10482.0,31613.0
2025-03-19,10496.58,10560.85,10630.01,10489.32,27390.0
2025-03-20,10560.85,10382.39,10571.48,10332.13,36737.0
2025-03-21,10354.25,10212.15,10428.54,10184.46,33614.0
2025-03-24,10191.04,10264.21,10301.69,10148.16,25566.0
2025-03-25,10292.34,10222.0,10319.36,10172.25,17674.0
2025-03-26,10206.63,10224.81,10261.84,10196.67,14324.0
2025-03-27,10224.81,10297.97,10350.03,10210.07,17956.0
2025-03-28,10308.83,10276.64,10320.48,10224.81,16228.0
2025-03-31,10252.84,10140.4,10286.49,10135.11,21085.0
2025-04-01,10157.28,10112.37,10190.43,10090.93,18556.0
2025-04-02,10123.51,10072.97,10178.66,10053.17,21674.0
2025-04-03,9965.93,10184.74,10281.09,9960.36,35481.0
2025-04-07,9909.71,9797.1,10004.48,9583.25,101953.0
2025-04-08,9870.26,10050.35,10050.35,9768.96,73876.0
2025-04-09,9937.91,10028.06,10116.76,9912.75,55630.0
2025-04-10,10084.06,10072.86,10106.63,9954.68,38620.0
2025-04-11,10247.15,10185.3,10247.15,10050.35,32634.0
2025-04-14,10140.23,10089.69,10168.53,10087.1,21711.0
2025-04-15,10089.75,10123.51,10162.91,10050.35,21489.0
2025-04-16,10089.75,10130.1,10224.81,10005.33,31156.0
2025-04-17,10101.0,10191.04,10227.63,10078.43,23846.0
2025-04-18,10168.53,10168.2,10219.18,10112.26,20298.0
2025-04-21,10165.72,10084.12,10165.72,10084.12,18057.0
2025-04-22,10078.49,10071.74,10113.94,10040.28,18432.0
2025-04-23,10129.14,10089.75,10130.38,10050.35,18669.0
2025-04-24,10089.75,10091.15,10138.59,10072.75,14872.0
2025-04-25,10118.45,10078.49,10141.52,10078.49,14765.0
2025-04-28,10089.75,10078.49,10106.63,10059.36,14660.0
2025-04-29,10078.49,10044.72,10092.78,9977.3,18922.0
2025-04-30,10078.43,10061.61,10172.25,10057.67,25754.0
2025-05-06,10129.14,10079.62,10129.14,10046.58,18300.0
2025-05-07,10191.04,10106.63,10191.04,10079.62,27462.0
2025-05-08,10095.37,10237.14,10319.25,10077.53,33481.0
2025-05-09,10241.64,10310.24,10345.53,10219.46,23672.0
2025-05-12,10348.62,10385.2,10466.41,10340.8,24735.0
2025-05-13,10410.08,10305.29,10410.08,10276.08,21258.0
2025-05-14,10303.6,10556.79,10613.13,10293.36,39460.0
2025-05-15,10555.72,10540.02,10605.19,10495.68,24733.0
2025-05-16,10551.17,10439.4,10568.05,10439.4,22935.0
2025-05-19,10337.37,10241.58,10359.88,10212.88,38063.0
2025-05-20,10247.32,10281.09,10330.61,10219.75,19522.0
2025-05-21,10275.46,10252.78,10337.03,10252.78,19795.0
2025-05-22,10252.89,10247.32,10275.41,10191.61,15090.0
2025-05-23,10220.31,10205.68,10291.78,10200.39,21537.0
2025-05-26,10191.04,10081.3,10217.1,10050.35,27087.0
2025-05-27,10084.12,10044.16,10126.89,10041.97,17752.0
2025-05-28,10044.67,10005.33,10058.57,9982.82,16266.0
2025-05-29,10022.21,10022.21,10106.63,9977.19,21860.0
2025-05-30,10023.06,9920.91,10050.35,9882.87,31239.0
2025-06-03,9842.18,9847.75,9904.03,9825.35,28979.0
2025-06-04,9856.19,9853.15,9926.54,9848.99,23008.0
2025-06-05,9875.89,9875.89,9887.15,9809.48,23214.0
2025-06-06,9874.76,9833.06,9903.86,9813.98,25023.0
2025-06-09,9825.35,9718.93,9846.06,9716.51,44959.0
2025-06-10,9718.31,9656.46,9752.08,9655.28,30492.0
2025-06-11,9666.54,9684.55,9763.34,9662.6,30893.0
2025-06-12,9684.55,9566.36,9706.33,9538.79,49904.0
2025-06-13,9484.25,9385.99,9515.54,9375.36,59113.0
2025-06-16,9241.08,9359.77,9375.24,9240.97,42888.0
2025-06-17,9346.88,9386.27,9386.27,9302.87,27232.0
2025-06-18,9459.44,9375.02,9478.79,9352.56,30761.0
2025-06-19,9380.65,9380.65,9423.81,9331.01,24501.0
2025-06-20,9367.03,9395.62,9465.85,9348.01,34816.0
2025-06-23,9346.88,9346.88,9420.04,9263.48,26723.0
2025-06-24,9365.73,9443.68,9525.17,9365.73,36312.0
2025-06-25,9454.43,9436.14,9511.21,9349.75,41050.0
2025-06-26,9474.07,9502.21,9547.23,9446.38,34860.0
2025-06-27,9502.26,9407.04,9519.09,9407.04,38250.0
2025-06-30,9409.35,9443.23,9464.11,9400.91,30457.0
2025-07-01,9440.3,9418.35,9456.85,9408.28,19878.0
2025-07-02,9443.12,9443.68,9472.94,9389.65,26218.0
2025-07-03,9457.18,9477.44,9517.34,9434.67,24413.0
2025-07-04,9478.01,9514.7,9569.12,9445.99,28767.0
2025-07-07,9515.04,9449.87,9521.9,9445.99,23855.0
2025-07-08,9449.92,9480.31,9502.21,9449.87,18674.0
2025-07-09,9474.07,9495.9,9558.32,9469.4,27745.0
2025-07-10,9496.41,9538.79,9593.26,9448.18,38725.0
2025-07-11,9519.99,9541.6,9716.06,9519.99,57243.0
2025-07-14,9558.48,9522.47,9586.51,9511.21,27781.0
2025-07-15,9507.72,9451.56,9518.7,9436.47,35406.0
2025-07-16,9445.99,9451.73,9488.08,9445.65,21286.0
2025-07-17,9468.33,9481.67,9519.15,9462.14,23106.0
2025-07-18,9502.21,9597.88,9602.44,9481.83,41823.0
2025-07-21,9597.82,9631.64,9653.03,9586.62,26203.0
2025-07-22,9637.27,9755.34,9764.46,9618.59,42119.0
2025-07-23,9777.97,9814.55,9924.29,9777.69,45045.0
2025-07-24,9817.36,9904.59,9946.8,9811.73,38804.0
2025-07-25,9904.03,9699.18,9904.03,9687.92,41911.0
2025-07-28,9687.92,9607.22,9699.12,9593.94,38586.0
2025-07-29,9612.51,9609.13,9664.23,9586.68,26304.0
2025-07-30,9637.27,9667.89,9711.33,9597.88,31868.0
2025-07-31,9631.64,9511.6,9642.17,9490.95,51798.0
2025-08-01,9512.73,9485.32,9535.75,9468.44,29636.0
2025-08-04,9474.07,9496.58,9501.08,9468.44,18688.0
2025-08-05,9507.83,9545.77,9558.15,9485.94,25342.0
2025-08-06,9552.86,9524.04,9552.86,9498.27,23699.0
2025-08-07,9524.04,9515.43,9545.54,9502.54,28001.0
2025-08-08,9519.37,9507.67,9538.79,9490.95,18655.0
2025-08-11,9521.9,9642.9,9682.24,9519.09,47159.0
2025-08-12,9665.41,9598.1,9755.85,9592.25,42019.0
2025-08-13,9530.35,9502.49,9579.19,9502.21,65528.0
2025-08-14,9507.5,9541.54,9657.03,9507.5,48129.0
2025-08-15,9536.03,9513.91,9550.94,9503.44,47582.0
2025-08-18,9541.54,9550.04,9595.85,9519.65,47378.0
2025-08-19,9578.18,9603.51,9652.24,9569.74,46372.0
2025-08-20,9603.51,9671.04,9686.8,9558.6,45805.0
2025-08-21,9690.46,9661.19,9699.12,9635.3,30891.0
2025-08-22,9664.74,9749.55,9749.83,9641.61,44971.0
2025-08-25,9783.65,9898.01,9929.92,9761.08,65325.0
2025-08-26,9897.95,9848.93,9919.96,9839.93,39602.0
2025-08-27,9850.45,9659.78,9867.62,9659.78,56006.0
2025-08-28,9659.62,9649.09,9705.37,9607.84,39282.0
2025-08-29,9687.92,9839.87,9854.39,9682.29,62256.0
2025-09-01,9852.25,9817.92,9884.89,9759.4,45123.0
2025-09-02,9832.33,9903.47,10003.08,9828.62,56688.0
2025-09-03,9901.78,9842.97,9972.13,9761.08,45045.0
2025-09-04,9794.85,9798.56,9835.93,9729.96,47747.0
2025-09-05,9789.22,9856.76,9879.1,9749.83,37388.0
2025-09-08,9856.76,9959.35,9988.67,9825.8,51383.0
2025-09-09,9980.57,9980.57,10008.42,9915.4,35743.0
2025-09-10,9989.91,10076.29,10120.98,9929.92,49663.0
2025-09-11,10076.29,10084.68,10098.86,10000.26,37239.0
2025-09-12,10098.75,10042.47,10166.4,10011.69,33722.0
2025-09-15,10041.74,10037.41,10050.8,9960.87,25827.0
2025-09-16,10037.41,9952.32,10070.55,9931.1,32718.0
2025-09-17,9952.37,9913.03,10010.28,9896.21,30331.0
2025-09-18,9907.41,9772.11,9940.05,9747.01,49721.0
2025-09-19,9772.28,9772.17,9814.55,9710.49,32637.0
2025-09-22,9755.96,9689.89,9772.17,9671.1,34947.0
2025-09-23,9673.85,9656.52,9713.25,9614.76,38663.0
2025-09-24,9581.39,9626.02,9709.2,9581.39,30744.0
2025-09-25,9630.69,9609.13,9644.08,9592.25,33870.0
2025-09-26,9621.4,9586.62,9654.78,9547.29,45121.0
2025-09-29,9611.27,9732.16,9783.54,9586.62,53684.0
2025-09-30,9727.32,9637.22,9731.59,9614.76,39364.0
2025-10-09,9592.25,9596.64,9611.27,9502.21,54918.0
2025-10-10,9601.25,9558.48,9614.42,9544.42,36001.0
2025-10-13,9478.01,9497.7,9518.25,9474.74,46069.0
2025-10-14,9558.43,9676.78,9749.83,9558.43,66672.0
2025-10-15,9676.55,9738.57,9744.2,9643.35,42785.0
2025-10-16,9738.12,9867.5,9867.73,9721.01,45730.0
2025-10-17,9857.32,9699.18,9884.89,9693.72,38086.0
2025-10-20,9699.18,9715.67,9780.78,9698.5,25950.0
2025-10-21,9721.69,9740.04,9783.26,9701.99,25443.0
2025-10-22,9739.02,9720.0,9759.56,9704.81,18195.0
2025-10-23,9699.18,9772.23,9776.84,9655.28,29322.0
2025-10-24,9772.06,9671.04,9833.57,9667.33,38226.0
2025-10-27,9614.76,9617.07,9685.05,9592.19,37102.0
2025-10-28,9626.02,9642.9,9677.79,9620.95,27124.0
2025-10-29,9614.87,9569.18,9651.62,9558.71,33937.0
2025-10-30,9512.39,9540.14,9595.8,9512.39,47456.0
2025-10-31,9513.46,9558.54,9592.14,9502.83,35694.0
2025-11-03,9564.11,9586.62,9659.78,9502.77,34548.0
2025-11-04,9587.19,9552.86,9591.01,9523.48,26566.0
2025-11-05,9535.35,9502.66,9564.06,9502.26,34475.0
2025-11-06,9558.48,9587.35,9622.92,9558.43,38348.0
2025-11-07,9587.24,9577.22,9613.52,9564.73,18861.0
2025-11-10,9586.62,9740.26,9748.08,9586.51,49452.0
2025-11-11,9738.57,9721.63,9739.59,9654.16,26692.0
2025-11-12,9727.2,9756.3,9830.64,9722.87,32992.0
2025-11-13,9739.25,9785.73,9803.74,9716.06,31179.0
2025-11-14,9783.59,9708.18,9833.96,9706.49,27473.0
2025-11-17,9693.55,9789.22,9800.48,9647.35,34462.0
2025-11-18,9787.53,9817.36,9874.03,9777.97,34205.0
2025-11-19,9806.11,9789.28,9837.23,9783.37,22045.0
2025-11-20,9794.85,9767.33,9839.31,9755.63,24002.0
2025-11-21,9786.41,9764.46,9839.87,9704.81,42607.0
2025-11-24,9766.71,9682.29,9789.22,9677.4,33607.0
2025-11-25,9716.06,9640.93,9716.06,9640.09,28441.0
2025-11-26,9664.74,9666.26,9690.68,9634.91,20306.0
2025-11-27,9668.23,9655.84,9671.04,9609.36,22287.0
2025-11-28,9651.34,9673.85,9701.99,9631.64,23211.0
2025-12-01,9676.67,9659.78,9740.09,9626.02,27333.0
2025-12-02,9659.78,9592.42,9681.84,9586.74,25047.0
2025-12-03,9591.18,9553.42,9592.08,9547.23,23573.0
2025-12-04,9553.42,9524.6,9572.55,9493.09,29075.0
2025-12-05,9524.6,9558.54,9575.87,9499.39,25402.0
2025-12-08,9553.98,9492.19,9596.02,9490.95,33603.0
2025-12-09,9492.25,9395.34,9507.83,9389.93,42634.0
2025-12-10,9389.65,9405.41,9405.41,9294.99,33133.0
2025-12-11,9427.13,9457.13,9457.13,9398.37,22385.0
2025-12-12,9490.95,9505.86,9530.35,9466.02,37159.0
2025-12-15,9612.45,9535.97,9614.71,9533.55,33359.0
2025-12-16,9537.1,9513.46,9551.62,9474.07,23964.0
2025-12-17,9530.35,9575.93,9614.42,9489.15,31382.0
2025-12-18,9578.18,9564.11,9608.46,9536.59,17830.0
2025-12-19,9580.75,9580.75,9594.54,9530.16,26509.0
2025-12-22,9580.75,9570.96,9604.05,9561.51,20426.0
2025-12-23,9570.96,9568.71,9597.24,9508.66,24507.0
2025-12-24,9552.56,9529.54,9560.27,9524.48,25187.0
2025-12-25,9552.61,9604.22,9634.1,9532.24,23386.0
2025-12-26,9604.22,9604.0,9632.19,9580.75,17803.0
2025-12-29,9604.0,9535.73,9604.0,9530.1,26308.0
2025-12-30,9530.1,9466.62,9535.17,9445.69,33792.0
2025-12-31,9468.2,9396.05,9490.71,9395.99,34766.0
